,Unnamed: 0,Session_ID,User_ID,Visit_date,Device_Type,Browser,Operating_System,Traffic_Source,Country,City,Landing_Page,Exit_Page,Bounce,New_or_Returning,Conversation,Pages_Visited,Session_Duration,Page_Views,Clicks,Revenue
0,0,ses0001,usd0001,2025-12-16,Mobile,Opera,MacOS,Direct,Canada,London,About us,Home,No,Returning Visitor,Yes,14,42,21,4,9891
1,1,ses0002,usd0002,2025-12-25,Mobile,Firefox,Android,Direct,US,London,About us,Home,Yes,Returning Visitor,No,39,33,7,34,9024
2,2,ses0003,usd0003,2025-09-08,Mobile,Opera,MacOS,Organic search,Australia,Bangalore,Blog,Home,Yes,Returning Visitor,No,83,58,10,22,6277
3,3,ses0004,usd0004,2025-03-18,Tablet,Chrome,Linux,Referral,Singapore,Sydney,Login,Contact,No,New Visitor,No,46,16,21,8,4789
4,4,ses0005,usd0005,2025-01-03,Desktop,Firefox,Linux,Email marketing,Australia,Sydney,About us,Services,Yes,New Visitor,Yes,53,5,18,13,9960
5,5,ses0006,usd0006,2025-12-08,Desktop,Edge,MacOS,Email marketing,US,Delhi,Products,Home,No,Returning Visitor,No,41,19,12,29,2774
6,6,ses0007,usd0007,2025-05-30,Mobile,Firefox,Android,Social media,India,Bangalore,Products,Services,No,New Visitor,No,96,52,19,13,5149
7,7,ses0008,usd0008,2025-02-04,Mobile,Firefox,MacOS,Referral,Australia,Delhi,Pricing,Products,No,New Visitor,No,53,33,14,44,1416
8,8,ses0009,usd0009,2025-07-24,Mobile,Safari,MacOS,Direct,Australia,Singapore,Home,Pricing,Yes,Returning Visitor,No,79,24,24,7,8075
9,9,ses0010,usd0010,2025-10-21,Tablet,Edge,Linux,Organic search,Australia,London,Services,Products,No,New Visitor,Yes,47,58,15,2,3703
10,10,ses0011,usd0011,2025-04-27,Tablet,Edge,Android,Organic search,US,New York,Pricing,Services,No,Returning Visitor,Yes,58,22,2,17,4689
11,11,ses0012,usd0012,2025-10-20,Desktop,Opera,Windows,Direct,Australia,Mumbai,About us,Contact,Yes,New Visitor,No,45,14,1,27,2070
12,12,ses0013,usd0013,2025-11-30,Mobile,Opera,MacOS,Paid search,India,Sydney,Blog,Pricing,Yes,Returning Visitor,No,72,52,7,48,6397
13,13,ses0014,usd0014,2025-09-27,Tablet,Opera,MacOS,Referral,UK,Delhi,Home,Contact,No,Returning Visitor,No,86,6,15,13,9266
14,14,ses0015,usd0015,2025-01-13,Mobile,Safari,MacOS,Referral,US,Hyderabad,Contact,Home,Yes,Returning Visitor,No,50,19,4,24,1028
15,15,ses0016,usd0016,2025-03-13,Desktop,Chrome,Android,Paid search,Australia,London,Contact,Products,Yes,Returning Visitor,Yes,53,39,8,42,8441
16,16,ses0017,usd0017,2025-06-13,Desktop,Safari,Android,Referral,UK,Mumbai,Home,Contact,Yes,Returning Visitor,No,53,56,9,38,8913
17,17,ses0018,usd0018,2025-01-22,Mobile,Opera,Linux,Organic search,UK,London,Contact,Home,No,New Visitor,No,23,28,23,43,8618
18,18,ses0019,usd0019,2025-03-03,Tablet,Opera,Android,Email marketing,UK,Singapore,Contact,Services,No,Returning Visitor,No,21,56,15,29,2571
19,19,ses0020,usd0020,2025-02-13,Desktop,Edge,Windows,Direct,Canada,New York,Contact,Contact,Yes,Returning Visitor,Yes,16,16,20,45,9074
20,20,ses0021,usd0021,2025-09-11,Tablet,Safari,Linux,Paid search,Australia,Bangalore,Products,Services,Yes,New Visitor,No,80,36,4,26,8953
21,21,ses0022,usd0022,2025-05-21,Desktop,Chrome,iOS,Referral,Canada,Sydney,Blog,Pricing,Yes,Returning Visitor,Yes,80,51,24,46,7945
22,22,ses0023,usd0023,2025-01-15,Mobile,Safari,Windows,Email marketing,Canada,Delhi,Pricing,Products,No,New Visitor,Yes,87,21,10,19,6623
23,23,ses0024,usd0024,2025-09-07,Tablet,Chrome,Windows,Direct,UK,Hyderabad,Products,Contact,No,New Visitor,No,10,22,9,22,226
24,24,ses0025,usd0025,2025-01-30,Tablet,Chrome,Android,Direct,US,London,Services,Home,No,Returning Visitor,No,56,19,19,20,7894
25,25,ses0026,usd0026,2025-09-01,Mobile,Safari,Windows,Direct,UK,Hyderabad,Services,Contact,Yes,Returning Visitor,No,29,43,16,16,9124
26,26,ses0027,usd0027,2025-03-09,Mobile,Safari,iOS,Organic search,Singapore,Mumbai,Blog,Contact,No,Returning Visitor,Yes,56,30,11,37,6957
27,27,ses0028,usd0028,2025-04-24,Desktop,Chrome,iOS,Email marketing,Singapore,London,Pricing,Products,No,New Visitor,No,69,56,10,26,1782
28,28,ses0029,usd0029,2025-06-18,Mobile,Firefox,MacOS,Referral,India,Singapore,Home,Home,No,Returning Visitor,Yes,30,23,8,1,774
29,29,ses0030,usd0030,2025-08-16,Mobile,Firefox,Windows,Email marketing,UK,London,Home,Pricing,Yes,New Visitor,No,46,58,23,17,8455
30,30,ses0031,usd0031,2025-06-18,Desktop,Safari,MacOS,Email marketing,US,Bangalore,Login,Home,Yes,New Visitor,Yes,18,12,11,8,6741
31,31,ses0032,usd0032,2025-04-10,Desktop,Opera,Linux,Email marketing,Germany,Chennai,About us,Blog,Yes,Returning Visitor,No,97,30,7,42,5616
32,32,ses0033,usd0033,2025-11-01,Tablet,Edge,Linux,Paid search,India,London,Products,Contact,Yes,Returning Visitor,No,36,11,9,5,849
33,33,ses0034,usd0034,2025-05-22,Desktop,Opera,Linux,Paid search,UK,London,About us,Contact,No,Returning Visitor,No,23,12,3,47,8344
34,34,ses0035,usd0035,2025-08-13,Mobile,Chrome,MacOS,Social media,UK,New York,Home,Contact,Yes,Returning Visitor,Yes,38,37,19,29,6040
35,35,ses0036,usd0036,2025-11-15,Mobile,Safari,iOS,Direct,Australia,Delhi,Services,Contact,No,New Visitor,No,42,34,10,1,5648
36,36,ses0037,usd0037,2025-08-27,Desktop,Opera,Linux,Social media,India,New York,Home,Contact,No,New Visitor,Yes,96,54,5,19,1313
37,37,ses0038,usd0038,2025-12-19,Tablet,Chrome,iOS,Email marketing,Germany,Mumbai,Products,Products,Yes,Returning Visitor,Yes,14,4,14,38,2407
38,38,ses0039,usd0039,2025-01-11,Desktop,Edge,MacOS,Referral,Canada,London,Home,Contact,No,Returning Visitor,No,28,20,9,31,2984
39,39,ses0040,usd0040,2025-11-01,Mobile,Chrome,iOS,Email marketing,Germany,Mumbai,Pricing,Products,No,New Visitor,Yes,71,10,21,16,2759
40,40,ses0041,usd0041,2025-09-01,Desktop,Safari,Android,Referral,Germany,New York,Contact,Services,No,New Visitor,No,92,1,8,11,188
41,41,ses0042,usd0042,2025-12-28,Mobile,Firefox,Android,Referral,Australia,Delhi,Home,Contact,No,Returning Visitor,No,46,41,2,26,6004
42,42,ses0043,usd0043,2025-03-10,Desktop,Opera,MacOS,Email marketing,Australia,Bangalore,About us,Home,No,Returning Visitor,Yes,27,44,5,32,9574
43,43,ses0044,usd0044,2025-02-03,Desktop,Chrome,Linux,Direct,Australia,Bangalore,Pricing,Contact,Yes,Returning Visitor,No,74,11,10,43,1736
44,44,ses0045,usd0045,2025-10-19,Tablet,Firefox,MacOS,Organic search,US,Singapore,Pricing,Pricing,No,New Visitor,Yes,86,15,22,45,8340
45,45,ses0046,usd0046,2025-03-20,Mobile,Firefox,Android,Referral,Australia,Sydney,Login,Services,Yes,Returning Visitor,Yes,46,52,2,18,6431
46,46,ses0047,usd0047,2025-05-22,Tablet,Firefox,Windows,Email marketing,UK,Chennai,About us,Pricing,Yes,New Visitor,No,2,11,23,1,4366
47,47,ses0048,usd0048,2025-12-20,Tablet,Opera,Windows,Direct,India,Sydney,Blog,Contact,No,Returning Visitor,No,21,47,10,24,6219
48,48,ses0049,usd0049,2025-10-01,Mobile,Edge,iOS,Referral,Germany,New York,Home,Pricing,No,Returning Visitor,Yes,48,4,24,18,9632
49,49,ses0050,usd0050,2025-06-03,Desktop,Chrome,Android,Social media,Singapore,Singapore,About us,Home,Yes,Returning Visitor,Yes,41,31,17,48,527
50,50,ses0051,usd0051,2025-02-03,Mobile,Safari,Android,Direct,India,Sydney,Blog,Pricing,Yes,New Visitor,Yes,4,46,19,33,2785
51,51,ses0052,usd0052,2025-05-31,Mobile,Edge,Windows,Organic search,India,Delhi,About us,Contact,No,New Visitor,No,61,20,22,21,9915
52,52,ses0053,usd0053,2025-06-25,Desktop,Safari,Android,Email marketing,India,Singapore,About us,Home,No,New Visitor,No,89,6,3,39,7394
53,53,ses0054,usd0054,2025-02-23,Desktop,Opera,Android,Paid search,Australia,Singapore,Blog,Products,Yes,New Visitor,Yes,34,40,15,44,9743
54,54,ses0055,usd0055,2025-04-29,Mobile,Chrome,Android,Referral,UK,London,Home,Home,No,New Visitor,No,97,56,19,27,9995
55,55,ses0056,usd0056,2025-01-09,Tablet,Chrome,iOS,Email marketing,India,Bangalore,Services,Pricing,Yes,Returning Visitor,No,82,37,11,17,8170
56,56,ses0057,usd0057,2025-10-17,Tablet,Edge,iOS,Email marketing,Australia,Chennai,Contact,Blog,Yes,Returning Visitor,Yes,11,48,15,2,3035
57,57,ses0058,usd0058,2025-04-02,Tablet,Chrome,MacOS,Social media,UK,Bangalore,Pricing,Products,No,New Visitor,No,59,57,16,45,5007
58,58,ses0059,usd0059,2025-12-13,Mobile,Safari,Android,Direct,Germany,Mumbai,Blog,Blog,No,Returning Visitor,Yes,54,19,9,8,9721
59,59,ses0060,usd0060,2025-01-14,Tablet,Firefox,Linux,Direct,Canada,Chennai,Contact,Blog,No,New Visitor,Yes,52,30,23,35,3442
60,60,ses0061,usd0061,2025-12-10,Desktop,Opera,MacOS,Social media,Australia,London,Pricing,Pricing,Yes,New Visitor,Yes,89,52,21,11,6904
61,61,ses0062,usd0062,2025-06-28,Desktop,Edge,Linux,Referral,Canada,Chennai,Blog,Blog,Yes,New Visitor,No,31,53,17,29,5146
62,62,ses0063,usd0063,2025-10-11,Tablet,Edge,Android,Organic search,Singapore,London,Pricing,Pricing,Yes,Returning Visitor,Yes,39,50,5,39,9253
63,63,ses0064,usd0064,2025-02-22,Desktop,Opera,iOS,Organic search,Australia,Mumbai,Pricing,Contact,Yes,Returning Visitor,Yes,95,28,23,24,1278
64,64,ses0065,usd0065,2025-05-18,Mobile,Edge,MacOS,Referral,Canada,Chennai,Services,Contact,No,Returning Visitor,No,68,17,22,43,8781
65,65,ses0066,usd0066,2025-02-18,Mobile,Firefox,Linux,Social media,Australia,Sydney,Pricing,Pricing,No,Returning Visitor,No,59,55,6,46,2119
66,66,ses0067,usd0067,2025-09-19,Tablet,Firefox,Linux,Referral,India,Hyderabad,Home,Products,No,New Visitor,No,9,42,14,37,6093
67,67,ses0068,usd0068,2025-10-17,Desktop,Opera,iOS,Email marketing,Australia,Singapore,Blog,Pricing,No,New Visitor,Yes,46,43,24,22,356
68,68,ses0069,usd0069,2025-05-13,Tablet,Opera,MacOS,Social media,Canada,Mumbai,Products,Contact,No,New Visitor,Yes,81,14,16,2,1740
69,69,ses0070,usd0070,2025-01-17,Tablet,Firefox,Android,Direct,India,Sydney,Products,Home,No,New Visitor,No,85,19,8,6,5246
70,70,ses0071,usd0071,2025-06-30,Tablet,Firefox,Android,Social media,Australia,New York,Login,Home,Yes,Returning Visitor,No,89,9,10,26,4410
71,71,ses0072,usd0072,2025-06-02,Mobile,Firefox,MacOS,Referral,India,Chennai,Pricing,Home,No,New Visitor,Yes,62,25,18,38,9701
72,72,ses0073,usd0073,2025-09-26,Tablet,Edge,Android,Direct,US,Bangalore,Services,Home,No,Returning Visitor,No,12,11,12,30,2694
73,73,ses0074,usd0074,2025-12-10,Mobile,Edge,Android,Direct,UK,Delhi,About us,Pricing,No,New Visitor,No,47,2,24,13,7235
74,74,ses0075,usd0075,2025-01-19,Mobile,Safari,MacOS,Email marketing,Canada,Chennai,About us,Services,No,Returning Visitor,Yes,20,17,1,1,733
75,75,ses0076,usd0076,2025-06-24,Tablet,Firefox,MacOS,Social media,US,Hyderabad,Products,Contact,Yes,New Visitor,Yes,27,16,6,32,2843
76,76,ses0077,usd0077,2025-04-01,Desktop,Edge,MacOS,Direct,Canada,Hyderabad,Products,Services,No,Returning Visitor,No,65,29,23,24,4105
77,77,ses0078,usd0078,2025-06-17,Desktop,Chrome,Linux,Paid search,Germany,Bangalore,Blog,Home,Yes,Returning Visitor,No,55,38,4,47,5229
78,78,ses0079,usd0079,2025-08-01,Mobile,Firefox,MacOS,Social media,India,London,Login,Home,Yes,Returning Visitor,Yes,87,31,7,30,9388
79,79,ses0080,usd0080,2025-05-05,Tablet,Opera,Linux,Social media,Germany,Mumbai,Home,Contact,Yes,New Visitor,Yes,23,15,14,11,3509
80,80,ses0081,usd0081,2025-08-17,Mobile,Opera,Linux,Email marketing,Canada,London,Blog,Contact,Yes,Returning Visitor,Yes,26,54,2,46,862
81,81,ses0082,usd0082,2025-09-27,Tablet,Chrome,Linux,Email marketing,India,Hyderabad,Login,Contact,No,Returning Visitor,Yes,81,58,3,13,3088
82,82,ses0083,usd0083,2025-08-12,Desktop,Opera,iOS,Referral,Germany,Hyderabad,Login,Contact,No,Returning Visitor,Yes,6,21,8,32,3312
83,83,ses0084,usd0084,2025-06-12,Mobile,Safari,Linux,Email marketing,US,New York,Login,Products,Yes,New Visitor,Yes,57,57,14,19,1823
84,84,ses0085,usd0085,2025-07-10,Tablet,Firefox,MacOS,Referral,India,London,Pricing,Blog,No,Returning Visitor,No,14,22,3,15,4857
85,85,ses0086,usd0086,2025-12-19,Desktop,Safari,Android,Organic search,India,Sydney,Home,Home,No,Returning Visitor,No,40,4,2,3,9994
86,86,ses0087,usd0087,2025-11-09,Desktop,Edge,Android,Email marketing,UK,New York,Pricing,Contact,No,Returning Visitor,Yes,78,10,17,42,599
87,87,ses0088,usd0088,2025-02-03,Mobile,Safari,MacOS,Email marketing,US,Singapore,Pricing,Pricing,No,New Visitor,No,18,33,13,11,2329
88,88,ses0089,usd0089,2025-08-05,Tablet,Opera,Linux,Direct,Germany,Singapore,Contact,Contact,Yes,New Visitor,No,11,45,5,31,8208
89,89,ses0090,usd0090,2025-05-29,Mobile,Chrome,Linux,Referral,Singapore,Chennai,About us,Home,No,Returning Visitor,No,6,49,15,28,9730
90,90,ses0091,usd0091,2025-05-06,Mobile,Edge,MacOS,Referral,Singapore,Hyderabad,About us,Home,No,Returning Visitor,Yes,59,44,21,3,3898
91,91,ses0092,usd0092,2025-01-29,Desktop,Chrome,Windows,Direct,Singapore,Bangalore,Products,Contact,Yes,New Visitor,No,86,9,11,26,5963
92,92,ses0093,usd0093,2025-06-02,Desktop,Safari,MacOS,Email marketing,India,Mumbai,About us,Contact,No,Returning Visitor,No,64,25,8,44,1443
93,93,ses0094,usd0094,2025-11-01,Tablet,Firefox,Linux,Referral,UK,Mumbai,Pricing,Blog,Yes,Returning Visitor,Yes,69,50,7,24,4707
94,94,ses0095,usd0095,2025-10-02,Mobile,Firefox,Android,Organic search,Singapore,Bangalore,Login,Contact,Yes,Returning Visitor,Yes,35,52,23,47,1595
95,95,ses0096,usd0096,2025-04-26,Desktop,Opera,Android,Email marketing,Germany,Chennai,Login,Blog,Yes,New Visitor,No,49,12,11,19,4775
96,96,ses0097,usd0097,2025-10-17,Desktop,Safari,Windows,Email marketing,Singapore,Sydney,Products,Home,Yes,Returning Visitor,Yes,22,24,18,14,8612
97,97,ses0098,usd0098,2025-11-28,Tablet,Safari,Windows,Email marketing,US,New York,Services,Services,Yes,New Visitor,No,72,3,4,38,8373
98,98,ses0099,usd0099,2025-04-16,Mobile,Firefox,iOS,Social media,Germany,Hyderabad,Home,Contact,No,Returning Visitor,No,1,21,17,20,1086
99,99,ses0100,usd0100,2025-01-12,Desktop,Edge,Windows,Direct,Germany,Delhi,Blog,Home,Yes,Returning Visitor,No,46,23,10,35,1792
100,100,ses0101,usd0101,2025-10-30,Desktop,Opera,Linux,Email marketing,US,London,Blog,Contact,Yes,New Visitor,Yes,52,18,13,24,9774
101,101,ses0102,usd0102,2025-08-21,Desktop,Chrome,Android,Organic search,US,Chennai,Pricing,Blog,No,New Visitor,No,63,41,18,8,8613
102,102,ses0103,usd0103,2025-09-12,Tablet,Edge,iOS,Organic search,UK,Bangalore,Login,Pricing,Yes,New Visitor,Yes,83,1,11,37,5496
103,103,ses0104,usd0104,2025-07-30,Mobile,Safari,MacOS,Social media,Germany,London,Products,Products,Yes,Returning Visitor,Yes,97,17,22,11,1226
104,104,ses0105,usd0105,2025-06-15,Mobile,Edge,MacOS,Social media,UK,New York,Home,Products,No,New Visitor,Yes,96,23,7,9,5802
105,105,ses0106,usd0106,2025-01-22,Mobile,Firefox,Android,Direct,Australia,Delhi,Pricing,Pricing,No,Returning Visitor,No,61,53,1,29,8094
106,106,ses0107,usd0107,2025-12-14,Desktop,Opera,Linux,Referral,Canada,Sydney,Home,Contact,Yes,Returning Visitor,No,54,52,5,14,5662
107,107,ses0108,usd0108,2025-06-20,Mobile,Safari,Android,Referral,Germany,London,Home,Home,No,New Visitor,No,8,20,18,24,1201
108,108,ses0109,usd0109,2025-10-04,Tablet,Safari,Linux,Organic search,Canada,London,Home,Blog,No,Returning Visitor,Yes,90,38,7,4,5470
109,109,ses0110,usd0110,2025-12-09,Mobile,Edge,Linux,Social media,India,New York,Login,Home,Yes,New Visitor,Yes,57,25,9,46,9687
110,110,ses0111,usd0111,2025-05-16,Desktop,Chrome,iOS,Email marketing,Australia,Mumbai,Pricing,Pricing,No,New Visitor,Yes,93,57,6,17,5823
111,111,ses0112,usd0112,2025-08-26,Desktop,Edge,MacOS,Email marketing,Australia,London,About us,Services,No,New Visitor,No,99,29,4,46,6588
112,112,ses0113,usd0113,2025-09-01,Desktop,Chrome,iOS,Direct,UK,London,Services,Contact,No,Returning Visitor,No,67,42,3,48,4728
113,113,ses0114,usd0114,2025-02-06,Tablet,Edge,Android,Social media,India,London,Home,Services,Yes,New Visitor,Yes,28,2,18,2,9860
114,114,ses0115,usd0115,2025-08-28,Tablet,Opera,Android,Organic search,Singapore,Chennai,About us,Home,No,New Visitor,No,79,20,21,9,1901
115,115,ses0116,usd0116,2025-05-10,Tablet,Chrome,MacOS,Email marketing,UK,Mumbai,Products,Blog,Yes,Returning Visitor,Yes,44,42,24,14,4910
116,116,ses0117,usd0117,2025-10-30,Desktop,Firefox,Windows,Social media,Australia,New York,Login,Contact,Yes,New Visitor,No,11,42,10,7,3035
117,117,ses0118,usd0118,2025-12-17,Desktop,Safari,Android,Organic search,UK,New York,Products,Home,No,New Visitor,No,57,54,24,37,2161
118,118,ses0119,usd0119,2025-06-21,Mobile,Chrome,Windows,Email marketing,Singapore,Chennai,Pricing,Products,No,New Visitor,Yes,17,30,19,49,8644
119,119,ses0120,usd0120,2025-07-08,Mobile,Chrome,iOS,Direct,UK,Singapore,Login,Pricing,No,New Visitor,Yes,23,27,10,28,7111
120,120,ses0121,usd0121,2025-07-11,Desktop,Edge,MacOS,Paid search,Australia,Delhi,About us,Services,No,New Visitor,Yes,10,5,21,21,4965
121,121,ses0122,usd0122,2025-09-25,Desktop,Firefox,Linux,Email marketing,Australia,London,Products,Contact,No,Returning Visitor,Yes,31,41,24,42,9957
122,122,ses0123,usd0123,2025-12-17,Tablet,Safari,Android,Paid search,Australia,Singapore,Pricing,Services,No,Returning Visitor,No,98,11,13,1,1193
123,123,ses0124,usd0124,2025-06-24,Tablet,Firefox,iOS,Referral,UK,Hyderabad,Login,Products,No,Returning Visitor,Yes,96,42,11,31,2820
124,124,ses0125,usd0125,2025-11-20,Desktop,Firefox,Windows,Paid search,Singapore,Bangalore,Home,Products,Yes,Returning Visitor,No,45,47,15,32,6242
125,125,ses0126,usd0126,2025-11-02,Mobile,Safari,Windows,Organic search,Australia,Singapore,Pricing,Blog,No,Returning Visitor,Yes,55,46,10,37,8151
126,126,ses0127,usd0127,2025-01-31,Mobile,Edge,iOS,Paid search,Singapore,London,About us,Contact,Yes,New Visitor,No,31,22,5,30,6509
127,127,ses0128,usd0128,2025-05-18,Mobile,Firefox,iOS,Social media,Canada,Hyderabad,Pricing,Home,No,New Visitor,Yes,43,19,15,20,9013
128,128,ses0129,usd0129,2025-08-21,Tablet,Safari,Linux,Social media,Canada,Delhi,Services,Home,Yes,Returning Visitor,No,89,15,22,47,7641
129,129,ses0130,usd0130,2025-07-07,Mobile,Safari,Android,Paid search,US,Sydney,Login,Contact,Yes,New Visitor,Yes,77,45,23,2,1432
130,130,ses0131,usd0131,2025-07-22,Mobile,Safari,Linux,Email marketing,UK,Sydney,Products,Contact,Yes,New Visitor,Yes,34,47,3,20,722
131,131,ses0132,usd0132,2025-12-14,Tablet,Edge,Windows,Paid search,India,Bangalore,Blog,Contact,No,New Visitor,Yes,73,42,20,46,583
132,132,ses0133,usd0133,2025-12-03,Desktop,Chrome,iOS,Paid search,India,Singapore,Blog,Home,No,New Visitor,Yes,33,59,24,25,9231
133,133,ses0134,usd0134,2025-06-16,Mobile,Safari,iOS,Social media,UK,Delhi,Products,Services,Yes,Returning Visitor,Yes,76,51,16,42,9509
134,134,ses0135,usd0135,2025-08-06,Mobile,Edge,Windows,Direct,India,Hyderabad,Contact,Home,Yes,New Visitor,Yes,23,49,10,26,5705
135,135,ses0136,usd0136,2025-03-18,Mobile,Chrome,iOS,Email marketing,UK,Bangalore,Products,Contact,Yes,New Visitor,No,96,43,18,43,5568
136,136,ses0137,usd0137,2025-11-18,Tablet,Safari,Android,Social media,UK,Bangalore,Home,Services,No,Returning Visitor,Yes,15,36,10,32,623
137,137,ses0138,usd0138,2025-05-14,Tablet,Firefox,MacOS,Paid search,Germany,New York,Login,Services,Yes,Returning Visitor,No,27,30,14,18,1610
138,138,ses0139,usd0139,2025-05-12,Desktop,Edge,Android,Organic search,Canada,Chennai,About us,Blog,Yes,Returning Visitor,Yes,2,45,4,26,6237
139,139,ses0140,usd0140,2025-07-15,Tablet,Safari,Windows,Paid search,UK,Chennai,Products,Services,No,Returning Visitor,No,54,53,1,16,3128
140,140,ses0141,usd0141,2025-06-06,Mobile,Edge,Android,Paid search,Singapore,Bangalore,About us,Contact,No,Returning Visitor,No,48,32,2,44,4526
141,141,ses0142,usd0142,2025-11-29,Mobile,Edge,Windows,Paid search,Germany,Chennai,Products,Contact,No,Returning Visitor,No,55,14,11,3,704
142,142,ses0143,usd0143,2025-03-02,Mobile,Firefox,MacOS,Organic search,India,Bangalore,Blog,Services,Yes,New Visitor,Yes,52,16,22,10,4218
143,143,ses0144,usd0144,2025-07-06,Desktop,Chrome,iOS,Social media,US,Chennai,Pricing,Home,No,New Visitor,Yes,14,18,24,29,5366
144,144,ses0145,usd0145,2025-06-05,Desktop,Chrome,Android,Referral,US,Bangalore,Products,Contact,Yes,Returning Visitor,No,16,55,3,29,2739
145,145,ses0146,usd0146,2025-07-20,Mobile,Chrome,Linux,Email marketing,US,Sydney,About us,Products,No,Returning Visitor,No,59,45,16,26,2985
146,146,ses0147,usd0147,2025-02-16,Desktop,Chrome,Windows,Paid search,UK,New York,Pricing,Contact,Yes,Returning Visitor,No,82,28,15,47,4236
147,147,ses0148,usd0148,2025-04-21,Tablet,Chrome,Windows,Direct,Australia,Chennai,Products,Contact,No,Returning Visitor,No,27,28,24,46,1590
148,148,ses0149,usd0149,2025-08-02,Mobile,Edge,Windows,Email marketing,Germany,Singapore,Products,Home,No,New Visitor,Yes,84,4,2,14,7711
149,149,ses0150,usd0150,2025-04-19,Desktop,Edge,Windows,Organic search,UK,Mumbai,Blog,Contact,No,New Visitor,Yes,46,1,18,8,1843
150,150,ses0151,usd0151,2025-10-01,Desktop,Edge,Android,Email marketing,India,Singapore,Contact,Products,No,New Visitor,Yes,16,27,7,9,3803
151,151,ses0152,usd0152,2025-10-21,Mobile,Safari,MacOS,Social media,Singapore,London,Login,Services,No,New Visitor,No,35,59,11,2,9917
152,152,ses0153,usd0153,2025-12-04,Tablet,Firefox,iOS,Referral,Australia,Delhi,Products,Contact,Yes,New Visitor,Yes,46,48,12,24,526
153,153,ses0154,usd0154,2026-01-01,Mobile,Safari,MacOS,Direct,Germany,Bangalore,Blog,Home,No,New Visitor,No,66,37,18,46,195
154,154,ses0155,usd0155,2025-08-24,Desktop,Chrome,Linux,Direct,Canada,Mumbai,Pricing,Pricing,Yes,New Visitor,No,62,34,9,43,8231
155,155,ses0156,usd0156,2025-04-07,Tablet,Firefox,Android,Paid search,US,Sydney,Pricing,Contact,No,New Visitor,Yes,90,42,3,5,9535
156,156,ses0157,usd0157,2025-09-02,Tablet,Edge,MacOS,Direct,Canada,Bangalore,Products,Services,No,Returning Visitor,Yes,58,59,4,30,6785
157,157,ses0158,usd0158,2025-07-13,Mobile,Edge,MacOS,Email marketing,Australia,Chennai,Pricing,Pricing,No,New Visitor,No,18,57,23,30,7846
158,158,ses0159,usd0159,2025-05-24,Mobile,Firefox,Windows,Direct,India,Hyderabad,Pricing,Contact,No,New Visitor,Yes,56,35,17,46,9006
159,159,ses0160,usd0160,2025-02-10,Mobile,Safari,Android,Direct,Australia,London,Pricing,Blog,No,Returning Visitor,No,52,44,3,37,8960
160,160,ses0161,usd0161,2025-11-24,Desktop,Edge,Linux,Email marketing,India,New York,Blog,Pricing,No,New Visitor,No,37,27,5,2,9513
161,161,ses0162,usd0162,2025-05-27,Desktop,Firefox,Android,Social media,Singapore,Hyderabad,Pricing,Pricing,No,New Visitor,No,55,54,6,4,7619
162,162,ses0163,usd0163,2025-04-05,Mobile,Firefox,iOS,Referral,UK,Singapore,Products,Products,No,Returning Visitor,Yes,72,46,6,34,9555
163,163,ses0164,usd0164,2025-03-03,Tablet,Firefox,iOS,Organic search,Singapore,Chennai,Login,Blog,Yes,New Visitor,Yes,43,31,13,49,7554
164,164,ses0165,usd0165,2025-08-04,Desktop,Chrome,Windows,Organic search,UK,Mumbai,Pricing,Services,Yes,Returning Visitor,No,8,1,24,1,7991
165,165,ses0166,usd0166,2025-05-25,Desktop,Opera,iOS,Organic search,India,Delhi,Blog,Contact,No,New Visitor,Yes,60,16,7,39,2532
166,166,ses0167,usd0167,2025-03-17,Desktop,Opera,Linux,Email marketing,India,Mumbai,Services,Pricing,Yes,New Visitor,No,94,28,4,31,4043
167,167,ses0168,usd0168,2025-01-25,Mobile,Firefox,MacOS,Referral,Australia,Chennai,About us,Home,No,New Visitor,Yes,17,10,21,14,3288
168,168,ses0169,usd0169,2025-04-13,Desktop,Chrome,iOS,Email marketing,India,Hyderabad,Services,Pricing,Yes,New Visitor,No,84,44,5,39,3172
169,169,ses0170,usd0170,2025-07-24,Mobile,Chrome,MacOS,Paid search,Singapore,Singapore,Home,Contact,Yes,Returning Visitor,Yes,54,26,12,22,1583
170,170,ses0171,usd0171,2025-02-23,Tablet,Safari,Windows,Referral,UK,Bangalore,About us,Blog,No,New Visitor,No,37,27,3,6,1370
171,171,ses0172,usd0172,2025-02-09,Desktop,Chrome,Windows,Direct,US,New York,Pricing,Contact,No,New Visitor,Yes,5,57,9,26,4338
172,172,ses0173,usd0173,2025-05-20,Mobile,Opera,Windows,Organic search,Australia,Delhi,Blog,Services,No,New Visitor,Yes,69,39,15,44,4166
173,173,ses0174,usd0174,2025-08-13,Desktop,Chrome,iOS,Referral,Germany,New York,Pricing,Products,Yes,Returning Visitor,No,87,46,4,42,813
174,174,ses0175,usd0175,2025-01-27,Mobile,Safari,Linux,Paid search,Australia,Sydney,Home,Contact,Yes,Returning Visitor,Yes,48,33,8,46,6519
175,175,ses0176,usd0176,2025-11-24,Desktop,Opera,MacOS,Paid search,US,Mumbai,Contact,Services,No,New Visitor,No,12,43,14,34,8821
176,176,ses0177,usd0177,2025-10-08,Desktop,Edge,Linux,Social media,Australia,Hyderabad,Blog,Products,Yes,New Visitor,Yes,90,46,9,21,7157
177,177,ses0178,usd0178,2025-02-27,Tablet,Opera,iOS,Referral,Germany,New York,Services,Home,No,Returning Visitor,Yes,37,4,19,6,2144
178,178,ses0179,usd0179,2025-09-19,Desktop,Opera,MacOS,Social media,Germany,Chennai,About us,Services,Yes,Returning Visitor,Yes,61,30,22,30,9873
179,179,ses0180,usd0180,2025-06-28,Tablet,Edge,MacOS,Direct,Singapore,London,Products,Contact,No,Returning Visitor,No,18,35,22,6,8668
180,180,ses0181,usd0181,2025-06-02,Mobile,Edge,Android,Direct,India,Hyderabad,About us,Home,No,New Visitor,No,10,46,9,29,2035
181,181,ses0182,usd0182,2025-02-11,Tablet,Edge,Windows,Email marketing,Australia,New York,Products,Products,No,Returning Visitor,Yes,24,20,21,25,9181
182,182,ses0183,usd0183,2025-05-06,Desktop,Safari,Windows,Direct,Australia,Mumbai,Login,Blog,No,Returning Visitor,Yes,85,58,17,8,8249
183,183,ses0184,usd0184,2025-08-15,Tablet,Safari,iOS,Direct,US,London,Contact,Contact,No,Returning Visitor,Yes,39,16,14,22,3872
184,184,ses0185,usd0185,2025-10-16,Desktop,Opera,Linux,Paid search,Australia,Bangalore,Login,Contact,No,New Visitor,No,38,49,10,9,1555
185,185,ses0186,usd0186,2025-11-05,Tablet,Chrome,iOS,Referral,India,London,Blog,Products,Yes,New Visitor,No,23,51,7,48,8640
186,186,ses0187,usd0187,2025-03-01,Mobile,Opera,Windows,Paid search,India,New York,Services,Contact,Yes,Returning Visitor,Yes,44,25,2,27,4422
187,187,ses0188,usd0188,2025-02-28,Tablet,Opera,Linux,Email marketing,Germany,Hyderabad,Login,Blog,No,New Visitor,Yes,39,8,19,43,8475
188,188,ses0189,usd0189,2025-05-31,Tablet,Opera,Windows,Referral,Australia,Sydney,Pricing,Blog,Yes,Returning Visitor,No,53,31,10,30,5278
189,189,ses0190,usd0190,2025-08-01,Tablet,Edge,Android,Email marketing,Germany,Delhi,Products,Home,No,Returning Visitor,Yes,52,19,9,39,7562
190,190,ses0191,usd0191,2025-12-09,Tablet,Edge,Android,Email marketing,Canada,Mumbai,Home,Products,No,New Visitor,Yes,80,28,7,25,2670
191,191,ses0192,usd0192,2025-09-23,Mobile,Firefox,iOS,Social media,India,New York,About us,Services,Yes,Returning Visitor,No,22,23,9,25,6092
192,192,ses0193,usd0193,2025-07-22,Desktop,Opera,Linux,Organic search,India,Hyderabad,Contact,Home,Yes,Returning Visitor,Yes,48,44,9,14,6047
193,193,ses0194,usd0194,2025-12-09,Tablet,Chrome,Android,Email marketing,US,Chennai,About us,Home,Yes,New Visitor,No,22,39,16,39,9835
194,194,ses0195,usd0195,2025-07-08,Desktop,Opera,Android,Organic search,Singapore,Bangalore,Blog,Blog,Yes,New Visitor,Yes,56,36,13,48,1012
195,195,ses0196,usd0196,2025-11-03,Tablet,Firefox,iOS,Email marketing,UK,Mumbai,Blog,Blog,No,New Visitor,No,67,55,24,4,573
196,196,ses0197,usd0197,2025-04-12,Desktop,Chrome,iOS,Social media,Australia,New York,Login,Contact,Yes,Returning Visitor,Yes,70,24,11,44,943
197,197,ses0198,usd0198,2025-10-29,Tablet,Opera,Windows,Organic search,Canada,Bangalore,Products,Pricing,No,New Visitor,No,93,23,20,41,576
198,198,ses0199,usd0199,2025-07-06,Mobile,Safari,Android,Email marketing,Canada,Mumbai,About us,Products,Yes,Returning Visitor,No,24,55,16,36,5419
199,199,ses0200,usd0200,2025-12-16,Tablet,Safari,Windows,Paid search,Germany,Delhi,Contact,Products,No,Returning Visitor,Yes,38,33,3,36,1959
200,200,ses0201,usd0201,2025-06-12,Tablet,Safari,Windows,Organic search,Germany,Sydney,Home,Home,Yes,New Visitor,Yes,8,4,19,9,1848
201,201,ses0202,usd0202,2025-11-24,Tablet,Chrome,MacOS,Social media,US,Bangalore,Services,Home,No,New Visitor,No,12,33,9,44,1928
202,202,ses0203,usd0203,2025-02-08,Tablet,Chrome,Linux,Organic search,US,New York,Services,Blog,No,New Visitor,Yes,79,48,5,23,9733
203,203,ses0204,usd0204,2025-09-26,Desktop,Edge,Linux,Organic search,India,Hyderabad,Products,Products,Yes,Returning Visitor,Yes,18,25,6,40,945
204,204,ses0205,usd0205,2025-08-13,Tablet,Chrome,Windows,Paid search,India,Singapore,Blog,Blog,Yes,New Visitor,No,52,37,11,31,2834
205,205,ses0206,usd0206,2025-07-05,Desktop,Opera,Windows,Social media,US,London,About us,Services,No,Returning Visitor,No,14,26,20,22,8832
206,206,ses0207,usd0207,2025-02-26,Desktop,Chrome,Windows,Organic search,US,Bangalore,Login,Home,Yes,Returning Visitor,No,8,4,13,39,4308
207,207,ses0208,usd0208,2025-10-14,Desktop,Opera,Windows,Organic search,Singapore,Sydney,Services,Services,Yes,Returning Visitor,Yes,64,49,3,14,3817
208,208,ses0209,usd0209,2025-01-16,Mobile,Firefox,Windows,Paid search,Germany,London,Services,Home,No,New Visitor,Yes,57,44,8,14,5573
209,209,ses0210,usd0210,2025-02-26,Tablet,Chrome,iOS,Email marketing,US,Mumbai,Login,Contact,No,New Visitor,Yes,93,26,12,4,4756
210,210,ses0211,usd0211,2025-08-31,Desktop,Chrome,Android,Organic search,Germany,Singapore,Pricing,Blog,Yes,Returning Visitor,No,83,20,19,46,7424
211,211,ses0212,usd0212,2025-05-25,Tablet,Safari,Linux,Direct,Singapore,New York,Services,Blog,Yes,New Visitor,Yes,54,42,20,32,7712
212,212,ses0213,usd0213,2025-12-17,Tablet,Safari,Windows,Social media,Canada,New York,About us,Services,No,New Visitor,No,90,42,5,42,3364
213,213,ses0214,usd0214,2025-11-07,Tablet,Edge,Linux,Direct,UK,New York,Products,Home,Yes,New Visitor,Yes,30,52,5,42,6559
214,214,ses0215,usd0215,2025-01-18,Desktop,Firefox,Android,Organic search,Australia,Hyderabad,Login,Contact,No,Returning Visitor,No,73,31,19,47,389
215,215,ses0216,usd0216,2025-09-22,Tablet,Firefox,Linux,Direct,US,Hyderabad,Login,Products,No,New Visitor,No,44,43,13,40,7675
216,216,ses0217,usd0217,2025-11-06,Mobile,Firefox,MacOS,Social media,Australia,Bangalore,Home,Home,No,Returning Visitor,Yes,96,4,23,29,6870
217,217,ses0218,usd0218,2025-10-03,Desktop,Opera,Linux,Social media,Canada,Chennai,Blog,Pricing,No,New Visitor,Yes,26,32,16,12,8125
218,218,ses0219,usd0219,2025-08-13,Desktop,Firefox,Linux,Paid search,India,Singapore,Pricing,Products,No,New Visitor,Yes,96,10,8,32,3236
219,219,ses0220,usd0220,2025-10-22,Desktop,Edge,MacOS,Organic search,UK,Chennai,Login,Services,No,Returning Visitor,No,45,47,21,30,9801
220,220,ses0221,usd0221,2025-03-10,Tablet,Edge,Windows,Paid search,India,Bangalore,Blog,Blog,Yes,New Visitor,No,34,27,23,18,6269
221,221,ses0222,usd0222,2025-04-30,Mobile,Chrome,Linux,Direct,Canada,Singapore,Blog,Home,Yes,New Visitor,Yes,34,48,20,33,2139
222,222,ses0223,usd0223,2025-06-20,Desktop,Edge,iOS,Email marketing,Germany,Bangalore,Blog,Home,No,Returning Visitor,No,84,48,7,17,2761
223,223,ses0224,usd0224,2025-11-08,Tablet,Edge,MacOS,Paid search,Canada,Singapore,Services,Home,No,Returning Visitor,Yes,77,26,24,32,6451
224,224,ses0225,usd0225,2025-12-15,Tablet,Opera,Android,Referral,Germany,Delhi,Pricing,Pricing,Yes,New Visitor,No,89,15,12,33,9363
225,225,ses0226,usd0226,2025-08-17,Desktop,Firefox,Android,Email marketing,Singapore,London,Blog,Services,No,New Visitor,No,28,20,10,7,1836
226,226,ses0227,usd0227,2025-11-30,Tablet,Firefox,iOS,Direct,Canada,Singapore,About us,Home,No,New Visitor,Yes,60,3,13,26,9202
227,227,ses0228,usd0228,2025-12-09,Desktop,Opera,iOS,Referral,Australia,Delhi,Pricing,Contact,Yes,Returning Visitor,Yes,15,36,19,24,9666
228,228,ses0229,usd0229,2025-04-30,Desktop,Opera,Windows,Referral,Australia,New York,Login,Products,Yes,Returning Visitor,No,74,33,21,47,3204
229,229,ses0230,usd0230,2025-12-19,Desktop,Safari,MacOS,Social media,Germany,Chennai,Blog,Pricing,Yes,Returning Visitor,Yes,42,51,17,12,8496
230,230,ses0231,usd0231,2025-04-03,Desktop,Opera,Windows,Direct,Singapore,Mumbai,Contact,Pricing,Yes,Returning Visitor,No,50,45,7,10,9192
231,231,ses0232,usd0232,2025-05-10,Tablet,Firefox,Windows,Email marketing,Singapore,Chennai,Home,Contact,No,New Visitor,Yes,19,47,14,45,2025
232,232,ses0233,usd0233,2025-02-15,Tablet,Safari,iOS,Social media,UK,Sydney,About us,Blog,Yes,New Visitor,No,65,47,1,42,1726
233,233,ses0234,usd0234,2025-09-22,Tablet,Safari,Windows,Organic search,Canada,London,About us,Products,Yes,New Visitor,Yes,77,29,2,23,9044
234,234,ses0235,usd0235,2025-12-18,Desktop,Safari,Windows,Social media,US,Chennai,Home,Blog,No,New Visitor,No,56,47,4,20,7722
235,235,ses0236,usd0236,2025-02-28,Mobile,Chrome,Linux,Direct,Canada,London,About us,Products,Yes,Returning Visitor,Yes,50,56,20,21,3020
236,236,ses0237,usd0237,2025-03-18,Desktop,Firefox,Windows,Referral,Singapore,Delhi,About us,Products,No,New Visitor,No,81,43,12,34,9660
237,237,ses0238,usd0238,2025-01-22,Tablet,Safari,Windows,Referral,Australia,Mumbai,Login,Blog,No,Returning Visitor,No,76,25,6,25,5827
238,238,ses0239,usd0239,2025-11-08,Tablet,Safari,Linux,Social media,UK,Bangalore,Login,Pricing,No,New Visitor,No,53,43,13,29,937
239,239,ses0240,usd0240,2025-09-24,Mobile,Firefox,iOS,Direct,Canada,Bangalore,Home,Home,Yes,New Visitor,Yes,64,27,14,15,8844
240,240,ses0241,usd0241,2025-01-02,Desktop,Edge,Windows,Social media,US,Delhi,Pricing,Products,Yes,New Visitor,Yes,95,10,16,25,4266
241,241,ses0242,usd0242,2025-02-06,Tablet,Opera,Windows,Organic search,India,Bangalore,Contact,Pricing,Yes,New Visitor,No,34,16,24,42,5991
242,242,ses0243,usd0243,2025-01-16,Tablet,Safari,Linux,Paid search,Singapore,Delhi,Services,Blog,No,Returning Visitor,Yes,45,2,10,11,6235
243,243,ses0244,usd0244,2025-01-23,Desktop,Chrome,iOS,Social media,UK,London,Home,Contact,Yes,New Visitor,No,54,9,23,35,1883
244,244,ses0245,usd0245,2025-09-10,Tablet,Safari,Windows,Paid search,Singapore,Sydney,Contact,Home,Yes,New Visitor,Yes,16,46,5,35,6870
245,245,ses0246,usd0246,2025-09-11,Desktop,Chrome,Windows,Social media,US,Delhi,Contact,Pricing,No,Returning Visitor,Yes,2,1,24,6,5544
246,246,ses0247,usd0247,2025-07-23,Tablet,Edge,MacOS,Organic search,UK,New York,Services,Pricing,No,Returning Visitor,No,82,6,13,26,7837
247,247,ses0248,usd0248,2025-07-11,Tablet,Chrome,MacOS,Referral,Canada,Mumbai,Contact,Home,Yes,New Visitor,No,25,53,21,49,1672
248,248,ses0249,usd0249,2025-04-13,Tablet,Opera,Windows,Direct,India,Mumbai,Home,Blog,Yes,Returning Visitor,No,4,38,4,8,4969
249,249,ses0250,usd0250,2025-10-12,Mobile,Safari,Windows,Paid search,Australia,Singapore,Blog,Contact,Yes,New Visitor,No,61,57,6,14,5484
250,250,ses0251,usd0251,2025-07-15,Mobile,Chrome,iOS,Referral,India,New York,Contact,Contact,No,New Visitor,Yes,17,53,20,3,3151
251,251,ses0252,usd0252,2025-04-05,Mobile,Edge,Android,Email marketing,India,Sydney,About us,Contact,Yes,Returning Visitor,Yes,20,17,23,1,6475
252,252,ses0253,usd0253,2025-08-30,Mobile,Safari,Linux,Email marketing,Germany,New York,Blog,Pricing,Yes,New Visitor,Yes,90,51,19,33,7984
253,253,ses0254,usd0254,2025-07-08,Tablet,Edge,iOS,Referral,US,Singapore,Services,Blog,No,Returning Visitor,No,90,46,13,2,1758
254,254,ses0255,usd0255,2025-09-21,Mobile,Firefox,iOS,Direct,US,Mumbai,Services,Blog,No,Returning Visitor,No,79,45,5,43,831
255,255,ses0256,usd0256,2025-10-28,Mobile,Safari,MacOS,Email marketing,Germany,Chennai,Login,Contact,No,New Visitor,No,21,17,1,16,6253
256,256,ses0257,usd0257,2025-08-04,Tablet,Chrome,Android,Social media,US,Singapore,Pricing,Home,Yes,New Visitor,Yes,75,47,3,45,9634
257,257,ses0258,usd0258,2025-12-30,Tablet,Firefox,Android,Referral,UK,New York,Home,Pricing,Yes,New Visitor,Yes,92,32,6,32,9164
258,258,ses0259,usd0259,2025-06-24,Mobile,Edge,Android,Social media,Germany,Singapore,Services,Blog,No,Returning Visitor,Yes,72,59,7,21,1114
259,259,ses0260,usd0260,2025-01-24,Mobile,Safari,Android,Email marketing,India,Chennai,Contact,Contact,Yes,New Visitor,Yes,66,48,3,45,6331
260,260,ses0261,usd0261,2025-10-02,Desktop,Firefox,MacOS,Paid search,US,Delhi,Contact,Products,No,New Visitor,Yes,64,33,11,40,53
261,261,ses0262,usd0262,2025-01-11,Desktop,Chrome,Android,Organic search,Singapore,Sydney,Contact,Contact,Yes,New Visitor,Yes,54,29,10,4,7245
262,262,ses0263,usd0263,2025-05-08,Tablet,Chrome,Linux,Email marketing,US,Mumbai,Login,Contact,Yes,New Visitor,Yes,61,24,4,9,1318
263,263,ses0264,usd0264,2025-04-16,Mobile,Chrome,Windows,Paid search,US,London,About us,Services,No,New Visitor,Yes,72,34,15,44,9427
264,264,ses0265,usd0265,2025-12-20,Tablet,Chrome,Android,Organic search,Canada,New York,Contact,Home,No,Returning Visitor,No,59,56,15,16,4896
265,265,ses0266,usd0266,2025-03-14,Mobile,Firefox,Windows,Referral,India,Singapore,Services,Blog,No,New Visitor,Yes,41,20,15,35,2176
266,266,ses0267,usd0267,2025-08-11,Tablet,Chrome,Android,Referral,India,Sydney,Login,Blog,No,Returning Visitor,No,71,7,5,2,1851
267,267,ses0268,usd0268,2025-03-16,Tablet,Opera,MacOS,Social media,Australia,Hyderabad,Login,Services,No,New Visitor,No,4,38,2,17,6840
268,268,ses0269,usd0269,2025-10-13,Mobile,Opera,iOS,Direct,Australia,London,Contact,Contact,Yes,Returning Visitor,Yes,74,23,19,1,6231
269,269,ses0270,usd0270,2025-11-12,Desktop,Firefox,iOS,Email marketing,US,Singapore,Login,Pricing,No,New Visitor,Yes,60,39,17,12,4435
270,270,ses0271,usd0271,2025-10-14,Mobile,Firefox,MacOS,Referral,US,Chennai,Blog,Blog,No,Returning Visitor,Yes,75,13,11,46,2289
271,271,ses0272,usd0272,2025-11-23,Desktop,Opera,iOS,Social media,Singapore,Hyderabad,About us,Pricing,Yes,New Visitor,No,7,57,10,46,5671
272,272,ses0273,usd0273,2025-09-09,Mobile,Safari,Linux,Organic search,Singapore,Bangalore,Home,Contact,No,New Visitor,No,93,22,6,41,4243
273,273,ses0274,usd0274,2025-10-15,Tablet,Firefox,Windows,Referral,Australia,Hyderabad,Contact,Home,Yes,New Visitor,No,66,30,5,3,210
274,274,ses0275,usd0275,2025-09-20,Desktop,Opera,Linux,Email marketing,UK,New York,Login,Pricing,No,Returning Visitor,No,23,57,9,13,3584
275,275,ses0276,usd0276,2025-12-29,Mobile,Edge,iOS,Social media,Australia,Sydney,Products,Contact,Yes,Returning Visitor,Yes,4,50,8,17,1483
276,276,ses0277,usd0277,2025-11-14,Mobile,Safari,Android,Email marketing,Australia,London,Blog,Services,Yes,Returning Visitor,Yes,20,39,12,46,7345
277,277,ses0278,usd0278,2025-07-08,Mobile,Opera,MacOS,Email marketing,Australia,Delhi,Login,Services,No,Returning Visitor,No,68,30,17,39,3279
278,278,ses0279,usd0279,2025-07-08,Tablet,Edge,MacOS,Organic search,India,Sydney,Contact,Services,Yes,New Visitor,Yes,49,6,5,5,8821
279,279,ses0280,usd0280,2025-01-19,Mobile,Firefox,Android,Direct,India,Singapore,Login,Products,No,Returning Visitor,No,16,39,24,42,9926
280,280,ses0281,usd0281,2025-04-13,Tablet,Chrome,Windows,Referral,Germany,New York,Contact,Services,Yes,Returning Visitor,Yes,74,47,12,11,3443
281,281,ses0282,usd0282,2025-02-17,Mobile,Firefox,Windows,Email marketing,Singapore,Singapore,About us,Products,No,Returning Visitor,Yes,56,4,11,33,534
282,282,ses0283,usd0283,2025-05-26,Mobile,Opera,Android,Referral,India,New York,Contact,Blog,Yes,Returning Visitor,Yes,67,59,10,11,3015
283,283,ses0284,usd0284,2025-04-13,Desktop,Edge,MacOS,Email marketing,India,Bangalore,Products,Services,Yes,New Visitor,No,81,57,24,11,6906
284,284,ses0285,usd0285,2025-12-26,Tablet,Firefox,MacOS,Email marketing,Germany,New York,Products,Services,No,Returning Visitor,No,84,39,19,23,9446
285,285,ses0286,usd0286,2025-02-11,Desktop,Edge,iOS,Direct,Singapore,Bangalore,Contact,Blog,Yes,New Visitor,Yes,73,56,21,22,3843
286,286,ses0287,usd0287,2025-06-26,Tablet,Safari,Android,Social media,India,Bangalore,Home,Contact,Yes,Returning Visitor,Yes,83,34,12,2,8253
287,287,ses0288,usd0288,2025-07-12,Desktop,Opera,iOS,Social media,Canada,Delhi,Pricing,Contact,Yes,Returning Visitor,Yes,44,50,24,12,6471
288,288,ses0289,usd0289,2025-12-28,Tablet,Opera,MacOS,Referral,UK,Delhi,Contact,Pricing,No,New Visitor,No,7,43,20,13,9082
289,289,ses0290,usd0290,2025-01-25,Desktop,Safari,Windows,Organic search,UK,Sydney,Home,Services,Yes,New Visitor,No,59,37,20,2,8092
290,290,ses0291,usd0291,2025-05-23,Tablet,Safari,iOS,Direct,US,London,About us,Blog,Yes,Returning Visitor,No,25,25,23,4,9814
291,291,ses0292,usd0292,2025-12-04,Tablet,Firefox,MacOS,Paid search,Australia,Chennai,Contact,Contact,No,New Visitor,Yes,59,22,20,37,2906
292,292,ses0293,usd0293,2025-08-02,Tablet,Edge,Android,Email marketing,US,New York,Services,Contact,No,New Visitor,No,47,12,16,24,5795
293,293,ses0294,usd0294,2025-11-06,Tablet,Safari,MacOS,Organic search,Germany,Singapore,Contact,Home,No,New Visitor,Yes,78,53,17,21,7574
294,294,ses0295,usd0295,2025-02-27,Tablet,Opera,Android,Direct,Australia,Delhi,About us,Blog,No,Returning Visitor,No,70,14,2,27,9093
295,295,ses0296,usd0296,2025-10-07,Tablet,Opera,Android,Organic search,Australia,Mumbai,Services,Home,No,New Visitor,No,6,50,16,35,6846
296,296,ses0297,usd0297,2025-10-09,Mobile,Chrome,iOS,Paid search,UK,Mumbai,Blog,Pricing,Yes,New Visitor,Yes,63,20,4,26,673
297,297,ses0298,usd0298,2025-12-30,Desktop,Firefox,Linux,Referral,Singapore,Chennai,About us,Home,Yes,New Visitor,No,68,16,2,4,650
298,298,ses0299,usd0299,2025-02-16,Tablet,Firefox,Android,Referral,UK,Mumbai,Contact,Contact,Yes,New Visitor,No,1,52,19,19,6422
299,299,ses0300,usd0300,2025-01-16,Mobile,Opera,iOS,Direct,India,Bangalore,Pricing,Contact,No,New Visitor,No,22,40,14,35,9218
300,300,ses0301,usd0301,2025-08-15,Tablet,Firefox,MacOS,Email marketing,US,Chennai,Login,Pricing,Yes,New Visitor,No,98,23,12,20,9621
301,301,ses0302,usd0302,2025-06-26,Desktop,Safari,Linux,Referral,UK,Bangalore,Contact,Services,No,New Visitor,No,15,24,16,21,3388
302,302,ses0303,usd0303,2025-01-04,Mobile,Edge,iOS,Paid search,Australia,Singapore,Login,Contact,Yes,New Visitor,Yes,60,21,24,32,4184
303,303,ses0304,usd0304,2025-01-06,Mobile,Firefox,Android,Paid search,India,Bangalore,About us,Blog,Yes,New Visitor,Yes,5,1,13,22,808
304,304,ses0305,usd0305,2025-06-15,Tablet,Edge,iOS,Email marketing,Germany,London,About us,Services,No,New Visitor,Yes,6,21,18,13,4397
305,305,ses0306,usd0306,2025-07-27,Desktop,Edge,MacOS,Social media,UK,Delhi,Blog,Contact,Yes,Returning Visitor,Yes,55,14,10,2,9876
306,306,ses0307,usd0307,2025-06-08,Mobile,Firefox,MacOS,Paid search,UK,Chennai,Blog,Home,No,Returning Visitor,No,72,12,10,2,9184
307,307,ses0308,usd0308,2025-08-23,Desktop,Safari,MacOS,Referral,Singapore,London,Products,Services,Yes,Returning Visitor,Yes,20,5,18,49,1156
308,308,ses0309,usd0309,2025-02-07,Mobile,Edge,iOS,Direct,UK,Sydney,Pricing,Services,No,New Visitor,Yes,71,43,15,13,1278
309,309,ses0310,usd0310,2025-03-21,Tablet,Firefox,iOS,Referral,Australia,Chennai,Login,Blog,No,New Visitor,Yes,48,54,3,11,367
310,310,ses0311,usd0311,2025-08-02,Tablet,Safari,iOS,Paid search,US,New York,About us,Products,Yes,New Visitor,No,47,1,20,33,5421
311,311,ses0312,usd0312,2025-03-03,Mobile,Chrome,Windows,Organic search,India,Singapore,Services,Contact,Yes,Returning Visitor,Yes,51,10,21,13,1269
312,312,ses0313,usd0313,2025-01-16,Tablet,Opera,Android,Paid search,Singapore,London,About us,Services,No,Returning Visitor,Yes,76,48,11,10,2924
313,313,ses0314,usd0314,2025-12-01,Desktop,Chrome,MacOS,Social media,Germany,Chennai,Products,Contact,Yes,Returning Visitor,Yes,2,21,15,9,7186
314,314,ses0315,usd0315,2025-10-30,Mobile,Opera,Android,Organic search,Singapore,Delhi,Home,Home,No,Returning Visitor,No,77,40,8,7,4650
315,315,ses0316,usd0316,2025-04-10,Desktop,Safari,iOS,Referral,Canada,Sydney,Services,Home,No,New Visitor,Yes,88,47,23,5,3451
316,316,ses0317,usd0317,2025-11-04,Desktop,Opera,MacOS,Social media,India,Singapore,Contact,Blog,Yes,Returning Visitor,Yes,59,14,3,19,85
317,317,ses0318,usd0318,2025-02-24,Mobile,Opera,iOS,Email marketing,US,Singapore,Blog,Contact,Yes,Returning Visitor,No,3,36,1,15,5073
318,318,ses0319,usd0319,2025-09-04,Desktop,Opera,iOS,Referral,UK,Delhi,Contact,Blog,Yes,Returning Visitor,No,45,21,13,13,5091
319,319,ses0320,usd0320,2025-01-01,Tablet,Edge,Linux,Referral,Canada,New York,Pricing,Products,Yes,Returning Visitor,Yes,60,9,11,39,3273
320,320,ses0321,usd0321,2025-02-23,Desktop,Edge,Android,Referral,Singapore,Hyderabad,Login,Services,Yes,Returning Visitor,No,41,49,2,25,338
321,321,ses0322,usd0322,2025-03-17,Desktop,Opera,Android,Social media,Australia,Singapore,About us,Contact,No,Returning Visitor,Yes,33,31,23,37,7876
322,322,ses0323,usd0323,2025-01-22,Desktop,Safari,Android,Direct,Canada,London,Contact,Services,Yes,New Visitor,Yes,45,43,23,46,5419
323,323,ses0324,usd0324,2025-06-12,Desktop,Safari,iOS,Organic search,UK,Mumbai,Login,Contact,No,Returning Visitor,Yes,86,52,17,40,2818
324,324,ses0325,usd0325,2025-06-14,Tablet,Firefox,Windows,Paid search,India,London,Products,Home,Yes,Returning Visitor,No,20,1,19,48,5205
325,325,ses0326,usd0326,2025-08-14,Desktop,Opera,iOS,Social media,Germany,Delhi,About us,Blog,No,Returning Visitor,No,2,37,20,6,2277
326,326,ses0327,usd0327,2025-08-08,Mobile,Edge,iOS,Paid search,UK,Delhi,Services,Blog,Yes,New Visitor,No,48,7,6,36,1800
327,327,ses0328,usd0328,2025-12-08,Mobile,Opera,Windows,Referral,Germany,Delhi,Products,Products,No,New Visitor,No,92,35,14,31,1369
328,328,ses0329,usd0329,2025-09-24,Tablet,Safari,Windows,Organic search,US,New York,About us,Services,Yes,Returning Visitor,Yes,45,59,5,26,6352
329,329,ses0330,usd0330,2025-10-03,Tablet,Chrome,Windows,Organic search,Australia,London,Products,Products,No,New Visitor,Yes,64,48,22,31,2111
330,330,ses0331,usd0331,2025-10-12,Desktop,Opera,Linux,Paid search,Singapore,Delhi,Pricing,Pricing,Yes,Returning Visitor,Yes,18,55,18,39,841
331,331,ses0332,usd0332,2025-03-23,Mobile,Firefox,iOS,Direct,Germany,Chennai,Login,Blog,Yes,New Visitor,Yes,45,58,15,14,3493
332,332,ses0333,usd0333,2025-09-05,Desktop,Firefox,iOS,Referral,Australia,Delhi,About us,Blog,No,New Visitor,No,20,59,22,7,8269
333,333,ses0334,usd0334,2025-04-24,Desktop,Edge,Linux,Referral,India,Singapore,Home,Services,Yes,New Visitor,Yes,85,50,12,45,1374
334,334,ses0335,usd0335,2025-03-20,Mobile,Opera,Linux,Referral,Canada,Sydney,Services,Blog,No,New Visitor,Yes,92,27,1,35,729
335,335,ses0336,usd0336,2025-07-12,Tablet,Opera,iOS,Organic search,Singapore,Chennai,About us,Contact,Yes,New Visitor,Yes,33,52,4,30,3816
336,336,ses0337,usd0337,2025-04-14,Mobile,Firefox,Windows,Direct,Australia,Singapore,Pricing,Products,Yes,New Visitor,No,20,35,22,27,8993
337,337,ses0338,usd0338,2025-05-16,Mobile,Chrome,Linux,Social media,US,Sydney,Pricing,Contact,Yes,Returning Visitor,No,35,52,19,49,3110
338,338,ses0339,usd0339,2025-05-21,Desktop,Opera,Linux,Social media,India,Mumbai,Contact,Blog,No,Returning Visitor,No,66,22,24,24,3212
339,339,ses0340,usd0340,2025-08-21,Tablet,Firefox,Linux,Direct,Germany,Sydney,Blog,Services,No,New Visitor,Yes,4,33,11,45,7574
340,340,ses0341,usd0341,2025-04-15,Desktop,Opera,Android,Paid search,Singapore,Mumbai,Products,Contact,No,Returning Visitor,No,10,57,21,13,9733
341,341,ses0342,usd0342,2025-05-15,Desktop,Firefox,Android,Organic search,UK,Bangalore,Services,Pricing,Yes,Returning Visitor,No,31,55,22,26,9503
342,342,ses0343,usd0343,2025-09-14,Tablet,Firefox,Windows,Email marketing,UK,London,Login,Products,Yes,New Visitor,No,33,58,20,27,7707
343,343,ses0344,usd0344,2025-08-02,Desktop,Edge,iOS,Direct,UK,London,Products,Pricing,No,New Visitor,No,11,17,20,27,3154
344,344,ses0345,usd0345,2025-02-07,Desktop,Edge,iOS,Paid search,UK,Delhi,Home,Services,No,New Visitor,No,33,15,10,35,2967
345,345,ses0346,usd0346,2025-10-17,Mobile,Opera,Android,Social media,UK,Chennai,Contact,Blog,Yes,Returning Visitor,Yes,71,22,3,39,1670
346,346,ses0347,usd0347,2025-12-24,Tablet,Chrome,iOS,Referral,Singapore,Chennai,Login,Contact,Yes,Returning Visitor,No,9,57,1,45,4889
347,347,ses0348,usd0348,2025-06-22,Mobile,Chrome,Linux,Email marketing,US,New York,Pricing,Contact,Yes,New Visitor,No,96,21,19,38,3057
348,348,ses0349,usd0349,2025-06-04,Desktop,Opera,Linux,Social media,Canada,Bangalore,About us,Services,Yes,New Visitor,Yes,24,52,11,40,1232
349,349,ses0350,usd0350,2025-06-15,Tablet,Safari,iOS,Direct,Canada,Chennai,Contact,Pricing,Yes,New Visitor,Yes,88,23,1,31,1333
350,350,ses0351,usd0351,2025-12-31,Mobile,Safari,Windows,Referral,Australia,Delhi,Contact,Services,No,Returning Visitor,Yes,17,20,14,36,761
351,351,ses0352,usd0352,2025-07-09,Tablet,Firefox,Android,Direct,US,Sydney,Login,Pricing,Yes,New Visitor,No,64,6,16,30,3492
352,352,ses0353,usd0353,2025-05-28,Mobile,Firefox,Android,Organic search,India,New York,Blog,Home,Yes,New Visitor,No,78,54,13,16,6135
353,353,ses0354,usd0354,2025-10-04,Mobile,Opera,Android,Social media,Germany,Bangalore,Services,Pricing,Yes,New Visitor,No,93,12,8,6,1410
354,354,ses0355,usd0355,2025-08-22,Desktop,Edge,Windows,Direct,UK,Chennai,Home,Contact,Yes,Returning Visitor,Yes,62,59,17,46,3716
355,355,ses0356,usd0356,2025-11-15,Tablet,Chrome,Linux,Email marketing,Singapore,Chennai,Home,Products,Yes,Returning Visitor,No,65,58,10,3,5042
356,356,ses0357,usd0357,2025-04-22,Desktop,Edge,Linux,Direct,UK,Delhi,Home,Blog,Yes,New Visitor,Yes,10,49,18,9,2511
357,357,ses0358,usd0358,2025-08-27,Mobile,Opera,Windows,Social media,Singapore,London,Pricing,Products,Yes,Returning Visitor,Yes,6,39,6,5,8198
358,358,ses0359,usd0359,2025-09-28,Tablet,Chrome,Android,Social media,UK,Hyderabad,Home,Contact,Yes,New Visitor,No,85,34,20,42,1425
359,359,ses0360,usd0360,2025-06-19,Tablet,Safari,MacOS,Email marketing,Singapore,London,Pricing,Contact,No,New Visitor,Yes,91,55,3,21,3730
360,360,ses0361,usd0361,2025-04-09,Mobile,Opera,MacOS,Referral,UK,Hyderabad,Products,Pricing,No,New Visitor,No,26,7,6,2,171
361,361,ses0362,usd0362,2025-11-25,Desktop,Safari,Android,Direct,Singapore,Bangalore,Products,Contact,No,Returning Visitor,No,85,2,11,3,4579
362,362,ses0363,usd0363,2025-04-21,Mobile,Safari,iOS,Direct,US,Chennai,About us,Contact,No,New Visitor,Yes,38,33,8,28,5681
363,363,ses0364,usd0364,2025-05-14,Desktop,Opera,Linux,Paid search,Germany,Chennai,Pricing,Contact,Yes,New Visitor,No,4,10,11,22,6024
364,364,ses0365,usd0365,2025-06-14,Desktop,Edge,MacOS,Email marketing,US,New York,Products,Pricing,No,New Visitor,No,54,43,24,37,3805
365,365,ses0366,usd0366,2025-09-27,Desktop,Chrome,iOS,Social media,UK,New York,Blog,Contact,Yes,New Visitor,No,88,20,24,9,6703
366,366,ses0367,usd0367,2025-01-22,Mobile,Chrome,Android,Email marketing,UK,Mumbai,Home,Services,No,New Visitor,Yes,62,7,20,10,8841
367,367,ses0368,usd0368,2025-09-16,Mobile,Edge,Android,Direct,Canada,New York,Login,Home,Yes,Returning Visitor,No,63,52,19,14,2236
368,368,ses0369,usd0369,2025-06-01,Desktop,Edge,MacOS,Paid search,US,Hyderabad,Services,Pricing,Yes,Returning Visitor,No,59,5,18,2,8597
369,369,ses0370,usd0370,2025-07-08,Mobile,Edge,iOS,Organic search,Singapore,Delhi,Login,Contact,No,New Visitor,Yes,62,50,5,44,7712
370,370,ses0371,usd0371,2025-08-10,Tablet,Safari,iOS,Referral,India,London,Login,Services,No,New Visitor,Yes,20,55,5,33,4137
371,371,ses0372,usd0372,2025-07-21,Desktop,Edge,iOS,Email marketing,Singapore,London,Home,Home,Yes,New Visitor,No,74,18,5,44,9962
372,372,ses0373,usd0373,2025-08-15,Tablet,Safari,Android,Social media,Australia,Hyderabad,Services,Products,No,Returning Visitor,No,70,3,2,31,4507
373,373,ses0374,usd0374,2025-02-03,Desktop,Opera,MacOS,Social media,Germany,Hyderabad,Login,Contact,Yes,Returning Visitor,Yes,81,40,14,23,4445
374,374,ses0375,usd0375,2025-09-18,Mobile,Opera,Linux,Direct,US,Singapore,About us,Services,No,New Visitor,Yes,78,40,2,28,2915
375,375,ses0376,usd0376,2025-09-10,Tablet,Opera,iOS,Direct,India,Singapore,Contact,Contact,Yes,Returning Visitor,No,42,33,7,39,5815
376,376,ses0377,usd0377,2025-07-27,Desktop,Safari,Windows,Social media,Germany,Bangalore,About us,Contact,No,New Visitor,No,73,9,17,20,6041
377,377,ses0378,usd0378,2025-07-12,Tablet,Edge,Windows,Organic search,US,New York,Home,Home,Yes,Returning Visitor,Yes,60,25,17,1,8305
378,378,ses0379,usd0379,2025-08-28,Desktop,Chrome,MacOS,Referral,Canada,Chennai,Blog,Pricing,No,New Visitor,Yes,37,52,11,21,1526
379,379,ses0380,usd0380,2025-01-21,Desktop,Safari,iOS,Email marketing,Australia,New York,Contact,Services,No,Returning Visitor,No,40,39,22,7,6949
380,380,ses0381,usd0381,2025-11-09,Mobile,Opera,Android,Direct,India,Sydney,Blog,Blog,Yes,Returning Visitor,Yes,25,9,19,17,9979
381,381,ses0382,usd0382,2025-10-16,Tablet,Safari,Windows,Paid search,Germany,Singapore,Home,Contact,Yes,Returning Visitor,No,38,33,23,36,8857
382,382,ses0383,usd0383,2025-07-09,Mobile,Safari,Windows,Paid search,Australia,Hyderabad,About us,Blog,Yes,New Visitor,Yes,63,15,3,49,2313
383,383,ses0384,usd0384,2025-05-03,Tablet,Opera,Linux,Organic search,Canada,New York,About us,Contact,Yes,New Visitor,No,99,49,1,27,2354
384,384,ses0385,usd0385,2025-07-14,Tablet,Chrome,Windows,Social media,US,Sydney,Home,Pricing,Yes,Returning Visitor,No,60,37,5,23,333
385,385,ses0386,usd0386,2025-07-22,Desktop,Safari,Linux,Paid search,Canada,New York,Services,Products,No,New Visitor,Yes,29,31,11,17,3162
386,386,ses0387,usd0387,2025-09-12,Mobile,Chrome,Linux,Organic search,India,Mumbai,Services,Products,Yes,New Visitor,No,86,26,12,42,3791
387,387,ses0388,usd0388,2025-04-19,Desktop,Opera,Linux,Referral,India,London,Blog,Services,No,New Visitor,Yes,30,38,20,34,933
388,388,ses0389,usd0389,2025-02-28,Desktop,Edge,Linux,Social media,US,Bangalore,Services,Products,No,New Visitor,Yes,45,57,4,34,3462
389,389,ses0390,usd0390,2025-09-19,Mobile,Safari,MacOS,Social media,Canada,Hyderabad,Contact,Home,No,Returning Visitor,No,73,56,5,2,6275
390,390,ses0391,usd0391,2025-01-02,Desktop,Edge,Windows,Email marketing,US,Sydney,Products,Pricing,Yes,Returning Visitor,No,1,4,7,19,5863
391,391,ses0392,usd0392,2025-06-16,Desktop,Opera,MacOS,Social media,US,Bangalore,About us,Services,Yes,New Visitor,Yes,18,7,11,7,9046
392,392,ses0393,usd0393,2025-04-08,Mobile,Opera,Windows,Direct,Australia,Delhi,Services,Contact,No,Returning Visitor,Yes,83,38,11,44,9673
393,393,ses0394,usd0394,2025-03-04,Tablet,Opera,Windows,Paid search,US,Hyderabad,Blog,Services,No,Returning Visitor,No,71,21,9,25,8361
394,394,ses0395,usd0395,2025-01-23,Desktop,Edge,Linux,Social media,UK,Chennai,Products,Home,No,Returning Visitor,No,2,8,4,37,65
395,395,ses0396,usd0396,2025-03-14,Tablet,Safari,Linux,Referral,US,Mumbai,About us,Contact,No,New Visitor,No,5,27,5,28,8600
396,396,ses0397,usd0397,2025-07-17,Mobile,Firefox,Linux,Social media,Germany,Hyderabad,About us,Contact,Yes,Returning Visitor,Yes,78,32,20,7,9198
397,397,ses0398,usd0398,2025-11-27,Mobile,Opera,Android,Email marketing,Singapore,Delhi,Pricing,Pricing,No,Returning Visitor,Yes,45,23,15,13,9530
398,398,ses0399,usd0399,2025-05-30,Mobile,Chrome,Android,Email marketing,Singapore,Singapore,About us,Contact,Yes,New Visitor,No,75,5,19,28,3109
399,399,ses0400,usd0400,2025-05-08,Desktop,Chrome,Linux,Referral,Australia,Mumbai,About us,Contact,Yes,Returning Visitor,Yes,34,1,10,30,2727
400,400,ses0401,usd0401,2025-11-18,Tablet,Edge,Windows,Email marketing,US,London,Login,Products,No,New Visitor,No,73,6,22,2,798
401,401,ses0402,usd0402,2025-04-26,Tablet,Firefox,Linux,Paid search,Canada,Mumbai,Contact,Blog,No,Returning Visitor,Yes,66,8,8,49,5197
402,402,ses0403,usd0403,2025-07-31,Mobile,Opera,Linux,Organic search,Australia,Singapore,Services,Contact,Yes,New Visitor,Yes,49,18,18,34,3362
403,403,ses0404,usd0404,2025-05-11,Desktop,Opera,iOS,Organic search,Australia,Bangalore,About us,Contact,Yes,New Visitor,Yes,71,53,19,23,6519
404,404,ses0405,usd0405,2025-08-15,Desktop,Firefox,Windows,Email marketing,India,Mumbai,Services,Services,Yes,New Visitor,Yes,76,44,6,4,9014
405,405,ses0406,usd0406,2025-07-13,Desktop,Firefox,iOS,Direct,Canada,London,Home,Services,Yes,New Visitor,Yes,23,10,13,4,6715
406,406,ses0407,usd0407,2025-01-10,Tablet,Opera,Linux,Email marketing,India,Sydney,Pricing,Home,No,New Visitor,Yes,97,21,15,48,651
407,407,ses0408,usd0408,2025-04-12,Mobile,Chrome,Windows,Referral,UK,New York,Services,Contact,No,Returning Visitor,Yes,32,51,3,1,9794
408,408,ses0409,usd0409,2025-08-16,Tablet,Edge,Android,Social media,Germany,Singapore,Home,Contact,No,New Visitor,Yes,70,44,21,16,4913
409,409,ses0410,usd0410,2025-11-07,Tablet,Opera,iOS,Paid search,India,Delhi,Login,Contact,No,Returning Visitor,Yes,61,51,9,15,9450
410,410,ses0411,usd0411,2025-01-24,Mobile,Chrome,Windows,Paid search,US,Chennai,Login,Blog,No,New Visitor,No,33,9,9,42,4252
411,411,ses0412,usd0412,2025-06-13,Desktop,Chrome,Android,Paid search,Canada,Bangalore,Login,Contact,No,Returning Visitor,No,66,17,11,10,1160
412,412,ses0413,usd0413,2025-03-21,Desktop,Edge,MacOS,Email marketing,Germany,Singapore,Login,Services,Yes,Returning Visitor,No,14,28,6,24,7754
413,413,ses0414,usd0414,2025-07-04,Tablet,Edge,Windows,Organic search,Germany,Mumbai,Products,Products,No,Returning Visitor,No,99,36,20,5,6085
414,414,ses0415,usd0415,2025-01-20,Desktop,Edge,Windows,Social media,UK,Delhi,About us,Home,No,Returning Visitor,Yes,7,56,15,24,1335
415,415,ses0416,usd0416,2025-07-28,Tablet,Firefox,Android,Paid search,Singapore,Delhi,About us,Services,No,New Visitor,No,50,3,20,23,8878
416,416,ses0417,usd0417,2025-05-09,Mobile,Firefox,Windows,Social media,Singapore,London,About us,Pricing,No,New Visitor,Yes,74,44,17,34,6909
417,417,ses0418,usd0418,2025-09-07,Tablet,Firefox,MacOS,Social media,Germany,Bangalore,About us,Home,No,New Visitor,Yes,84,17,7,39,4281
418,418,ses0419,usd0419,2025-06-03,Mobile,Safari,Windows,Paid search,Singapore,Hyderabad,Services,Contact,No,New Visitor,Yes,46,3,16,8,5540
419,419,ses0420,usd0420,2025-09-08,Mobile,Chrome,MacOS,Direct,Singapore,Bangalore,Home,Contact,Yes,Returning Visitor,Yes,5,24,19,10,5514
420,420,ses0421,usd0421,2025-02-08,Desktop,Opera,iOS,Email marketing,Germany,Sydney,Contact,Products,Yes,Returning Visitor,Yes,65,58,13,20,2993
421,421,ses0422,usd0422,2025-11-23,Desktop,Firefox,iOS,Email marketing,India,Singapore,Login,Home,Yes,Returning Visitor,Yes,26,17,10,37,9931
422,422,ses0423,usd0423,2025-05-04,Mobile,Edge,Android,Referral,UK,Mumbai,Services,Blog,No,New Visitor,Yes,89,24,4,4,5979
423,423,ses0424,usd0424,2025-06-14,Desktop,Firefox,MacOS,Paid search,Australia,Delhi,Login,Blog,No,Returning Visitor,No,33,23,23,20,3693
424,424,ses0425,usd0425,2025-02-23,Desktop,Edge,Windows,Direct,Singapore,Delhi,Contact,Products,Yes,Returning Visitor,No,58,19,15,4,8918
425,425,ses0426,usd0426,2025-06-03,Desktop,Chrome,iOS,Social media,Germany,New York,Blog,Contact,Yes,New Visitor,No,3,46,10,23,466
426,426,ses0427,usd0427,2025-12-23,Mobile,Safari,Android,Paid search,Canada,Bangalore,Products,Home,Yes,New Visitor,No,77,45,8,5,6045
427,427,ses0428,usd0428,2025-03-21,Desktop,Chrome,Linux,Referral,UK,Bangalore,Login,Contact,Yes,Returning Visitor,Yes,77,20,23,34,953
428,428,ses0429,usd0429,2025-01-09,Desktop,Opera,iOS,Email marketing,UK,Singapore,Services,Contact,No,New Visitor,Yes,33,33,11,35,455
429,429,ses0430,usd0430,2025-12-13,Tablet,Edge,iOS,Email marketing,India,New York,About us,Contact,Yes,Returning Visitor,No,89,32,17,20,6348
430,430,ses0431,usd0431,2025-04-13,Tablet,Opera,Windows,Email marketing,UK,London,About us,Contact,No,New Visitor,Yes,92,32,14,40,8447
431,431,ses0432,usd0432,2025-09-20,Desktop,Edge,Windows,Direct,Australia,London,Home,Blog,No,New Visitor,Yes,37,59,2,8,1967
432,432,ses0433,usd0433,2025-06-06,Mobile,Safari,iOS,Paid search,Australia,Mumbai,About us,Home,Yes,New Visitor,Yes,8,45,15,34,9742
433,433,ses0434,usd0434,2025-01-10,Tablet,Safari,MacOS,Social media,India,Chennai,Contact,Contact,No,Returning Visitor,No,91,3,19,15,9621
434,434,ses0435,usd0435,2025-06-18,Mobile,Chrome,Linux,Organic search,Australia,Chennai,Services,Contact,Yes,Returning Visitor,Yes,94,34,7,3,6612
435,435,ses0436,usd0436,2025-07-24,Tablet,Edge,Windows,Paid search,Singapore,Sydney,Services,Home,No,Returning Visitor,Yes,46,16,6,48,5678
436,436,ses0437,usd0437,2025-01-16,Desktop,Opera,MacOS,Referral,UK,Singapore,Services,Blog,Yes,Returning Visitor,Yes,36,50,19,16,8611
437,437,ses0438,usd0438,2025-10-01,Tablet,Firefox,Android,Organic search,UK,London,About us,Pricing,No,Returning Visitor,Yes,36,52,21,35,9210
438,438,ses0439,usd0439,2025-09-04,Mobile,Opera,Windows,Referral,Germany,Mumbai,Pricing,Services,No,Returning Visitor,Yes,89,42,4,12,6210
439,439,ses0440,usd0440,2025-01-06,Desktop,Edge,Windows,Organic search,Canada,Hyderabad,Pricing,Blog,No,New Visitor,No,29,4,12,29,4380
440,440,ses0441,usd0441,2025-06-22,Tablet,Safari,Windows,Email marketing,Australia,Delhi,Home,Pricing,Yes,New Visitor,Yes,57,4,9,35,2184
441,441,ses0442,usd0442,2025-06-02,Tablet,Opera,Windows,Paid search,UK,Sydney,Pricing,Services,No,Returning Visitor,Yes,1,15,21,27,4885
442,442,ses0443,usd0443,2025-11-25,Desktop,Opera,Windows,Paid search,Australia,London,About us,Pricing,No,New Visitor,Yes,63,40,10,21,8454
443,443,ses0444,usd0444,2025-04-04,Desktop,Firefox,Linux,Direct,Germany,Sydney,Login,Contact,Yes,Returning Visitor,No,57,13,9,26,4614
444,444,ses0445,usd0445,2025-11-01,Mobile,Edge,Android,Email marketing,Singapore,London,Login,Contact,No,New Visitor,No,55,59,23,2,4039
445,445,ses0446,usd0446,2025-04-17,Desktop,Safari,Windows,Referral,Australia,Singapore,About us,Services,Yes,Returning Visitor,Yes,36,40,21,11,4846
446,446,ses0447,usd0447,2025-06-14,Desktop,Opera,Windows,Social media,Australia,Sydney,Blog,Contact,Yes,Returning Visitor,Yes,73,14,22,24,6213
447,447,ses0448,usd0448,2025-08-02,Desktop,Edge,iOS,Organic search,Canada,London,Contact,Products,Yes,New Visitor,No,7,2,14,41,1327
448,448,ses0449,usd0449,2025-08-10,Mobile,Firefox,Linux,Direct,Germany,Sydney,About us,Pricing,Yes,New Visitor,Yes,11,40,21,16,1506
449,449,ses0450,usd0450,2025-05-28,Tablet,Opera,Linux,Direct,India,Mumbai,Blog,Products,Yes,Returning Visitor,No,10,27,23,44,6997
450,450,ses0451,usd0451,2025-11-20,Tablet,Chrome,iOS,Paid search,UK,Mumbai,Blog,Home,No,Returning Visitor,No,55,5,2,18,2924
451,451,ses0452,usd0452,2025-09-17,Tablet,Chrome,iOS,Referral,Germany,Sydney,Services,Pricing,Yes,New Visitor,Yes,3,5,11,49,6002
452,452,ses0453,usd0453,2025-12-16,Mobile,Edge,Android,Paid search,Australia,Chennai,Contact,Services,Yes,New Visitor,No,30,47,21,4,3066
453,453,ses0454,usd0454,2025-02-23,Tablet,Safari,iOS,Referral,US,Delhi,Blog,Products,Yes,New Visitor,Yes,3,27,11,4,7593
454,454,ses0455,usd0455,2025-04-23,Tablet,Firefox,MacOS,Referral,Canada,Hyderabad,Login,Pricing,No,New Visitor,No,87,47,14,48,796
455,455,ses0456,usd0456,2025-05-22,Tablet,Chrome,Android,Paid search,Germany,Hyderabad,Services,Contact,No,Returning Visitor,No,82,54,2,14,8291
456,456,ses0457,usd0457,2025-08-23,Desktop,Chrome,Android,Social media,India,Sydney,Contact,Pricing,Yes,New Visitor,No,35,44,5,36,2877
457,457,ses0458,usd0458,2025-01-28,Desktop,Safari,Linux,Referral,US,Sydney,About us,Services,Yes,Returning Visitor,Yes,17,38,23,15,9392
458,458,ses0459,usd0459,2025-04-17,Mobile,Opera,MacOS,Social media,US,Delhi,Blog,Blog,No,New Visitor,No,48,9,8,43,7068
459,459,ses0460,usd0460,2025-11-21,Mobile,Safari,Android,Referral,India,Sydney,Services,Contact,No,New Visitor,No,89,56,24,38,4866
460,460,ses0461,usd0461,2025-06-20,Mobile,Firefox,Android,Direct,US,Bangalore,Home,Contact,Yes,Returning Visitor,No,10,45,10,1,591
461,461,ses0462,usd0462,2025-01-12,Tablet,Safari,iOS,Social media,India,Delhi,Blog,Contact,No,New Visitor,Yes,36,9,20,40,994
462,462,ses0463,usd0463,2025-04-27,Mobile,Opera,Linux,Email marketing,Germany,Sydney,About us,Pricing,No,New Visitor,No,90,7,19,49,7686
463,463,ses0464,usd0464,2025-12-06,Tablet,Opera,MacOS,Email marketing,Australia,Delhi,Blog,Pricing,Yes,New Visitor,No,74,13,10,22,6399
464,464,ses0465,usd0465,2025-01-21,Tablet,Safari,Android,Paid search,Canada,Bangalore,Blog,Blog,No,New Visitor,Yes,54,5,15,46,4770
465,465,ses0466,usd0466,2025-04-11,Desktop,Opera,Linux,Paid search,UK,Mumbai,Blog,Blog,Yes,Returning Visitor,Yes,14,42,20,2,2166
466,466,ses0467,usd0467,2025-02-21,Tablet,Firefox,Android,Referral,UK,Chennai,About us,Pricing,Yes,Returning Visitor,No,78,12,6,29,9408
467,467,ses0468,usd0468,2025-04-29,Desktop,Chrome,Android,Referral,US,Hyderabad,Blog,Services,Yes,New Visitor,Yes,27,19,14,32,5382
468,468,ses0469,usd0469,2025-11-22,Mobile,Edge,Linux,Paid search,Germany,Chennai,Services,Contact,Yes,New Visitor,Yes,91,45,15,33,9454
469,469,ses0470,usd0470,2025-12-29,Mobile,Edge,Windows,Social media,Australia,Hyderabad,Products,Contact,Yes,Returning Visitor,Yes,38,46,19,4,1422
470,470,ses0471,usd0471,2025-01-12,Tablet,Edge,iOS,Referral,UK,Bangalore,Pricing,Services,Yes,Returning Visitor,No,44,44,8,44,4323
471,471,ses0472,usd0472,2025-12-18,Mobile,Opera,Android,Paid search,Australia,New York,About us,Pricing,No,Returning Visitor,Yes,29,18,13,42,7427
472,472,ses0473,usd0473,2025-01-12,Desktop,Safari,MacOS,Paid search,US,Hyderabad,Blog,Home,No,Returning Visitor,No,12,31,8,22,6351
473,473,ses0474,usd0474,2025-08-04,Mobile,Edge,iOS,Direct,US,Chennai,Blog,Blog,Yes,Returning Visitor,Yes,88,59,15,1,6831
474,474,ses0475,usd0475,2025-11-07,Desktop,Firefox,iOS,Referral,Canada,Singapore,Services,Contact,Yes,New Visitor,Yes,22,38,1,21,8114
475,475,ses0476,usd0476,2025-01-15,Desktop,Edge,Windows,Direct,Canada,Hyderabad,Pricing,Blog,No,New Visitor,No,33,20,15,42,2213
476,476,ses0477,usd0477,2025-01-28,Mobile,Chrome,Windows,Referral,Australia,Hyderabad,Services,Services,Yes,New Visitor,No,47,33,3,33,8631
477,477,ses0478,usd0478,2025-05-13,Mobile,Chrome,Android,Direct,Canada,Singapore,Home,Pricing,Yes,Returning Visitor,No,8,8,12,38,1302
478,478,ses0479,usd0479,2025-08-11,Tablet,Opera,MacOS,Paid search,India,Chennai,Services,Services,Yes,Returning Visitor,No,33,43,12,14,9270
479,479,ses0480,usd0480,2025-06-01,Mobile,Safari,Windows,Organic search,Canada,Delhi,Home,Pricing,No,Returning Visitor,No,27,37,4,5,4813
480,480,ses0481,usd0481,2025-12-02,Mobile,Edge,Linux,Social media,Germany,New York,Products,Pricing,No,Returning Visitor,Yes,32,40,15,24,2682
481,481,ses0482,usd0482,2025-10-28,Mobile,Chrome,MacOS,Referral,Australia,Hyderabad,Contact,Contact,Yes,New Visitor,No,8,51,14,33,2789
482,482,ses0483,usd0483,2025-12-05,Tablet,Opera,Linux,Email marketing,Canada,Sydney,About us,Home,No,Returning Visitor,No,51,36,23,45,3956
483,483,ses0484,usd0484,2025-02-18,Mobile,Firefox,Android,Social media,Germany,Sydney,About us,Contact,No,Returning Visitor,Yes,46,3,9,17,9499
484,484,ses0485,usd0485,2025-07-19,Desktop,Edge,Windows,Direct,UK,Bangalore,Contact,Products,No,New Visitor,No,19,2,12,42,7928
485,485,ses0486,usd0486,2025-03-28,Desktop,Opera,Windows,Referral,Australia,Mumbai,Services,Contact,No,New Visitor,No,65,10,24,37,2408
486,486,ses0487,usd0487,2025-12-10,Desktop,Chrome,MacOS,Email marketing,US,Delhi,About us,Products,Yes,Returning Visitor,No,5,13,9,40,1761
487,487,ses0488,usd0488,2025-08-09,Desktop,Firefox,Windows,Social media,Singapore,Sydney,Blog,Contact,Yes,New Visitor,No,94,14,24,38,1183
488,488,ses0489,usd0489,2025-02-09,Mobile,Safari,Linux,Direct,UK,Chennai,Login,Products,No,Returning Visitor,No,83,26,7,26,9375
489,489,ses0490,usd0490,2025-02-24,Desktop,Chrome,Linux,Paid search,Germany,Sydney,Login,Home,Yes,New Visitor,No,89,8,21,25,639
490,490,ses0491,usd0491,2025-08-19,Desktop,Chrome,Windows,Paid search,Germany,Singapore,Home,Contact,No,Returning Visitor,No,45,17,13,32,8631
491,491,ses0492,usd0492,2025-04-15,Desktop,Firefox,iOS,Organic search,UK,Mumbai,Contact,Blog,Yes,New Visitor,Yes,18,36,7,10,5623
492,492,ses0493,usd0493,2025-11-17,Tablet,Firefox,iOS,Paid search,Australia,Sydney,Pricing,Blog,No,New Visitor,No,9,4,4,35,9164
493,493,ses0494,usd0494,2025-11-02,Tablet,Firefox,iOS,Organic search,Canada,London,Products,Contact,No,Returning Visitor,Yes,74,54,16,36,9893
494,494,ses0495,usd0495,2025-10-15,Tablet,Safari,MacOS,Paid search,India,Delhi,Pricing,Products,No,New Visitor,No,2,25,6,25,5802
495,495,ses0496,usd0496,2025-06-10,Tablet,Edge,iOS,Paid search,Singapore,Bangalore,Home,Contact,Yes,New Visitor,No,80,59,21,8,1576
496,496,ses0497,usd0497,2025-12-03,Tablet,Opera,Linux,Referral,Singapore,Bangalore,Login,Blog,Yes,New Visitor,Yes,80,48,1,22,4249
497,497,ses0498,usd0498,2025-01-25,Desktop,Opera,Windows,Social media,UK,Bangalore,Pricing,Pricing,No,New Visitor,No,86,58,5,13,3507
498,498,ses0499,usd0499,2025-05-25,Tablet,Safari,MacOS,Email marketing,US,Hyderabad,Products,Contact,No,Returning Visitor,No,74,42,7,35,3430
499,499,ses0500,usd0500,2025-10-16,Mobile,Safari,Windows,Email marketing,Singapore,New York,Products,Products,No,New Visitor,No,40,27,8,12,6338
500,500,ses0501,usd0501,2025-04-23,Mobile,Opera,Android,Paid search,Germany,Singapore,Login,Contact,Yes,Returning Visitor,No,98,59,19,22,3925
501,501,ses0502,usd0502,2025-12-26,Mobile,Chrome,Linux,Direct,US,Sydney,Services,Contact,Yes,Returning Visitor,No,11,30,15,27,8186
502,502,ses0503,usd0503,2025-05-20,Mobile,Opera,iOS,Social media,India,Chennai,About us,Home,Yes,Returning Visitor,Yes,29,8,6,37,1913
503,503,ses0504,usd0504,2025-03-28,Tablet,Opera,iOS,Email marketing,Australia,New York,Blog,Blog,No,Returning Visitor,No,57,53,24,28,1102
504,504,ses0505,usd0505,2025-01-18,Mobile,Firefox,Linux,Direct,US,London,Pricing,Contact,No,Returning Visitor,No,14,55,24,2,6426
505,505,ses0506,usd0506,2025-07-18,Desktop,Firefox,Android,Paid search,India,New York,Pricing,Home,Yes,New Visitor,Yes,58,42,15,13,8638
506,506,ses0507,usd0507,2025-10-30,Mobile,Opera,Windows,Direct,India,Delhi,Login,Products,Yes,Returning Visitor,Yes,49,51,16,27,5640
507,507,ses0508,usd0508,2025-08-05,Tablet,Firefox,Android,Organic search,Germany,Mumbai,About us,Blog,Yes,New Visitor,No,89,3,19,17,7429
508,508,ses0509,usd0509,2025-07-22,Tablet,Opera,iOS,Referral,Canada,New York,Home,Home,No,New Visitor,Yes,23,37,3,13,4081
509,509,ses0510,usd0510,2025-02-27,Tablet,Chrome,Linux,Paid search,India,Hyderabad,Pricing,Products,No,New Visitor,No,40,49,12,33,9863
510,510,ses0511,usd0511,2025-09-19,Desktop,Chrome,iOS,Social media,UK,Hyderabad,Services,Home,No,Returning Visitor,Yes,46,38,2,48,4929
511,511,ses0512,usd0512,2025-02-09,Mobile,Safari,Windows,Paid search,India,Delhi,Home,Services,No,Returning Visitor,No,49,31,17,31,1132
512,512,ses0513,usd0513,2025-11-02,Tablet,Edge,Android,Direct,Germany,Chennai,Login,Contact,No,New Visitor,Yes,10,44,2,49,8758
513,513,ses0514,usd0514,2025-04-05,Desktop,Chrome,iOS,Social media,Canada,Bangalore,Pricing,Pricing,Yes,New Visitor,Yes,38,34,22,34,4949
514,514,ses0515,usd0515,2025-01-30,Tablet,Opera,MacOS,Email marketing,UK,Sydney,Login,Pricing,No,Returning Visitor,Yes,24,28,14,17,1252
515,515,ses0516,usd0516,2025-08-22,Tablet,Firefox,Android,Email marketing,India,Chennai,Contact,Blog,No,New Visitor,Yes,87,43,24,29,3756
516,516,ses0517,usd0517,2025-12-13,Desktop,Opera,Windows,Organic search,Germany,Singapore,Blog,Products,Yes,New Visitor,Yes,77,41,9,20,3630
517,517,ses0518,usd0518,2025-07-01,Mobile,Safari,Windows,Email marketing,Germany,Sydney,About us,Contact,No,New Visitor,Yes,8,51,20,18,6848
518,518,ses0519,usd0519,2025-01-26,Mobile,Firefox,Windows,Paid search,Canada,Mumbai,Contact,Contact,Yes,New Visitor,Yes,92,19,11,13,4393
519,519,ses0520,usd0520,2025-07-17,Mobile,Chrome,Android,Referral,India,Hyderabad,Products,Services,No,Returning Visitor,No,58,36,22,14,4807
520,520,ses0521,usd0521,2025-11-08,Mobile,Opera,Windows,Referral,UK,New York,Login,Contact,Yes,Returning Visitor,No,66,43,1,29,2265
521,521,ses0522,usd0522,2025-10-28,Mobile,Edge,Windows,Social media,UK,Singapore,Login,Pricing,No,New Visitor,Yes,25,15,9,36,2212
522,522,ses0523,usd0523,2025-02-21,Desktop,Edge,Android,Organic search,India,Singapore,Login,Pricing,No,New Visitor,No,10,55,12,10,355
523,523,ses0524,usd0524,2025-06-10,Mobile,Opera,iOS,Referral,Canada,Chennai,Pricing,Products,No,Returning Visitor,Yes,76,36,4,28,5913
524,524,ses0525,usd0525,2026-01-01,Tablet,Safari,Android,Email marketing,UK,Delhi,Contact,Pricing,No,Returning Visitor,Yes,42,58,15,36,6086
525,525,ses0526,usd0526,2025-01-14,Mobile,Safari,Linux,Paid search,Australia,Bangalore,Login,Products,Yes,Returning Visitor,Yes,59,41,14,28,44
526,526,ses0527,usd0527,2025-03-02,Desktop,Firefox,Linux,Social media,Canada,New York,About us,Products,No,Returning Visitor,No,49,7,11,4,5045
527,527,ses0528,usd0528,2025-08-30,Mobile,Chrome,iOS,Referral,UK,London,Contact,Services,Yes,Returning Visitor,Yes,58,39,11,39,8853
528,528,ses0529,usd0529,2025-01-31,Tablet,Opera,MacOS,Organic search,Singapore,Delhi,Login,Services,No,New Visitor,No,13,41,11,49,2731
529,529,ses0530,usd0530,2025-06-21,Tablet,Edge,MacOS,Paid search,Australia,Mumbai,About us,Services,No,Returning Visitor,Yes,48,14,14,31,348
530,530,ses0531,usd0531,2025-11-30,Tablet,Safari,Windows,Email marketing,Australia,New York,Services,Contact,Yes,Returning Visitor,Yes,52,37,4,33,766
531,531,ses0532,usd0532,2025-05-14,Tablet,Firefox,Linux,Paid search,US,Delhi,Login,Services,No,New Visitor,No,67,10,22,24,5601
532,532,ses0533,usd0533,2025-12-22,Tablet,Safari,iOS,Direct,Canada,Bangalore,Pricing,Home,Yes,New Visitor,Yes,90,43,18,27,28
533,533,ses0534,usd0534,2025-08-26,Desktop,Safari,Android,Email marketing,Singapore,Delhi,Services,Home,No,New Visitor,No,23,1,11,37,6589
534,534,ses0535,usd0535,2025-06-06,Tablet,Chrome,iOS,Organic search,UK,Sydney,About us,Products,No,New Visitor,Yes,8,29,2,46,4768
535,535,ses0536,usd0536,2025-08-26,Desktop,Edge,MacOS,Paid search,US,London,About us,Products,No,Returning Visitor,No,78,44,18,18,1732
536,536,ses0537,usd0537,2025-10-06,Tablet,Edge,MacOS,Paid search,US,Singapore,Blog,Contact,No,Returning Visitor,No,81,1,10,31,730
537,537,ses0538,usd0538,2025-04-12,Mobile,Edge,Android,Referral,US,New York,Home,Contact,Yes,New Visitor,No,39,43,20,4,1143
538,538,ses0539,usd0539,2025-01-14,Tablet,Safari,Linux,Organic search,India,Singapore,Home,Contact,Yes,New Visitor,No,29,19,9,36,7187
539,539,ses0540,usd0540,2025-08-22,Mobile,Opera,Android,Paid search,Singapore,Delhi,Contact,Contact,Yes,Returning Visitor,No,54,12,19,6,9870
540,540,ses0541,usd0541,2025-03-25,Desktop,Firefox,Windows,Social media,UK,New York,Pricing,Contact,Yes,Returning Visitor,No,63,10,4,30,1315
541,541,ses0542,usd0542,2025-05-19,Tablet,Edge,Windows,Paid search,Singapore,Singapore,About us,Products,No,New Visitor,No,95,7,3,40,6734
542,542,ses0543,usd0543,2025-05-25,Tablet,Firefox,MacOS,Referral,UK,Bangalore,Home,Contact,Yes,Returning Visitor,No,57,20,19,3,3630
543,543,ses0544,usd0544,2025-01-26,Mobile,Firefox,Android,Email marketing,India,Bangalore,Contact,Pricing,Yes,New Visitor,Yes,48,57,3,20,9250
544,544,ses0545,usd0545,2025-05-10,Desktop,Opera,Linux,Email marketing,Germany,Singapore,Pricing,Products,No,New Visitor,Yes,91,34,17,10,5539
545,545,ses0546,usd0546,2025-10-01,Desktop,Safari,iOS,Referral,Singapore,Sydney,Login,Blog,Yes,New Visitor,Yes,3,54,24,38,139
546,546,ses0547,usd0547,2025-05-24,Tablet,Firefox,Linux,Organic search,US,New York,Services,Pricing,Yes,New Visitor,No,66,48,3,18,4642
547,547,ses0548,usd0548,2025-05-05,Tablet,Opera,Android,Referral,Germany,Singapore,Products,Products,Yes,New Visitor,No,77,19,16,36,946
548,548,ses0549,usd0549,2025-01-15,Tablet,Edge,Android,Organic search,Singapore,Sydney,Home,Contact,Yes,New Visitor,Yes,54,55,17,34,8909
549,549,ses0550,usd0550,2025-08-04,Tablet,Opera,iOS,Organic search,Canada,Sydney,Pricing,Pricing,Yes,Returning Visitor,No,9,17,24,2,8019
550,550,ses0551,usd0551,2025-08-25,Mobile,Chrome,Android,Paid search,US,Hyderabad,Services,Pricing,Yes,Returning Visitor,No,34,26,12,46,9004
551,551,ses0552,usd0552,2025-02-14,Desktop,Edge,Windows,Social media,Germany,Hyderabad,Home,Products,No,New Visitor,Yes,56,34,18,2,5712
552,552,ses0553,usd0553,2025-11-27,Desktop,Chrome,Windows,Paid search,India,London,Login,Products,Yes,New Visitor,Yes,72,36,16,11,9698
553,553,ses0554,usd0554,2025-07-04,Desktop,Edge,Windows,Direct,Singapore,Mumbai,Contact,Blog,Yes,Returning Visitor,Yes,93,17,3,43,536
554,554,ses0555,usd0555,2025-05-14,Mobile,Safari,MacOS,Email marketing,Australia,Singapore,Login,Contact,No,New Visitor,Yes,11,26,4,37,2601
555,555,ses0556,usd0556,2025-06-23,Desktop,Chrome,iOS,Paid search,UK,Sydney,Services,Blog,Yes,New Visitor,No,61,15,16,24,5692
556,556,ses0557,usd0557,2025-07-12,Desktop,Opera,Android,Paid search,UK,Bangalore,Services,Home,Yes,Returning Visitor,No,49,32,18,46,6218
557,557,ses0558,usd0558,2025-05-02,Mobile,Opera,MacOS,Paid search,Australia,Mumbai,Login,Products,Yes,Returning Visitor,No,81,28,24,5,9446
558,558,ses0559,usd0559,2025-01-03,Desktop,Safari,iOS,Paid search,UK,Delhi,Blog,Blog,No,New Visitor,No,94,22,10,47,5628
559,559,ses0560,usd0560,2025-04-21,Desktop,Opera,Android,Email marketing,UK,New York,Products,Contact,No,Returning Visitor,No,34,55,17,49,1097
560,560,ses0561,usd0561,2025-04-23,Desktop,Chrome,Windows,Paid search,Australia,Delhi,Blog,Contact,No,New Visitor,No,44,24,10,13,6077
561,561,ses0562,usd0562,2025-12-21,Mobile,Safari,MacOS,Referral,Germany,Chennai,Contact,Contact,Yes,Returning Visitor,Yes,37,49,14,40,1221
562,562,ses0563,usd0563,2025-06-21,Desktop,Opera,MacOS,Organic search,Germany,New York,Blog,Contact,Yes,Returning Visitor,Yes,68,11,15,34,2212
563,563,ses0564,usd0564,2025-10-09,Tablet,Chrome,Android,Paid search,UK,Bangalore,Blog,Pricing,No,Returning Visitor,No,71,9,17,40,4830
564,564,ses0565,usd0565,2025-07-31,Tablet,Edge,MacOS,Referral,Canada,Bangalore,Contact,Contact,No,Returning Visitor,Yes,48,5,16,35,7081
565,565,ses0566,usd0566,2025-11-30,Tablet,Chrome,MacOS,Email marketing,UK,Delhi,Login,Services,No,Returning Visitor,Yes,36,12,22,42,8536
566,566,ses0567,usd0567,2025-11-29,Mobile,Chrome,MacOS,Paid search,India,Singapore,Products,Products,No,Returning Visitor,No,15,39,7,10,6683
567,567,ses0568,usd0568,2025-06-30,Desktop,Firefox,Windows,Referral,UK,Singapore,Blog,Contact,Yes,Returning Visitor,Yes,77,51,6,33,5093
568,568,ses0569,usd0569,2025-12-09,Mobile,Edge,MacOS,Referral,US,Singapore,Blog,Contact,Yes,New Visitor,Yes,72,39,1,3,6104
569,569,ses0570,usd0570,2025-11-01,Mobile,Firefox,MacOS,Social media,Australia,New York,Home,Contact,No,Returning Visitor,No,31,31,11,36,240
570,570,ses0571,usd0571,2025-07-07,Tablet,Safari,iOS,Referral,US,Chennai,About us,Blog,No,Returning Visitor,Yes,4,31,5,36,7929
571,571,ses0572,usd0572,2025-10-27,Desktop,Edge,Linux,Direct,Canada,London,Blog,Pricing,No,New Visitor,No,53,1,9,14,6596
572,572,ses0573,usd0573,2025-09-02,Tablet,Firefox,Android,Organic search,UK,Delhi,Blog,Contact,No,Returning Visitor,No,98,29,17,46,1536
573,573,ses0574,usd0574,2025-05-08,Mobile,Chrome,Linux,Organic search,Canada,New York,Login,Products,Yes,New Visitor,No,40,21,3,6,4195
574,574,ses0575,usd0575,2025-11-19,Tablet,Edge,Windows,Referral,Singapore,Hyderabad,Pricing,Contact,Yes,Returning Visitor,No,9,14,14,28,9193
575,575,ses0576,usd0576,2025-09-07,Desktop,Safari,Windows,Organic search,Australia,Chennai,Services,Contact,No,New Visitor,No,75,42,17,4,3436
576,576,ses0577,usd0577,2025-09-06,Mobile,Edge,Linux,Email marketing,Australia,Hyderabad,Home,Services,No,Returning Visitor,Yes,46,14,20,33,9718
577,577,ses0578,usd0578,2025-07-18,Desktop,Firefox,MacOS,Organic search,India,New York,Contact,Contact,Yes,Returning Visitor,No,15,59,11,17,2627
578,578,ses0579,usd0579,2025-04-21,Desktop,Opera,MacOS,Direct,Germany,Singapore,Blog,Contact,Yes,Returning Visitor,Yes,88,3,16,22,2363
579,579,ses0580,usd0580,2025-11-01,Mobile,Opera,Windows,Organic search,India,Chennai,Blog,Contact,Yes,New Visitor,Yes,82,5,1,2,1001
580,580,ses0581,usd0581,2025-01-05,Desktop,Firefox,MacOS,Referral,US,Bangalore,Contact,Services,No,New Visitor,Yes,55,59,6,8,4367
581,581,ses0582,usd0582,2025-05-11,Desktop,Opera,iOS,Paid search,Singapore,New York,Login,Pricing,Yes,New Visitor,Yes,70,42,17,19,9931
582,582,ses0583,usd0583,2025-11-01,Mobile,Safari,MacOS,Social media,India,New York,Services,Services,Yes,New Visitor,Yes,1,9,19,47,3568
583,583,ses0584,usd0584,2025-08-10,Desktop,Edge,Android,Referral,UK,Delhi,Blog,Pricing,Yes,New Visitor,Yes,34,27,23,31,961
584,584,ses0585,usd0585,2025-12-17,Tablet,Firefox,Linux,Email marketing,UK,London,Login,Contact,No,New Visitor,No,61,29,2,34,2686
585,585,ses0586,usd0586,2025-07-01,Desktop,Safari,MacOS,Organic search,Singapore,Sydney,Pricing,Products,Yes,New Visitor,Yes,49,33,17,14,7194
586,586,ses0587,usd0587,2025-05-01,Tablet,Safari,Linux,Email marketing,Australia,Chennai,Blog,Services,No,Returning Visitor,No,52,17,11,16,1184
587,587,ses0588,usd0588,2025-06-28,Desktop,Safari,Android,Referral,India,Chennai,Home,Services,No,New Visitor,Yes,99,12,2,38,1808
588,588,ses0589,usd0589,2025-01-02,Desktop,Safari,Windows,Paid search,Singapore,New York,Home,Contact,Yes,New Visitor,No,13,53,4,38,6584
589,589,ses0590,usd0590,2025-02-27,Desktop,Edge,Windows,Email marketing,Australia,New York,Pricing,Home,No,Returning Visitor,Yes,74,40,6,33,9350
590,590,ses0591,usd0591,2025-08-17,Tablet,Firefox,iOS,Organic search,Germany,Sydney,Home,Contact,No,Returning Visitor,Yes,40,23,4,10,7232
591,591,ses0592,usd0592,2025-12-18,Mobile,Safari,Windows,Organic search,India,Bangalore,Blog,Contact,No,Returning Visitor,Yes,1,49,12,16,3346
592,592,ses0593,usd0593,2025-02-28,Mobile,Firefox,Windows,Referral,US,New York,Home,Home,Yes,Returning Visitor,No,42,55,14,3,4128
593,593,ses0594,usd0594,2025-10-27,Desktop,Chrome,iOS,Paid search,Germany,London,Products,Blog,Yes,New Visitor,Yes,97,12,17,17,8966
594,594,ses0595,usd0595,2025-11-13,Mobile,Safari,Android,Social media,Australia,Sydney,About us,Services,No,Returning Visitor,No,80,1,3,12,1214
595,595,ses0596,usd0596,2025-03-13,Tablet,Opera,iOS,Paid search,Canada,Mumbai,Contact,Services,Yes,New Visitor,Yes,99,42,6,6,2640
596,596,ses0597,usd0597,2025-05-16,Desktop,Chrome,Windows,Referral,India,Sydney,Login,Contact,Yes,New Visitor,No,75,59,9,44,1028
597,597,ses0598,usd0598,2025-06-25,Tablet,Chrome,MacOS,Referral,India,Hyderabad,Products,Home,Yes,Returning Visitor,Yes,8,53,12,32,5439
598,598,ses0599,usd0599,2025-06-27,Mobile,Chrome,Windows,Organic search,India,Delhi,About us,Home,No,New Visitor,Yes,89,59,15,14,8847
599,599,ses0600,usd0600,2025-04-29,Mobile,Edge,iOS,Paid search,Germany,Hyderabad,Contact,Contact,Yes,New Visitor,Yes,91,42,22,2,1815
600,600,ses0601,usd0601,2025-07-19,Tablet,Edge,MacOS,Social media,Australia,London,Login,Contact,Yes,Returning Visitor,No,36,12,4,12,8552
601,601,ses0602,usd0602,2025-02-18,Tablet,Opera,MacOS,Direct,Singapore,Chennai,Services,Contact,Yes,Returning Visitor,Yes,38,36,11,44,8833
602,602,ses0603,usd0603,2025-05-05,Desktop,Opera,Windows,Direct,Australia,London,Contact,Blog,No,Returning Visitor,Yes,11,32,5,9,2966
603,603,ses0604,usd0604,2025-04-09,Desktop,Chrome,MacOS,Social media,UK,Delhi,Blog,Contact,Yes,Returning Visitor,No,32,2,16,46,8852
604,604,ses0605,usd0605,2025-05-15,Mobile,Safari,Windows,Referral,Canada,Mumbai,Login,Home,Yes,New Visitor,Yes,34,8,17,36,461
605,605,ses0606,usd0606,2025-12-03,Tablet,Chrome,MacOS,Organic search,UK,Bangalore,Blog,Pricing,No,New Visitor,Yes,25,29,7,43,8741
606,606,ses0607,usd0607,2025-08-07,Desktop,Edge,Android,Social media,UK,Mumbai,Login,Products,Yes,New Visitor,No,44,5,22,33,6711
607,607,ses0608,usd0608,2025-06-08,Desktop,Edge,MacOS,Paid search,Canada,Chennai,Products,Pricing,No,Returning Visitor,Yes,55,9,24,41,8611
608,608,ses0609,usd0609,2025-04-01,Tablet,Safari,MacOS,Referral,Singapore,Delhi,Services,Pricing,Yes,New Visitor,No,50,14,23,9,203
609,609,ses0610,usd0610,2025-05-08,Tablet,Edge,Android,Direct,UK,Sydney,Pricing,Services,No,Returning Visitor,Yes,71,15,15,19,7383
610,610,ses0611,usd0611,2025-03-25,Tablet,Safari,MacOS,Organic search,Germany,Chennai,Contact,Services,Yes,New Visitor,Yes,89,1,8,29,5443
611,611,ses0612,usd0612,2025-07-06,Tablet,Chrome,Windows,Paid search,India,Sydney,Pricing,Contact,No,Returning Visitor,Yes,37,48,21,7,2998
612,612,ses0613,usd0613,2025-10-08,Mobile,Safari,Windows,Paid search,India,Bangalore,Services,Blog,No,New Visitor,Yes,55,51,1,39,1357
613,613,ses0614,usd0614,2025-06-03,Mobile,Firefox,Android,Referral,US,London,Contact,Blog,No,New Visitor,No,83,14,9,42,6727
614,614,ses0615,usd0615,2025-06-27,Tablet,Opera,Android,Organic search,US,Bangalore,Products,Home,No,New Visitor,No,87,42,19,10,3813
615,615,ses0616,usd0616,2025-06-13,Mobile,Edge,MacOS,Direct,Singapore,Singapore,Blog,Contact,Yes,New Visitor,Yes,84,15,15,13,2979
616,616,ses0617,usd0617,2025-06-10,Desktop,Chrome,Android,Direct,UK,Delhi,Pricing,Contact,No,New Visitor,Yes,68,44,21,32,7694
617,617,ses0618,usd0618,2025-08-20,Tablet,Opera,MacOS,Social media,Australia,Delhi,About us,Products,No,Returning Visitor,Yes,87,37,2,6,7702
618,618,ses0619,usd0619,2025-05-30,Tablet,Firefox,iOS,Paid search,Singapore,Delhi,Login,Products,Yes,Returning Visitor,Yes,4,33,7,6,2883
619,619,ses0620,usd0620,2025-06-27,Tablet,Opera,MacOS,Direct,US,Mumbai,Home,Services,No,Returning Visitor,Yes,79,41,7,46,3732
620,620,ses0621,usd0621,2025-07-27,Mobile,Safari,iOS,Organic search,Canada,Chennai,About us,Home,Yes,Returning Visitor,No,43,47,14,45,7091
621,621,ses0622,usd0622,2025-07-07,Desktop,Edge,Windows,Social media,India,Chennai,Login,Home,No,New Visitor,No,49,48,17,48,1812
622,622,ses0623,usd0623,2025-04-26,Tablet,Safari,iOS,Referral,India,Bangalore,Login,Contact,Yes,Returning Visitor,Yes,93,31,1,4,262
623,623,ses0624,usd0624,2025-09-15,Desktop,Opera,Windows,Organic search,UK,Bangalore,Contact,Contact,Yes,Returning Visitor,No,61,42,11,28,1821
624,624,ses0625,usd0625,2025-12-03,Mobile,Firefox,iOS,Direct,India,Mumbai,Blog,Pricing,No,New Visitor,No,99,2,24,39,5676
625,625,ses0626,usd0626,2025-11-06,Mobile,Edge,iOS,Email marketing,Singapore,Chennai,Login,Contact,No,New Visitor,Yes,37,1,12,35,267
626,626,ses0627,usd0627,2025-10-26,Tablet,Firefox,Windows,Direct,Canada,Hyderabad,Blog,Products,Yes,New Visitor,No,39,4,2,21,1374
627,627,ses0628,usd0628,2025-07-25,Tablet,Safari,Linux,Paid search,US,Hyderabad,Login,Contact,No,New Visitor,Yes,94,51,12,23,1955
628,628,ses0629,usd0629,2025-08-27,Tablet,Safari,iOS,Social media,Germany,London,Home,Pricing,Yes,Returning Visitor,No,29,35,20,44,3428
629,629,ses0630,usd0630,2025-08-04,Mobile,Edge,iOS,Organic search,Germany,Sydney,Contact,Contact,No,Returning Visitor,No,13,29,8,8,2581
630,630,ses0631,usd0631,2025-07-05,Tablet,Edge,MacOS,Paid search,India,London,Products,Services,Yes,Returning Visitor,Yes,78,2,14,15,2930
631,631,ses0632,usd0632,2025-08-05,Tablet,Edge,Linux,Social media,Germany,Mumbai,Services,Pricing,Yes,New Visitor,Yes,13,44,21,45,2638
632,632,ses0633,usd0633,2025-10-16,Mobile,Safari,Windows,Paid search,India,New York,Home,Products,No,New Visitor,No,2,13,17,49,7322
633,633,ses0634,usd0634,2025-01-03,Desktop,Opera,Windows,Referral,US,London,About us,Pricing,No,New Visitor,No,13,12,10,6,9511
634,634,ses0635,usd0635,2025-06-25,Desktop,Opera,Android,Direct,UK,Hyderabad,Home,Pricing,Yes,Returning Visitor,No,87,25,22,13,6706
635,635,ses0636,usd0636,2025-10-15,Desktop,Edge,Windows,Organic search,Singapore,New York,Pricing,Home,Yes,New Visitor,Yes,21,48,1,44,7954
636,636,ses0637,usd0637,2025-09-24,Desktop,Safari,Windows,Paid search,Singapore,Hyderabad,Pricing,Contact,Yes,New Visitor,Yes,47,46,3,33,1318
637,637,ses0638,usd0638,2025-05-27,Tablet,Firefox,Android,Referral,Australia,New York,Pricing,Products,Yes,Returning Visitor,Yes,33,25,19,26,1105
638,638,ses0639,usd0639,2025-03-22,Mobile,Firefox,iOS,Organic search,Germany,London,Products,Pricing,Yes,New Visitor,No,55,16,20,31,4949
639,639,ses0640,usd0640,2025-01-15,Tablet,Chrome,MacOS,Direct,Australia,Mumbai,Home,Pricing,Yes,Returning Visitor,No,78,16,2,35,9685
640,640,ses0641,usd0641,2025-10-25,Tablet,Edge,Windows,Direct,Canada,Sydney,Pricing,Blog,Yes,Returning Visitor,No,3,9,10,27,2793
641,641,ses0642,usd0642,2025-10-21,Tablet,Opera,Windows,Email marketing,Canada,Chennai,Login,Services,Yes,Returning Visitor,Yes,85,48,13,13,80
642,642,ses0643,usd0643,2025-02-26,Tablet,Edge,MacOS,Referral,Australia,London,Products,Contact,Yes,New Visitor,No,56,7,15,25,1234
643,643,ses0644,usd0644,2025-10-27,Tablet,Opera,iOS,Email marketing,US,New York,Contact,Pricing,Yes,Returning Visitor,No,15,46,10,10,6088
644,644,ses0645,usd0645,2025-10-08,Desktop,Safari,iOS,Organic search,Australia,Bangalore,Pricing,Services,No,New Visitor,Yes,97,4,2,20,9963
645,645,ses0646,usd0646,2025-06-28,Desktop,Firefox,MacOS,Social media,Singapore,Bangalore,Pricing,Services,Yes,Returning Visitor,Yes,6,16,1,18,92
646,646,ses0647,usd0647,2025-07-24,Tablet,Chrome,MacOS,Paid search,Germany,Singapore,Services,Contact,Yes,Returning Visitor,Yes,85,29,16,42,7599
647,647,ses0648,usd0648,2025-03-08,Desktop,Edge,MacOS,Direct,Australia,Hyderabad,Pricing,Home,Yes,New Visitor,No,91,44,5,37,7743
648,648,ses0649,usd0649,2025-12-09,Tablet,Chrome,Linux,Email marketing,Singapore,Mumbai,Home,Services,No,Returning Visitor,Yes,26,44,19,18,4200
649,649,ses0650,usd0650,2025-12-13,Mobile,Safari,Android,Email marketing,India,Sydney,Contact,Home,Yes,Returning Visitor,Yes,88,56,12,19,5911
650,650,ses0651,usd0651,2025-02-23,Tablet,Chrome,Linux,Social media,UK,New York,Products,Contact,No,Returning Visitor,Yes,81,20,9,28,2087
651,651,ses0652,usd0652,2025-11-25,Mobile,Opera,Windows,Email marketing,Canada,Mumbai,Products,Pricing,No,Returning Visitor,Yes,23,47,21,43,3633
652,652,ses0653,usd0653,2025-06-19,Tablet,Chrome,MacOS,Referral,Singapore,Chennai,Home,Services,No,Returning Visitor,Yes,64,28,13,4,6581
653,653,ses0654,usd0654,2025-07-19,Mobile,Opera,iOS,Organic search,Australia,Chennai,Home,Services,Yes,New Visitor,Yes,51,45,15,46,6947
654,654,ses0655,usd0655,2025-07-19,Desktop,Firefox,Android,Referral,Germany,London,Login,Pricing,No,New Visitor,No,77,29,24,33,7324
655,655,ses0656,usd0656,2025-07-09,Mobile,Opera,iOS,Direct,Singapore,Sydney,Products,Pricing,No,New Visitor,Yes,1,47,24,14,1032
656,656,ses0657,usd0657,2025-01-31,Mobile,Firefox,Windows,Direct,Germany,Bangalore,Contact,Blog,No,New Visitor,Yes,9,3,12,11,5275
657,657,ses0658,usd0658,2025-01-26,Desktop,Chrome,MacOS,Email marketing,Canada,Mumbai,Pricing,Contact,Yes,Returning Visitor,Yes,80,41,15,24,7204
658,658,ses0659,usd0659,2025-11-11,Mobile,Safari,MacOS,Social media,Australia,Bangalore,Services,Contact,No,Returning Visitor,Yes,54,5,15,2,4342
659,659,ses0660,usd0660,2025-10-28,Mobile,Chrome,Linux,Organic search,India,Singapore,Pricing,Blog,Yes,Returning Visitor,Yes,12,1,23,48,9582
660,660,ses0661,usd0661,2025-04-27,Tablet,Opera,iOS,Paid search,India,Singapore,Products,Services,No,Returning Visitor,No,56,37,7,26,1512
661,661,ses0662,usd0662,2025-08-06,Mobile,Opera,Linux,Organic search,India,Singapore,Services,Blog,Yes,Returning Visitor,No,54,41,2,37,556
662,662,ses0663,usd0663,2025-08-21,Desktop,Firefox,Windows,Email marketing,UK,Chennai,Blog,Pricing,No,Returning Visitor,No,10,24,16,38,6242
663,663,ses0664,usd0664,2025-12-18,Tablet,Safari,MacOS,Social media,Singapore,Delhi,Pricing,Services,Yes,Returning Visitor,Yes,90,37,22,4,3412
664,664,ses0665,usd0665,2025-08-27,Desktop,Opera,Linux,Direct,Canada,Singapore,About us,Blog,Yes,Returning Visitor,No,10,49,15,8,3740
665,665,ses0666,usd0666,2025-06-14,Tablet,Chrome,MacOS,Direct,Australia,London,Login,Contact,No,New Visitor,Yes,15,19,22,37,8941
666,666,ses0667,usd0667,2025-05-16,Desktop,Opera,Linux,Email marketing,US,London,Pricing,Contact,No,New Visitor,Yes,55,33,6,19,53
667,667,ses0668,usd0668,2025-04-04,Desktop,Edge,Linux,Referral,UK,Delhi,Blog,Home,No,Returning Visitor,Yes,87,10,2,45,1258
668,668,ses0669,usd0669,2025-12-21,Desktop,Firefox,MacOS,Organic search,UK,Delhi,Products,Contact,No,New Visitor,No,76,14,21,2,1582
669,669,ses0670,usd0670,2025-11-30,Desktop,Firefox,Android,Email marketing,Canada,Sydney,Services,Contact,No,Returning Visitor,No,29,7,4,46,5035
670,670,ses0671,usd0671,2025-03-05,Tablet,Firefox,Windows,Referral,India,Singapore,Contact,Blog,No,New Visitor,No,3,16,9,18,3249
671,671,ses0672,usd0672,2025-10-06,Desktop,Safari,Linux,Direct,Germany,Hyderabad,About us,Contact,No,New Visitor,No,31,1,1,20,2727
672,672,ses0673,usd0673,2025-04-24,Desktop,Safari,iOS,Social media,Germany,New York,Blog,Blog,No,New Visitor,Yes,7,19,1,35,9475
673,673,ses0674,usd0674,2025-02-02,Desktop,Safari,MacOS,Paid search,Canada,Hyderabad,Home,Services,No,Returning Visitor,No,85,44,6,34,45
674,674,ses0675,usd0675,2025-06-05,Tablet,Firefox,MacOS,Direct,India,New York,Home,Pricing,Yes,New Visitor,Yes,24,33,17,46,1544
675,675,ses0676,usd0676,2025-01-12,Tablet,Chrome,Android,Paid search,UK,Mumbai,Products,Blog,No,New Visitor,Yes,46,52,23,21,7849
676,676,ses0677,usd0677,2025-05-01,Desktop,Chrome,Linux,Social media,US,Chennai,Contact,Services,No,New Visitor,No,86,58,23,31,4135
677,677,ses0678,usd0678,2025-05-04,Tablet,Safari,MacOS,Organic search,Singapore,Mumbai,Products,Services,No,Returning Visitor,Yes,82,58,8,24,262
678,678,ses0679,usd0679,2025-08-23,Mobile,Firefox,iOS,Paid search,Canada,London,Contact,Services,No,Returning Visitor,No,43,28,3,33,4900
679,679,ses0680,usd0680,2025-03-01,Desktop,Opera,Linux,Email marketing,Germany,New York,Login,Contact,No,Returning Visitor,No,55,34,17,3,905
680,680,ses0681,usd0681,2025-04-27,Desktop,Chrome,MacOS,Direct,India,New York,Products,Pricing,No,Returning Visitor,Yes,33,36,17,32,6993
681,681,ses0682,usd0682,2025-07-19,Mobile,Safari,iOS,Paid search,India,Hyderabad,Home,Services,No,New Visitor,Yes,80,58,4,32,9470
682,682,ses0683,usd0683,2025-03-04,Tablet,Edge,Windows,Referral,US,Hyderabad,Blog,Products,No,Returning Visitor,Yes,66,37,6,36,1145
683,683,ses0684,usd0684,2025-04-15,Mobile,Opera,iOS,Organic search,US,Singapore,Pricing,Pricing,Yes,New Visitor,Yes,65,52,3,21,6854
684,684,ses0685,usd0685,2025-03-31,Mobile,Safari,Android,Paid search,Germany,New York,About us,Contact,No,New Visitor,Yes,16,58,1,24,8778
685,685,ses0686,usd0686,2025-08-23,Tablet,Edge,Linux,Organic search,Australia,Bangalore,Home,Services,Yes,New Visitor,No,91,10,14,8,1023
686,686,ses0687,usd0687,2025-09-08,Desktop,Chrome,Linux,Referral,Singapore,Delhi,Blog,Blog,No,Returning Visitor,No,94,15,19,23,1405
687,687,ses0688,usd0688,2025-04-04,Mobile,Safari,Android,Referral,Australia,Sydney,Services,Contact,No,New Visitor,No,54,14,1,30,9989
688,688,ses0689,usd0689,2025-05-30,Desktop,Safari,iOS,Social media,Canada,Bangalore,Services,Products,Yes,New Visitor,Yes,84,32,14,8,3674
689,689,ses0690,usd0690,2025-12-31,Desktop,Firefox,MacOS,Paid search,Singapore,Bangalore,Pricing,Contact,No,Returning Visitor,No,15,26,19,43,6397
690,690,ses0691,usd0691,2025-03-01,Mobile,Firefox,Linux,Paid search,Singapore,London,Login,Products,No,New Visitor,Yes,36,22,14,16,9657
691,691,ses0692,usd0692,2025-05-24,Tablet,Edge,MacOS,Referral,Canada,Chennai,Contact,Services,No,Returning Visitor,No,2,37,24,7,2497
692,692,ses0693,usd0693,2025-05-03,Mobile,Chrome,Windows,Paid search,UK,London,Blog,Contact,Yes,Returning Visitor,Yes,9,8,1,21,5605
693,693,ses0694,usd0694,2025-10-18,Tablet,Safari,Linux,Email marketing,UK,Chennai,Products,Products,Yes,New Visitor,Yes,89,37,17,1,4416
694,694,ses0695,usd0695,2025-07-02,Mobile,Opera,iOS,Referral,Singapore,Bangalore,Home,Home,Yes,New Visitor,No,52,11,22,2,9632
695,695,ses0696,usd0696,2025-10-18,Tablet,Safari,Android,Referral,Singapore,Sydney,Contact,Home,No,New Visitor,Yes,84,55,3,33,3507
696,696,ses0697,usd0697,2025-06-20,Tablet,Safari,MacOS,Direct,UK,Mumbai,Products,Services,No,Returning Visitor,Yes,71,41,5,18,9747
697,697,ses0698,usd0698,2025-10-15,Mobile,Firefox,Linux,Social media,US,Sydney,Products,Blog,Yes,Returning Visitor,Yes,37,34,16,14,3947
698,698,ses0699,usd0699,2025-09-10,Mobile,Safari,iOS,Referral,US,Bangalore,Products,Contact,Yes,New Visitor,No,87,24,4,3,9754
699,699,ses0700,usd0700,2025-09-09,Desktop,Opera,Windows,Email marketing,Canada,Bangalore,Blog,Products,No,Returning Visitor,No,7,43,11,4,8180
700,700,ses0701,usd0701,2025-06-16,Desktop,Edge,MacOS,Direct,Germany,Bangalore,About us,Products,No,New Visitor,Yes,84,36,11,7,1034
701,701,ses0702,usd0702,2025-09-21,Tablet,Chrome,Linux,Referral,Germany,Bangalore,Blog,Home,No,New Visitor,Yes,87,13,10,9,1350
702,702,ses0703,usd0703,2025-10-06,Mobile,Opera,Windows,Paid search,Germany,Chennai,Blog,Pricing,No,Returning Visitor,Yes,55,56,21,49,5997
703,703,ses0704,usd0704,2025-08-29,Tablet,Safari,Windows,Social media,UK,Hyderabad,Pricing,Pricing,Yes,New Visitor,No,65,45,9,13,4630
704,704,ses0705,usd0705,2025-05-23,Mobile,Firefox,MacOS,Referral,India,New York,Pricing,Contact,Yes,New Visitor,Yes,10,18,17,40,1900
705,705,ses0706,usd0706,2025-04-08,Mobile,Chrome,Android,Social media,Singapore,Chennai,Pricing,Services,No,New Visitor,Yes,10,28,9,30,7028
706,706,ses0707,usd0707,2025-12-28,Tablet,Safari,Windows,Organic search,US,Singapore,Pricing,Blog,No,Returning Visitor,Yes,87,4,4,34,9525
707,707,ses0708,usd0708,2025-11-09,Desktop,Firefox,Android,Referral,Germany,Mumbai,Pricing,Contact,No,New Visitor,No,99,1,5,15,9599
708,708,ses0709,usd0709,2025-05-05,Tablet,Opera,iOS,Social media,Australia,Hyderabad,Login,Contact,No,Returning Visitor,No,62,29,8,15,8478
709,709,ses0710,usd0710,2025-10-24,Desktop,Opera,MacOS,Paid search,Singapore,Sydney,Blog,Contact,No,New Visitor,Yes,38,2,16,32,682
710,710,ses0711,usd0711,2025-04-30,Mobile,Opera,MacOS,Email marketing,India,Singapore,Contact,Contact,Yes,Returning Visitor,No,49,51,24,33,3337
711,711,ses0712,usd0712,2025-10-18,Desktop,Chrome,Windows,Paid search,UK,Bangalore,Login,Pricing,Yes,Returning Visitor,Yes,22,12,17,45,7399
712,712,ses0713,usd0713,2025-12-01,Tablet,Edge,MacOS,Paid search,Germany,London,Services,Blog,No,New Visitor,No,15,3,17,48,2860
713,713,ses0714,usd0714,2025-12-11,Tablet,Safari,iOS,Direct,India,New York,Login,Pricing,Yes,New Visitor,Yes,84,17,4,31,7817
714,714,ses0715,usd0715,2025-02-17,Desktop,Firefox,iOS,Direct,Australia,New York,Home,Pricing,Yes,Returning Visitor,No,17,4,23,21,304
715,715,ses0716,usd0716,2025-08-09,Mobile,Firefox,MacOS,Referral,Australia,London,Pricing,Services,Yes,New Visitor,Yes,71,8,3,42,5050
716,716,ses0717,usd0717,2025-02-18,Tablet,Safari,Linux,Organic search,Singapore,Singapore,Blog,Pricing,No,New Visitor,No,2,14,17,28,126
717,717,ses0718,usd0718,2025-09-06,Desktop,Opera,iOS,Referral,Australia,Bangalore,Contact,Home,No,New Visitor,Yes,55,38,23,32,7727
718,718,ses0719,usd0719,2025-01-02,Desktop,Chrome,MacOS,Social media,Germany,Hyderabad,Products,Home,No,Returning Visitor,No,92,48,22,39,5754
719,719,ses0720,usd0720,2025-02-27,Mobile,Edge,MacOS,Email marketing,Canada,Bangalore,About us,Home,Yes,New Visitor,No,25,13,14,34,722
720,720,ses0721,usd0721,2025-09-15,Desktop,Safari,MacOS,Paid search,Singapore,Bangalore,Contact,Home,No,Returning Visitor,Yes,38,58,8,22,9490
721,721,ses0722,usd0722,2025-12-11,Mobile,Safari,Windows,Organic search,Germany,Delhi,Blog,Home,Yes,Returning Visitor,No,77,10,22,8,339
722,722,ses0723,usd0723,2025-06-25,Desktop,Chrome,MacOS,Social media,Singapore,London,Pricing,Services,Yes,Returning Visitor,No,12,17,2,47,4361
723,723,ses0724,usd0724,2025-03-03,Mobile,Chrome,Windows,Organic search,India,Singapore,Login,Home,Yes,Returning Visitor,No,99,47,14,1,8155
724,724,ses0725,usd0725,2025-03-01,Desktop,Chrome,Linux,Social media,India,New York,Services,Products,Yes,New Visitor,Yes,40,7,10,24,3440
725,725,ses0726,usd0726,2025-01-15,Tablet,Chrome,Linux,Social media,US,New York,Login,Home,Yes,New Visitor,No,81,27,16,41,4014
726,726,ses0727,usd0727,2025-10-01,Tablet,Edge,Android,Organic search,UK,Sydney,Services,Pricing,No,Returning Visitor,No,90,44,10,23,7832
727,727,ses0728,usd0728,2025-03-26,Mobile,Opera,Windows,Social media,Australia,Hyderabad,About us,Blog,No,Returning Visitor,Yes,68,42,19,22,2148
728,728,ses0729,usd0729,2025-11-24,Tablet,Edge,iOS,Paid search,UK,Chennai,Products,Blog,Yes,Returning Visitor,Yes,44,37,17,44,8747
729,729,ses0730,usd0730,2025-12-27,Mobile,Edge,MacOS,Direct,India,Mumbai,About us,Contact,No,Returning Visitor,No,51,58,18,46,9816
730,730,ses0731,usd0731,2025-11-29,Tablet,Safari,Linux,Organic search,Singapore,Singapore,Services,Contact,No,Returning Visitor,Yes,65,37,20,44,2185
731,731,ses0732,usd0732,2025-06-27,Tablet,Opera,Windows,Social media,Singapore,Delhi,Pricing,Contact,No,New Visitor,No,65,32,8,23,9039
732,732,ses0733,usd0733,2025-02-22,Mobile,Chrome,Linux,Social media,Singapore,Delhi,Contact,Contact,Yes,New Visitor,Yes,96,17,15,24,3073
733,733,ses0734,usd0734,2025-09-08,Tablet,Safari,Windows,Organic search,US,Mumbai,Login,Products,No,New Visitor,No,78,24,23,22,270
734,734,ses0735,usd0735,2025-07-13,Tablet,Chrome,Android,Referral,Canada,Chennai,About us,Pricing,No,Returning Visitor,No,38,51,8,8,5893
735,735,ses0736,usd0736,2025-09-30,Mobile,Firefox,iOS,Email marketing,Australia,Chennai,Pricing,Contact,No,Returning Visitor,Yes,82,49,7,11,5398
736,736,ses0737,usd0737,2025-02-09,Desktop,Opera,Windows,Organic search,US,New York,About us,Pricing,Yes,New Visitor,Yes,55,12,1,49,8118
737,737,ses0738,usd0738,2025-05-11,Mobile,Opera,Windows,Direct,Australia,New York,Services,Services,Yes,New Visitor,Yes,38,7,14,45,1976
738,738,ses0739,usd0739,2025-02-03,Mobile,Edge,MacOS,Referral,India,Delhi,Contact,Pricing,No,New Visitor,Yes,8,39,7,33,4048
739,739,ses0740,usd0740,2025-04-03,Desktop,Safari,iOS,Referral,Australia,Bangalore,Products,Services,Yes,Returning Visitor,Yes,96,40,12,43,7413
740,740,ses0741,usd0741,2025-11-17,Desktop,Edge,MacOS,Organic search,Singapore,Chennai,Services,Contact,Yes,New Visitor,No,83,45,21,15,7471
741,741,ses0742,usd0742,2025-08-19,Mobile,Opera,Android,Social media,Australia,Singapore,Home,Services,No,Returning Visitor,No,53,15,11,4,7690
742,742,ses0743,usd0743,2025-12-08,Tablet,Safari,Windows,Referral,Canada,Bangalore,Pricing,Contact,No,New Visitor,Yes,71,29,21,22,4965
743,743,ses0744,usd0744,2025-09-06,Desktop,Edge,iOS,Social media,UK,Chennai,Contact,Contact,Yes,Returning Visitor,Yes,61,11,12,29,3347
744,744,ses0745,usd0745,2025-12-07,Desktop,Edge,Windows,Social media,Singapore,Hyderabad,Home,Contact,Yes,Returning Visitor,Yes,50,17,13,5,5694
745,745,ses0746,usd0746,2025-11-15,Mobile,Firefox,MacOS,Organic search,Canada,Delhi,Home,Services,No,New Visitor,Yes,64,47,11,25,3270
746,746,ses0747,usd0747,2025-01-13,Desktop,Edge,Windows,Email marketing,India,Chennai,Services,Products,No,Returning Visitor,No,71,35,24,26,4255
747,747,ses0748,usd0748,2025-10-26,Desktop,Opera,Windows,Email marketing,Singapore,London,Login,Blog,Yes,Returning Visitor,Yes,18,3,10,34,3573
748,748,ses0749,usd0749,2025-07-09,Desktop,Chrome,Android,Direct,Singapore,Hyderabad,Pricing,Services,No,New Visitor,Yes,37,21,7,3,4972
749,749,ses0750,usd0750,2025-05-08,Desktop,Edge,Linux,Email marketing,India,Chennai,Pricing,Contact,No,New Visitor,Yes,89,9,24,42,7365
750,750,ses0751,usd0751,2025-08-04,Tablet,Edge,Linux,Social media,India,Mumbai,Contact,Contact,No,Returning Visitor,No,80,30,3,25,477
751,751,ses0752,usd0752,2025-01-19,Tablet,Edge,iOS,Email marketing,Germany,Hyderabad,About us,Contact,Yes,New Visitor,Yes,78,21,21,39,3003
752,752,ses0753,usd0753,2025-12-31,Mobile,Safari,Windows,Email marketing,UK,Mumbai,Products,Products,No,New Visitor,Yes,64,21,14,43,5184
753,753,ses0754,usd0754,2025-02-28,Mobile,Chrome,iOS,Email marketing,India,Hyderabad,Home,Blog,Yes,New Visitor,Yes,44,58,24,45,1101
754,754,ses0755,usd0755,2025-05-27,Mobile,Opera,MacOS,Paid search,Canada,Sydney,Pricing,Contact,No,Returning Visitor,Yes,46,20,15,22,5953
755,755,ses0756,usd0756,2025-02-21,Desktop,Opera,MacOS,Referral,Germany,Chennai,Products,Pricing,Yes,New Visitor,Yes,81,22,6,4,1271
756,756,ses0757,usd0757,2025-11-15,Tablet,Chrome,Android,Paid search,UK,Chennai,About us,Contact,Yes,New Visitor,No,77,32,9,40,1624
757,757,ses0758,usd0758,2025-09-25,Desktop,Safari,MacOS,Paid search,US,Sydney,Login,Pricing,No,New Visitor,Yes,26,30,23,42,9496
758,758,ses0759,usd0759,2025-03-03,Mobile,Opera,MacOS,Social media,India,New York,Products,Home,No,New Visitor,Yes,2,17,18,27,4358
759,759,ses0760,usd0760,2025-01-27,Tablet,Opera,MacOS,Organic search,Singapore,London,Pricing,Home,No,Returning Visitor,No,56,55,9,43,3524
760,760,ses0761,usd0761,2025-11-25,Tablet,Edge,Windows,Social media,Germany,Chennai,Login,Products,No,New Visitor,Yes,76,12,6,14,8030
761,761,ses0762,usd0762,2025-02-19,Mobile,Edge,Linux,Direct,India,Bangalore,Contact,Products,Yes,New Visitor,Yes,72,31,19,10,3992
762,762,ses0763,usd0763,2025-02-20,Mobile,Firefox,Linux,Referral,Canada,Singapore,Contact,Contact,No,Returning Visitor,Yes,83,3,20,38,1429
763,763,ses0764,usd0764,2025-07-31,Desktop,Edge,Android,Direct,UK,Mumbai,Products,Pricing,No,Returning Visitor,No,44,47,9,36,6297
764,764,ses0765,usd0765,2025-11-09,Mobile,Opera,MacOS,Referral,Canada,Hyderabad,Blog,Contact,No,Returning Visitor,No,48,36,9,20,9108
765,765,ses0766,usd0766,2025-10-04,Desktop,Opera,MacOS,Paid search,Germany,Chennai,Login,Services,No,Returning Visitor,Yes,3,21,16,15,4105
766,766,ses0767,usd0767,2025-07-21,Tablet,Safari,Linux,Paid search,Germany,Hyderabad,Products,Pricing,Yes,Returning Visitor,Yes,90,50,17,8,2545
767,767,ses0768,usd0768,2025-09-07,Mobile,Firefox,Android,Referral,Canada,Singapore,Home,Contact,No,Returning Visitor,No,93,1,2,41,1172
768,768,ses0769,usd0769,2025-07-31,Mobile,Edge,MacOS,Social media,UK,Chennai,Services,Contact,No,New Visitor,Yes,85,40,18,38,1542
769,769,ses0770,usd0770,2025-04-23,Desktop,Firefox,Windows,Social media,Singapore,New York,About us,Home,Yes,New Visitor,No,45,41,12,13,5772
770,770,ses0771,usd0771,2025-07-17,Tablet,Chrome,iOS,Referral,Canada,Hyderabad,Pricing,Contact,No,Returning Visitor,Yes,70,28,20,37,6925
771,771,ses0772,usd0772,2025-02-24,Tablet,Safari,iOS,Referral,Germany,London,Services,Services,No,Returning Visitor,No,97,16,1,18,2846
772,772,ses0773,usd0773,2025-01-04,Tablet,Chrome,Android,Social media,Germany,Singapore,Home,Pricing,No,New Visitor,No,51,47,18,39,9751
773,773,ses0774,usd0774,2025-08-18,Desktop,Chrome,Android,Paid search,UK,New York,Home,Products,No,Returning Visitor,Yes,83,51,22,12,6261
774,774,ses0775,usd0775,2025-10-04,Mobile,Opera,iOS,Organic search,Germany,Sydney,Blog,Products,Yes,New Visitor,No,65,55,16,34,7837
775,775,ses0776,usd0776,2025-11-16,Tablet,Firefox,iOS,Email marketing,UK,New York,Home,Contact,No,New Visitor,Yes,37,51,10,11,4790
776,776,ses0777,usd0777,2025-04-20,Tablet,Opera,Windows,Social media,Singapore,Delhi,Blog,Home,Yes,Returning Visitor,Yes,80,17,9,28,9871
777,777,ses0778,usd0778,2025-09-25,Tablet,Opera,MacOS,Social media,Australia,Singapore,Home,Products,No,New Visitor,Yes,51,3,20,1,4113
778,778,ses0779,usd0779,2025-08-29,Desktop,Edge,Windows,Social media,Australia,Mumbai,Services,Services,Yes,New Visitor,Yes,16,22,3,40,8032
779,779,ses0780,usd0780,2025-06-18,Desktop,Safari,Windows,Organic search,Singapore,Singapore,Products,Home,Yes,Returning Visitor,No,51,20,5,8,2925
780,780,ses0781,usd0781,2025-07-14,Mobile,Edge,Android,Direct,India,New York,Home,Home,Yes,New Visitor,No,18,15,11,16,1429
781,781,ses0782,usd0782,2025-07-16,Mobile,Chrome,MacOS,Referral,India,New York,Contact,Contact,Yes,New Visitor,Yes,92,2,10,3,9799
782,782,ses0783,usd0783,2025-10-23,Tablet,Chrome,iOS,Organic search,Singapore,Hyderabad,Services,Pricing,No,New Visitor,Yes,40,31,15,23,6781
783,783,ses0784,usd0784,2025-05-16,Tablet,Firefox,Android,Paid search,US,Bangalore,About us,Blog,Yes,Returning Visitor,No,67,44,24,20,6229
784,784,ses0785,usd0785,2025-12-08,Mobile,Chrome,Android,Referral,India,London,About us,Blog,Yes,Returning Visitor,Yes,22,12,23,13,9476
785,785,ses0786,usd0786,2025-02-15,Tablet,Opera,Windows,Referral,Singapore,Delhi,Products,Pricing,No,Returning Visitor,No,22,30,9,47,6656
786,786,ses0787,usd0787,2025-08-15,Tablet,Chrome,iOS,Referral,UK,Bangalore,Blog,Home,Yes,Returning Visitor,Yes,49,52,23,11,9449
787,787,ses0788,usd0788,2025-07-01,Mobile,Safari,MacOS,Email marketing,US,London,Contact,Contact,No,Returning Visitor,No,59,33,6,27,6559
788,788,ses0789,usd0789,2025-03-31,Mobile,Firefox,Android,Organic search,Australia,Sydney,Pricing,Contact,No,Returning Visitor,Yes,95,54,2,18,8928
789,789,ses0790,usd0790,2025-05-03,Desktop,Chrome,Windows,Email marketing,UK,New York,Services,Contact,No,Returning Visitor,Yes,16,26,13,14,71
790,790,ses0791,usd0791,2025-02-05,Mobile,Edge,iOS,Organic search,Singapore,New York,Contact,Pricing,No,New Visitor,Yes,7,20,5,47,3970
791,791,ses0792,usd0792,2025-06-12,Tablet,Safari,MacOS,Direct,Canada,London,Home,Services,Yes,Returning Visitor,No,4,8,11,10,6309
792,792,ses0793,usd0793,2025-08-28,Desktop,Edge,Android,Email marketing,Germany,Sydney,Services,Home,No,Returning Visitor,No,44,23,14,7,8204
793,793,ses0794,usd0794,2025-06-28,Mobile,Chrome,Linux,Referral,Germany,Hyderabad,Products,Blog,Yes,Returning Visitor,No,20,21,10,43,4825
794,794,ses0795,usd0795,2025-01-08,Desktop,Safari,iOS,Email marketing,US,Singapore,Products,Products,No,New Visitor,No,61,7,7,24,8753
795,795,ses0796,usd0796,2025-11-15,Tablet,Edge,MacOS,Direct,UK,Singapore,About us,Contact,No,Returning Visitor,No,19,38,8,34,7249
796,796,ses0797,usd0797,2025-04-16,Desktop,Firefox,iOS,Organic search,UK,Hyderabad,Home,Contact,No,New Visitor,No,66,24,14,8,8005
797,797,ses0798,usd0798,2025-07-04,Mobile,Chrome,iOS,Social media,Germany,Sydney,Blog,Products,No,Returning Visitor,Yes,64,59,7,22,2373
798,798,ses0799,usd0799,2025-11-02,Desktop,Firefox,iOS,Social media,US,New York,Pricing,Blog,Yes,New Visitor,Yes,44,51,1,16,6090
799,799,ses0800,usd0800,2025-05-28,Tablet,Firefox,MacOS,Direct,US,Hyderabad,About us,Products,No,Returning Visitor,No,7,54,13,30,9587
800,800,ses0801,usd0801,2025-07-01,Desktop,Edge,iOS,Email marketing,Canada,Bangalore,Home,Contact,Yes,Returning Visitor,Yes,97,30,22,30,1305
801,801,ses0802,usd0802,2025-03-26,Desktop,Firefox,iOS,Social media,UK,Mumbai,Products,Blog,No,Returning Visitor,No,98,10,17,39,938
802,802,ses0803,usd0803,2025-04-28,Desktop,Safari,MacOS,Social media,Australia,New York,Blog,Pricing,Yes,New Visitor,Yes,58,41,9,41,8018
803,803,ses0804,usd0804,2025-11-06,Desktop,Chrome,Android,Social media,Canada,Chennai,About us,Home,Yes,Returning Visitor,Yes,46,19,19,35,1662
804,804,ses0805,usd0805,2025-08-25,Desktop,Opera,MacOS,Social media,UK,Delhi,Blog,Home,Yes,Returning Visitor,No,75,48,2,27,2195
805,805,ses0806,usd0806,2025-01-12,Mobile,Opera,Linux,Direct,India,Chennai,Blog,Pricing,No,New Visitor,Yes,99,1,16,33,4892
806,806,ses0807,usd0807,2025-12-15,Tablet,Safari,iOS,Direct,Singapore,Singapore,Pricing,Home,No,New Visitor,No,97,40,17,7,4819
807,807,ses0808,usd0808,2025-03-18,Tablet,Safari,MacOS,Direct,Canada,New York,About us,Products,No,Returning Visitor,No,27,26,13,27,2880
808,808,ses0809,usd0809,2025-10-01,Desktop,Firefox,Android,Direct,US,Sydney,Services,Services,No,New Visitor,No,6,2,19,16,5895
809,809,ses0810,usd0810,2025-08-09,Mobile,Firefox,MacOS,Paid search,India,Mumbai,Home,Blog,Yes,New Visitor,No,50,55,9,13,1523
810,810,ses0811,usd0811,2025-06-07,Tablet,Opera,MacOS,Email marketing,Germany,London,About us,Products,No,New Visitor,Yes,6,17,17,22,1181
811,811,ses0812,usd0812,2025-03-02,Mobile,Firefox,Linux,Organic search,India,Sydney,Login,Pricing,No,New Visitor,Yes,22,38,17,21,1380
812,812,ses0813,usd0813,2025-05-22,Desktop,Firefox,Linux,Referral,Germany,Mumbai,Home,Blog,No,Returning Visitor,No,20,5,16,28,4905
813,813,ses0814,usd0814,2025-05-01,Tablet,Chrome,iOS,Referral,Singapore,Chennai,About us,Contact,No,New Visitor,Yes,85,35,11,33,8520
814,814,ses0815,usd0815,2025-05-09,Tablet,Chrome,Windows,Referral,Canada,Bangalore,Services,Products,No,Returning Visitor,No,14,2,2,36,5045
815,815,ses0816,usd0816,2025-01-12,Mobile,Opera,Linux,Organic search,UK,New York,Login,Services,Yes,New Visitor,Yes,57,3,17,2,2196
816,816,ses0817,usd0817,2025-09-14,Tablet,Chrome,iOS,Social media,US,Delhi,Blog,Blog,No,Returning Visitor,Yes,81,32,8,36,6658
817,817,ses0818,usd0818,2025-07-31,Mobile,Edge,MacOS,Organic search,India,New York,Pricing,Blog,Yes,Returning Visitor,Yes,12,19,16,48,9779
818,818,ses0819,usd0819,2025-02-10,Desktop,Chrome,Windows,Paid search,UK,Bangalore,Pricing,Contact,No,New Visitor,No,95,36,9,5,823
819,819,ses0820,usd0820,2025-07-07,Desktop,Chrome,Linux,Organic search,Germany,London,Products,Pricing,Yes,Returning Visitor,No,89,12,13,13,5543
820,820,ses0821,usd0821,2025-12-28,Tablet,Firefox,Android,Direct,Australia,Delhi,Services,Contact,Yes,Returning Visitor,No,41,57,8,16,6580
821,821,ses0822,usd0822,2025-05-15,Desktop,Chrome,MacOS,Paid search,Canada,Hyderabad,About us,Home,No,New Visitor,Yes,77,26,3,30,3061
822,822,ses0823,usd0823,2025-12-11,Mobile,Edge,iOS,Direct,UK,Sydney,Contact,Contact,Yes,New Visitor,No,79,24,1,7,8406
823,823,ses0824,usd0824,2025-04-17,Tablet,Firefox,Windows,Referral,Singapore,New York,Products,Contact,No,New Visitor,Yes,36,51,18,11,7430
824,824,ses0825,usd0825,2025-03-29,Mobile,Safari,Linux,Email marketing,Australia,Chennai,Home,Pricing,No,Returning Visitor,No,68,40,1,39,7419
825,825,ses0826,usd0826,2025-06-19,Desktop,Firefox,MacOS,Organic search,India,London,Home,Services,No,Returning Visitor,No,69,32,10,38,6329
826,826,ses0827,usd0827,2025-12-01,Tablet,Chrome,Windows,Social media,US,New York,Login,Pricing,Yes,New Visitor,Yes,39,36,11,30,1245
827,827,ses0828,usd0828,2025-10-18,Tablet,Safari,Windows,Paid search,Canada,New York,Products,Home,Yes,Returning Visitor,No,60,26,7,45,9446
828,828,ses0829,usd0829,2025-09-18,Mobile,Edge,iOS,Social media,UK,Chennai,Blog,Contact,Yes,New Visitor,Yes,19,14,3,30,4088
829,829,ses0830,usd0830,2025-10-12,Tablet,Chrome,MacOS,Organic search,UK,Delhi,Pricing,Home,No,Returning Visitor,Yes,42,5,20,27,9545
830,830,ses0831,usd0831,2025-06-10,Desktop,Chrome,MacOS,Paid search,US,London,Pricing,Contact,Yes,New Visitor,Yes,38,47,17,38,9366
831,831,ses0832,usd0832,2025-01-26,Desktop,Opera,Android,Email marketing,US,Chennai,Pricing,Contact,No,Returning Visitor,No,1,23,9,3,4492
832,832,ses0833,usd0833,2025-11-21,Desktop,Edge,iOS,Referral,Germany,Sydney,Products,Products,Yes,Returning Visitor,Yes,85,53,20,42,7864
833,833,ses0834,usd0834,2025-09-15,Tablet,Opera,Linux,Referral,India,Singapore,Blog,Services,Yes,Returning Visitor,Yes,72,17,6,6,5026
834,834,ses0835,usd0835,2025-05-11,Desktop,Safari,iOS,Social media,Canada,London,Products,Blog,No,Returning Visitor,No,22,22,8,17,157
835,835,ses0836,usd0836,2025-07-02,Mobile,Chrome,iOS,Direct,UK,New York,Services,Products,Yes,Returning Visitor,Yes,9,36,7,19,9119
836,836,ses0837,usd0837,2025-08-08,Desktop,Safari,Windows,Email marketing,US,Singapore,Contact,Blog,No,Returning Visitor,Yes,70,11,1,17,1323
837,837,ses0838,usd0838,2025-09-23,Desktop,Opera,iOS,Email marketing,India,Hyderabad,Contact,Contact,No,Returning Visitor,No,91,39,18,21,5933
838,838,ses0839,usd0839,2025-04-13,Mobile,Opera,Windows,Direct,US,Mumbai,Services,Pricing,Yes,New Visitor,Yes,74,18,3,43,8703
839,839,ses0840,usd0840,2025-07-26,Desktop,Safari,Linux,Social media,UK,Chennai,Blog,Pricing,No,New Visitor,No,29,38,20,32,2757
840,840,ses0841,usd0841,2025-07-13,Desktop,Edge,Windows,Paid search,Australia,Mumbai,Contact,Pricing,No,New Visitor,No,24,31,10,12,7201
841,841,ses0842,usd0842,2025-08-17,Mobile,Firefox,iOS,Social media,India,Singapore,Products,Blog,Yes,Returning Visitor,Yes,37,45,12,37,7130
842,842,ses0843,usd0843,2025-12-08,Tablet,Firefox,iOS,Social media,US,Bangalore,Login,Blog,Yes,Returning Visitor,Yes,75,37,19,15,7524
843,843,ses0844,usd0844,2025-04-04,Mobile,Opera,Android,Direct,UK,Singapore,Services,Services,Yes,New Visitor,No,49,59,10,27,4874
844,844,ses0845,usd0845,2025-07-11,Tablet,Safari,Linux,Social media,Australia,Delhi,Products,Contact,No,New Visitor,Yes,91,11,6,21,5648
845,845,ses0846,usd0846,2025-05-05,Tablet,Chrome,MacOS,Organic search,India,Singapore,Pricing,Products,No,New Visitor,No,73,49,1,1,3194
846,846,ses0847,usd0847,2025-03-22,Mobile,Chrome,Linux,Email marketing,US,Hyderabad,Pricing,Contact,Yes,Returning Visitor,No,60,53,14,38,3814
847,847,ses0848,usd0848,2025-02-13,Mobile,Firefox,iOS,Email marketing,UK,Mumbai,Pricing,Contact,No,Returning Visitor,Yes,99,55,2,27,6780
848,848,ses0849,usd0849,2025-04-04,Tablet,Firefox,Windows,Referral,Australia,London,Pricing,Pricing,Yes,Returning Visitor,Yes,19,4,4,44,2724
849,849,ses0850,usd0850,2025-12-31,Tablet,Edge,Android,Email marketing,US,Mumbai,Products,Products,Yes,New Visitor,Yes,76,21,11,47,5670
850,850,ses0851,usd0851,2025-07-15,Mobile,Edge,iOS,Social media,Canada,Sydney,Services,Blog,No,Returning Visitor,No,80,29,22,20,7087
851,851,ses0852,usd0852,2025-09-01,Desktop,Opera,Android,Email marketing,US,Delhi,Home,Services,Yes,New Visitor,Yes,58,50,12,1,8314
852,852,ses0853,usd0853,2025-06-14,Desktop,Firefox,iOS,Direct,Canada,Singapore,About us,Products,Yes,Returning Visitor,Yes,50,33,1,13,2508
853,853,ses0854,usd0854,2025-09-03,Desktop,Safari,Android,Direct,India,Singapore,Login,Contact,No,Returning Visitor,No,56,49,24,39,7903
854,854,ses0855,usd0855,2025-06-07,Mobile,Firefox,Android,Paid search,US,Mumbai,About us,Pricing,No,Returning Visitor,Yes,9,41,11,5,1390
855,855,ses0856,usd0856,2025-11-27,Mobile,Safari,Linux,Social media,Germany,Singapore,Pricing,Home,No,Returning Visitor,No,54,5,4,49,5698
856,856,ses0857,usd0857,2025-03-04,Desktop,Opera,iOS,Organic search,Australia,Chennai,Pricing,Home,No,New Visitor,Yes,38,20,10,25,6268
857,857,ses0858,usd0858,2025-01-21,Desktop,Firefox,Linux,Referral,Singapore,Hyderabad,Services,Home,Yes,New Visitor,Yes,61,6,14,10,3053
858,858,ses0859,usd0859,2025-10-17,Desktop,Edge,Windows,Email marketing,Australia,Hyderabad,Home,Contact,Yes,New Visitor,Yes,13,8,13,43,6509
859,859,ses0860,usd0860,2025-07-07,Desktop,Opera,iOS,Referral,Germany,Chennai,Contact,Products,Yes,New Visitor,No,16,57,15,49,2682
860,860,ses0861,usd0861,2025-10-06,Tablet,Opera,Windows,Social media,Germany,Hyderabad,Contact,Blog,No,Returning Visitor,No,61,27,10,29,4518
861,861,ses0862,usd0862,2025-02-13,Tablet,Safari,iOS,Organic search,UK,Bangalore,Services,Products,Yes,New Visitor,No,35,6,1,4,4402
862,862,ses0863,usd0863,2025-11-29,Mobile,Firefox,Windows,Paid search,Germany,Delhi,Home,Products,Yes,Returning Visitor,Yes,49,30,22,8,4343
863,863,ses0864,usd0864,2025-04-14,Mobile,Safari,Windows,Paid search,India,Hyderabad,Login,Pricing,No,Returning Visitor,Yes,65,15,13,48,2194
864,864,ses0865,usd0865,2025-06-09,Desktop,Opera,Android,Referral,Singapore,Sydney,Products,Pricing,No,Returning Visitor,Yes,62,55,21,41,8294
865,865,ses0866,usd0866,2025-09-11,Mobile,Firefox,Android,Referral,India,London,About us,Contact,No,New Visitor,Yes,16,28,3,33,506
866,866,ses0867,usd0867,2025-05-19,Tablet,Opera,iOS,Organic search,India,Hyderabad,Login,Pricing,Yes,New Visitor,Yes,15,28,3,25,4509
867,867,ses0868,usd0868,2025-09-28,Mobile,Safari,iOS,Referral,Australia,New York,Products,Home,No,Returning Visitor,No,16,44,21,34,9606
868,868,ses0869,usd0869,2025-03-24,Tablet,Chrome,Linux,Paid search,Germany,London,Pricing,Pricing,Yes,Returning Visitor,No,65,4,6,9,8275
869,869,ses0870,usd0870,2025-04-12,Mobile,Chrome,Linux,Paid search,India,New York,Contact,Home,No,New Visitor,No,16,24,1,38,1948
870,870,ses0871,usd0871,2025-11-06,Mobile,Safari,Windows,Referral,Australia,Mumbai,About us,Pricing,No,Returning Visitor,No,85,52,15,37,607
871,871,ses0872,usd0872,2025-12-17,Mobile,Opera,MacOS,Paid search,US,Delhi,Contact,Products,Yes,New Visitor,No,31,11,19,45,3011
872,872,ses0873,usd0873,2025-09-03,Tablet,Chrome,Linux,Social media,UK,Sydney,Home,Home,No,Returning Visitor,Yes,19,55,13,20,1582
873,873,ses0874,usd0874,2025-09-29,Desktop,Chrome,iOS,Paid search,Canada,Hyderabad,Login,Home,Yes,Returning Visitor,Yes,75,44,8,7,8917
874,874,ses0875,usd0875,2025-12-09,Tablet,Opera,Android,Organic search,Australia,Sydney,Blog,Blog,Yes,New Visitor,Yes,82,37,11,34,4289
875,875,ses0876,usd0876,2025-09-06,Desktop,Firefox,iOS,Paid search,India,London,Services,Services,No,Returning Visitor,Yes,23,5,6,17,8877
876,876,ses0877,usd0877,2025-05-29,Desktop,Safari,iOS,Email marketing,Canada,London,Pricing,Pricing,No,New Visitor,No,16,13,6,12,1363
877,877,ses0878,usd0878,2025-09-18,Mobile,Edge,MacOS,Organic search,India,Mumbai,About us,Blog,No,New Visitor,No,47,14,21,14,6352
878,878,ses0879,usd0879,2025-05-13,Mobile,Edge,iOS,Paid search,Singapore,London,Pricing,Pricing,Yes,New Visitor,No,80,19,7,48,6435
879,879,ses0880,usd0880,2025-01-23,Mobile,Chrome,iOS,Referral,Australia,Hyderabad,Blog,Pricing,No,Returning Visitor,No,69,48,21,6,9070
880,880,ses0881,usd0881,2025-12-20,Mobile,Firefox,Android,Paid search,UK,Sydney,About us,Services,No,New Visitor,No,68,48,19,47,9345
881,881,ses0882,usd0882,2025-08-23,Desktop,Edge,Android,Social media,India,London,Contact,Blog,No,New Visitor,No,39,50,9,39,9420
882,882,ses0883,usd0883,2025-03-17,Desktop,Firefox,Android,Direct,Canada,New York,Services,Contact,No,New Visitor,Yes,53,49,18,7,4511
883,883,ses0884,usd0884,2025-07-20,Desktop,Firefox,Windows,Email marketing,Canada,Hyderabad,Login,Contact,No,New Visitor,Yes,54,29,21,21,7228
884,884,ses0885,usd0885,2025-12-12,Mobile,Edge,Android,Referral,Germany,Singapore,Services,Services,Yes,New Visitor,Yes,48,48,24,44,3400
885,885,ses0886,usd0886,2025-12-29,Desktop,Safari,Linux,Email marketing,UK,New York,Login,Blog,No,Returning Visitor,No,60,32,1,31,9689
886,886,ses0887,usd0887,2025-05-20,Desktop,Edge,Linux,Referral,UK,Chennai,Blog,Contact,Yes,Returning Visitor,No,99,48,23,40,9730
887,887,ses0888,usd0888,2025-05-20,Mobile,Firefox,iOS,Organic search,US,Delhi,Contact,Contact,Yes,Returning Visitor,No,36,54,6,5,7461
888,888,ses0889,usd0889,2025-08-19,Tablet,Opera,Linux,Paid search,Australia,Chennai,About us,Products,No,Returning Visitor,No,55,17,7,21,4097
889,889,ses0890,usd0890,2025-05-07,Tablet,Safari,MacOS,Direct,Australia,Singapore,Contact,Home,No,Returning Visitor,Yes,86,28,15,25,5373
890,890,ses0891,usd0891,2025-12-11,Tablet,Chrome,Android,Direct,UK,London,Home,Products,No,Returning Visitor,Yes,20,4,2,22,2821
891,891,ses0892,usd0892,2025-11-28,Tablet,Safari,Android,Direct,Canada,New York,Home,Services,No,New Visitor,Yes,43,4,6,23,9807
892,892,ses0893,usd0893,2025-12-31,Desktop,Firefox,Windows,Organic search,Australia,Singapore,Blog,Products,No,New Visitor,No,62,15,18,3,3566
893,893,ses0894,usd0894,2025-02-07,Tablet,Opera,MacOS,Organic search,Germany,London,Pricing,Services,Yes,Returning Visitor,No,27,37,12,28,700
894,894,ses0895,usd0895,2025-11-17,Mobile,Opera,Android,Organic search,Australia,Singapore,Pricing,Products,No,Returning Visitor,Yes,18,21,13,10,6626
895,895,ses0896,usd0896,2025-12-04,Tablet,Safari,Android,Organic search,Australia,Singapore,Blog,Blog,Yes,New Visitor,Yes,2,33,16,4,3799
896,896,ses0897,usd0897,2025-11-11,Mobile,Safari,iOS,Paid search,Singapore,Hyderabad,About us,Home,Yes,New Visitor,Yes,93,35,8,26,985
897,897,ses0898,usd0898,2025-07-21,Tablet,Chrome,Windows,Email marketing,US,Delhi,Contact,Blog,Yes,New Visitor,Yes,18,30,6,7,220
898,898,ses0899,usd0899,2025-08-02,Desktop,Opera,Windows,Social media,Australia,Sydney,Products,Pricing,Yes,Returning Visitor,Yes,90,35,11,39,9646
899,899,ses0900,usd0900,2025-01-12,Tablet,Edge,MacOS,Organic search,Canada,Delhi,Services,Contact,Yes,New Visitor,Yes,49,9,20,2,4419
900,900,ses0901,usd0901,2025-07-19,Desktop,Edge,iOS,Referral,UK,Hyderabad,Home,Contact,No,Returning Visitor,No,66,9,1,40,4835
901,901,ses0902,usd0902,2025-03-02,Desktop,Opera,Linux,Direct,UK,Delhi,Services,Blog,No,New Visitor,Yes,63,1,5,35,569
902,902,ses0903,usd0903,2025-11-25,Desktop,Safari,iOS,Paid search,Canada,Delhi,About us,Pricing,No,Returning Visitor,Yes,29,57,12,40,8475
903,903,ses0904,usd0904,2025-11-29,Tablet,Edge,Android,Direct,Singapore,Singapore,Home,Pricing,Yes,Returning Visitor,No,15,56,9,24,9801
904,904,ses0905,usd0905,2025-09-10,Tablet,Edge,Linux,Organic search,Canada,Bangalore,About us,Contact,No,Returning Visitor,No,14,38,23,21,4711
905,905,ses0906,usd0906,2025-06-13,Mobile,Edge,Windows,Social media,Germany,Hyderabad,Services,Blog,Yes,Returning Visitor,Yes,68,11,23,28,5729
906,906,ses0907,usd0907,2025-11-07,Desktop,Opera,Linux,Social media,US,Singapore,About us,Blog,Yes,New Visitor,No,51,29,1,7,1156
907,907,ses0908,usd0908,2025-09-07,Desktop,Opera,iOS,Social media,US,Hyderabad,Products,Services,Yes,New Visitor,No,23,20,21,7,3491
908,908,ses0909,usd0909,2025-12-30,Mobile,Chrome,MacOS,Organic search,US,New York,Contact,Pricing,Yes,Returning Visitor,No,64,14,6,33,3778
909,909,ses0910,usd0910,2025-06-28,Mobile,Opera,iOS,Referral,US,New York,Login,Products,No,Returning Visitor,No,12,15,21,19,7568
910,910,ses0911,usd0911,2025-01-24,Tablet,Chrome,Linux,Social media,Australia,Hyderabad,Services,Services,No,New Visitor,No,94,28,9,19,2630
911,911,ses0912,usd0912,2025-11-04,Mobile,Chrome,Android,Email marketing,Australia,Delhi,Services,Contact,Yes,Returning Visitor,Yes,61,51,17,17,7293
912,912,ses0913,usd0913,2025-12-23,Desktop,Opera,MacOS,Email marketing,UK,New York,Home,Products,Yes,Returning Visitor,No,24,28,10,8,4370
913,913,ses0914,usd0914,2025-09-05,Mobile,Chrome,Linux,Paid search,Singapore,Singapore,Services,Contact,No,Returning Visitor,Yes,43,2,20,41,1304
914,914,ses0915,usd0915,2025-04-26,Desktop,Safari,Linux,Referral,Australia,Mumbai,Home,Blog,No,Returning Visitor,No,5,21,22,2,4666
915,915,ses0916,usd0916,2025-09-12,Desktop,Edge,Linux,Organic search,UK,Bangalore,Services,Contact,No,Returning Visitor,Yes,78,30,6,27,2251
916,916,ses0917,usd0917,2025-06-14,Mobile,Chrome,Windows,Email marketing,Canada,Bangalore,Blog,Contact,No,Returning Visitor,Yes,30,27,1,47,9824
917,917,ses0918,usd0918,2025-10-19,Tablet,Opera,Windows,Email marketing,Canada,London,Pricing,Contact,Yes,New Visitor,Yes,50,59,11,7,5273
918,918,ses0919,usd0919,2026-01-01,Desktop,Firefox,Android,Social media,US,Hyderabad,Contact,Services,Yes,Returning Visitor,Yes,79,25,9,20,7991
919,919,ses0920,usd0920,2025-03-21,Desktop,Edge,Linux,Email marketing,US,London,Blog,Products,No,New Visitor,No,66,34,2,33,8978
920,920,ses0921,usd0921,2025-07-18,Desktop,Firefox,Android,Direct,Australia,Bangalore,About us,Pricing,No,Returning Visitor,No,4,3,15,1,3908
921,921,ses0922,usd0922,2025-04-28,Desktop,Safari,MacOS,Direct,Canada,Chennai,Services,Blog,No,New Visitor,No,92,46,22,35,4764
922,922,ses0923,usd0923,2025-05-07,Desktop,Chrome,Linux,Organic search,Australia,Sydney,Pricing,Products,Yes,New Visitor,Yes,73,2,13,31,3242
923,923,ses0924,usd0924,2025-08-08,Desktop,Chrome,Windows,Organic search,Canada,Sydney,Services,Home,No,Returning Visitor,No,17,15,21,41,7943
924,924,ses0925,usd0925,2025-07-24,Desktop,Firefox,iOS,Social media,Germany,Bangalore,Pricing,Services,No,Returning Visitor,Yes,28,16,21,6,1338
925,925,ses0926,usd0926,2025-05-23,Desktop,Safari,Windows,Referral,US,Singapore,Contact,Services,No,Returning Visitor,No,20,4,16,44,2765
926,926,ses0927,usd0927,2025-05-06,Desktop,Firefox,Android,Paid search,Canada,Chennai,About us,Blog,Yes,Returning Visitor,No,24,54,3,28,2151
927,927,ses0928,usd0928,2025-01-14,Tablet,Chrome,Android,Paid search,Singapore,Hyderabad,Login,Products,Yes,Returning Visitor,Yes,11,33,19,9,3157
928,928,ses0929,usd0929,2025-08-05,Desktop,Opera,Windows,Social media,UK,Hyderabad,Products,Pricing,Yes,Returning Visitor,Yes,43,7,17,36,2625
929,929,ses0930,usd0930,2025-05-27,Tablet,Edge,Android,Direct,UK,Bangalore,Products,Contact,Yes,Returning Visitor,Yes,15,29,2,24,6297
930,930,ses0931,usd0931,2025-05-23,Tablet,Opera,Linux,Email marketing,Germany,Bangalore,Home,Home,No,Returning Visitor,Yes,99,49,22,42,456
931,931,ses0932,usd0932,2025-06-17,Mobile,Chrome,Windows,Direct,Australia,London,Home,Products,No,New Visitor,Yes,41,23,22,49,1337
932,932,ses0933,usd0933,2025-11-11,Desktop,Edge,Linux,Direct,Singapore,Mumbai,Blog,Contact,No,Returning Visitor,Yes,17,43,2,14,1539
933,933,ses0934,usd0934,2025-07-01,Tablet,Safari,iOS,Organic search,Germany,Hyderabad,About us,Contact,Yes,Returning Visitor,Yes,11,15,6,17,1540
934,934,ses0935,usd0935,2025-06-19,Mobile,Opera,Windows,Social media,US,Singapore,Products,Blog,No,New Visitor,Yes,6,21,22,20,1327
935,935,ses0936,usd0936,2025-09-10,Tablet,Firefox,Linux,Referral,Germany,Delhi,Contact,Contact,Yes,Returning Visitor,No,62,8,21,5,4939
936,936,ses0937,usd0937,2025-03-08,Tablet,Chrome,Linux,Paid search,Germany,Hyderabad,Blog,Products,No,New Visitor,No,4,13,12,12,774
937,937,ses0938,usd0938,2025-03-03,Tablet,Opera,Windows,Direct,Singapore,Singapore,Services,Pricing,Yes,Returning Visitor,No,74,52,2,13,87
938,938,ses0939,usd0939,2025-10-16,Tablet,Firefox,Linux,Email marketing,Australia,Chennai,Blog,Contact,Yes,New Visitor,No,36,54,2,11,9610
939,939,ses0940,usd0940,2025-07-12,Tablet,Edge,iOS,Email marketing,UK,Bangalore,Products,Contact,No,Returning Visitor,Yes,1,47,12,2,5830
940,940,ses0941,usd0941,2025-06-27,Tablet,Edge,Windows,Organic search,Germany,Chennai,Services,Contact,No,New Visitor,No,18,39,16,41,7591
941,941,ses0942,usd0942,2025-05-29,Tablet,Opera,iOS,Organic search,Australia,Hyderabad,Services,Pricing,Yes,New Visitor,Yes,56,11,9,2,1329
942,942,ses0943,usd0943,2025-05-28,Desktop,Edge,Android,Social media,Singapore,Chennai,Contact,Blog,No,Returning Visitor,Yes,34,27,4,44,293
943,943,ses0944,usd0944,2025-09-06,Tablet,Edge,Windows,Direct,US,Bangalore,Login,Contact,Yes,Returning Visitor,Yes,91,44,19,8,9406
944,944,ses0945,usd0945,2025-08-25,Mobile,Edge,Windows,Referral,US,Mumbai,Products,Home,Yes,Returning Visitor,Yes,7,48,6,37,8274
945,945,ses0946,usd0946,2025-10-05,Mobile,Firefox,iOS,Organic search,US,New York,Login,Services,Yes,Returning Visitor,No,64,59,12,3,5234
946,946,ses0947,usd0947,2025-01-08,Tablet,Chrome,Linux,Email marketing,US,Delhi,Contact,Contact,No,Returning Visitor,No,29,58,3,49,9530
947,947,ses0948,usd0948,2025-11-11,Desktop,Chrome,MacOS,Paid search,Canada,Mumbai,Home,Blog,Yes,New Visitor,No,94,37,5,42,5961
948,948,ses0949,usd0949,2025-07-30,Desktop,Safari,Windows,Social media,Singapore,London,Blog,Home,Yes,Returning Visitor,Yes,40,21,24,2,9083
949,949,ses0950,usd0950,2025-02-14,Mobile,Safari,iOS,Organic search,India,New York,Login,Contact,No,Returning Visitor,No,77,7,8,23,1168
950,950,ses0951,usd0951,2025-02-28,Tablet,Opera,iOS,Email marketing,Germany,Bangalore,Blog,Products,No,Returning Visitor,No,88,33,8,32,7703
951,951,ses0952,usd0952,2025-05-28,Mobile,Safari,Android,Social media,UK,Hyderabad,About us,Contact,Yes,Returning Visitor,No,18,24,2,49,3098
952,952,ses0953,usd0953,2025-11-18,Desktop,Firefox,Linux,Paid search,Germany,Mumbai,Pricing,Services,Yes,Returning Visitor,No,40,7,14,22,3689
953,953,ses0954,usd0954,2025-12-24,Desktop,Firefox,Android,Paid search,Singapore,Bangalore,Services,Contact,Yes,Returning Visitor,No,24,54,16,39,346
954,954,ses0955,usd0955,2025-11-07,Tablet,Firefox,MacOS,Organic search,Singapore,Hyderabad,Pricing,Services,No,Returning Visitor,No,83,9,19,47,4927
955,955,ses0956,usd0956,2025-06-09,Tablet,Safari,MacOS,Email marketing,Australia,Hyderabad,Blog,Home,No,Returning Visitor,Yes,89,11,19,23,1909
956,956,ses0957,usd0957,2025-07-06,Desktop,Edge,Windows,Referral,India,Hyderabad,Products,Pricing,Yes,New Visitor,Yes,40,25,9,44,5067
957,957,ses0958,usd0958,2025-05-10,Desktop,Edge,Android,Organic search,Singapore,London,Services,Services,No,New Visitor,No,50,39,24,36,5821
958,958,ses0959,usd0959,2025-01-30,Mobile,Safari,MacOS,Organic search,Germany,London,Contact,Pricing,No,Returning Visitor,No,39,1,24,2,2402
959,959,ses0960,usd0960,2025-11-21,Tablet,Safari,iOS,Paid search,India,Mumbai,Login,Pricing,Yes,New Visitor,No,30,26,19,12,37
960,960,ses0961,usd0961,2025-11-19,Tablet,Firefox,MacOS,Referral,UK,Bangalore,Services,Home,No,Returning Visitor,No,36,21,10,28,8975
961,961,ses0962,usd0962,2025-04-10,Mobile,Firefox,Windows,Email marketing,Canada,London,Login,Contact,Yes,Returning Visitor,No,84,50,2,23,5950
962,962,ses0963,usd0963,2025-10-03,Tablet,Chrome,Android,Social media,Australia,Hyderabad,Login,Contact,No,New Visitor,No,55,31,16,2,2458
963,963,ses0964,usd0964,2025-09-08,Mobile,Edge,Android,Paid search,India,New York,Contact,Pricing,Yes,New Visitor,Yes,10,10,21,2,1477
964,964,ses0965,usd0965,2025-10-28,Tablet,Edge,Windows,Paid search,Australia,Mumbai,Services,Home,Yes,Returning Visitor,Yes,11,51,16,47,2334
965,965,ses0966,usd0966,2025-01-25,Mobile,Chrome,iOS,Email marketing,India,Singapore,Blog,Contact,Yes,New Visitor,No,4,17,18,35,6508
966,966,ses0967,usd0967,2025-09-17,Tablet,Firefox,MacOS,Paid search,India,Singapore,Login,Contact,Yes,Returning Visitor,Yes,31,45,16,18,5735
967,967,ses0968,usd0968,2025-08-21,Desktop,Edge,Android,Email marketing,US,Bangalore,Blog,Blog,Yes,New Visitor,No,54,32,3,43,9819
968,968,ses0969,usd0969,2025-06-05,Mobile,Opera,Windows,Referral,Singapore,Delhi,Pricing,Products,Yes,New Visitor,No,58,23,20,33,2408
969,969,ses0970,usd0970,2025-04-21,Desktop,Edge,Android,Direct,Germany,Hyderabad,About us,Contact,Yes,Returning Visitor,No,27,45,8,13,437
970,970,ses0971,usd0971,2025-04-16,Tablet,Firefox,Windows,Referral,Australia,Hyderabad,Products,Products,Yes,Returning Visitor,Yes,95,54,19,26,5692
971,971,ses0972,usd0972,2025-03-12,Mobile,Edge,Android,Email marketing,UK,Chennai,Contact,Pricing,No,Returning Visitor,Yes,6,14,17,45,7945
972,972,ses0973,usd0973,2025-04-29,Desktop,Edge,Linux,Email marketing,US,Sydney,Home,Pricing,No,New Visitor,No,97,24,6,21,3280
973,973,ses0974,usd0974,2025-10-10,Tablet,Firefox,Windows,Organic search,US,Sydney,Contact,Services,Yes,Returning Visitor,Yes,90,22,21,18,7789
974,974,ses0975,usd0975,2025-01-17,Desktop,Opera,Android,Social media,Canada,Mumbai,About us,Contact,No,New Visitor,No,75,41,15,19,2996
975,975,ses0976,usd0976,2025-11-18,Desktop,Edge,Linux,Referral,UK,New York,About us,Products,Yes,Returning Visitor,No,94,47,20,19,1573
976,976,ses0977,usd0977,2025-12-18,Mobile,Opera,Android,Direct,Singapore,Chennai,About us,Contact,Yes,Returning Visitor,Yes,68,59,14,12,3104
977,977,ses0978,usd0978,2025-04-03,Mobile,Opera,iOS,Social media,Singapore,New York,Home,Pricing,Yes,New Visitor,No,8,48,3,15,9685
978,978,ses0979,usd0979,2025-09-07,Tablet,Opera,MacOS,Direct,Canada,New York,Blog,Contact,Yes,New Visitor,No,13,30,17,13,7737
979,979,ses0980,usd0980,2025-10-25,Tablet,Safari,Android,Direct,US,Delhi,Contact,Services,Yes,Returning Visitor,Yes,67,11,22,43,6244
980,980,ses0981,usd0981,2025-02-19,Tablet,Chrome,iOS,Direct,Germany,London,Products,Home,Yes,New Visitor,Yes,65,52,13,25,8656
981,981,ses0982,usd0982,2025-04-05,Desktop,Safari,Windows,Referral,Singapore,Chennai,Services,Pricing,Yes,Returning Visitor,Yes,56,37,14,25,592
982,982,ses0983,usd0983,2025-08-03,Tablet,Edge,MacOS,Organic search,UK,Bangalore,About us,Services,No,New Visitor,Yes,50,57,8,1,5724
983,983,ses0984,usd0984,2025-08-05,Tablet,Safari,Linux,Paid search,Germany,London,Products,Contact,Yes,Returning Visitor,No,17,19,8,11,2121
984,984,ses0985,usd0985,2025-12-23,Desktop,Edge,MacOS,Social media,Australia,Hyderabad,Pricing,Services,Yes,New Visitor,Yes,15,3,2,28,5219
985,985,ses0986,usd0986,2025-10-18,Desktop,Edge,Android,Email marketing,India,Mumbai,Services,Products,No,Returning Visitor,Yes,18,12,8,14,2063
986,986,ses0987,usd0987,2025-09-23,Desktop,Safari,Android,Direct,Germany,Sydney,Login,Products,No,New Visitor,Yes,5,3,13,44,2124
987,987,ses0988,usd0988,2025-08-02,Desktop,Firefox,Linux,Organic search,Germany,New York,Services,Services,No,New Visitor,No,60,32,9,22,5890
988,988,ses0989,usd0989,2025-06-14,Desktop,Opera,iOS,Social media,India,Delhi,Blog,Contact,Yes,New Visitor,Yes,80,59,15,42,7064
989,989,ses0990,usd0990,2025-08-12,Mobile,Edge,Linux,Email marketing,US,Bangalore,Home,Blog,Yes,New Visitor,No,50,15,19,34,8997
990,990,ses0991,usd0991,2025-02-06,Mobile,Safari,Linux,Organic search,Germany,Singapore,Login,Pricing,Yes,Returning Visitor,No,36,59,23,9,3868
991,991,ses0992,usd0992,2025-11-08,Tablet,Firefox,MacOS,Paid search,Singapore,Delhi,Pricing,Services,Yes,New Visitor,No,14,16,1,4,2028
992,992,ses0993,usd0993,2025-07-06,Tablet,Safari,Linux,Social media,Germany,Bangalore,About us,Pricing,Yes,Returning Visitor,No,72,47,7,13,6726
993,993,ses0994,usd0994,2025-02-08,Mobile,Safari,MacOS,Social media,Australia,London,Login,Products,No,New Visitor,No,58,23,19,13,9471
994,994,ses0995,usd0995,2025-06-06,Tablet,Edge,MacOS,Paid search,India,Sydney,Services,Pricing,No,New Visitor,Yes,52,41,6,1,6014
995,995,ses0996,usd0996,2025-03-02,Tablet,Firefox,Windows,Paid search,US,New York,Products,Contact,No,New Visitor,No,78,57,20,27,8446
996,996,ses0997,usd0997,2025-12-13,Mobile,Firefox,MacOS,Paid search,Singapore,London,About us,Contact,Yes,Returning Visitor,Yes,41,43,2,42,8986
997,997,ses0998,usd0998,2025-07-11,Tablet,Firefox,Android,Social media,UK,Sydney,Services,Services,No,Returning Visitor,No,68,20,4,3,6609
998,998,ses0999,usd0999,2025-05-04,Tablet,Opera,Windows,Direct,Singapore,Chennai,Blog,Home,No,Returning Visitor,No,69,40,17,26,6055
999,999,ses1000,usd1000,2025-06-07,Mobile,Opera,iOS,Paid search,Australia,Mumbai,Home,Contact,Yes,Returning Visitor,No,99,12,15,46,6204
1000,1000,ses1001,usd1001,2025-02-18,Tablet,Opera,Android,Email marketing,Canada,Bangalore,About us,Pricing,Yes,Returning Visitor,Yes,30,42,5,20,7760
1001,1001,ses1002,usd1002,2025-11-23,Desktop,Edge,Android,Email marketing,Singapore,Chennai,Services,Products,Yes,New Visitor,No,63,40,14,3,4421
1002,1002,ses1003,usd1003,2025-11-23,Mobile,Safari,Android,Organic search,US,Sydney,Home,Contact,No,New Visitor,Yes,98,40,9,10,3223
1003,1003,ses1004,usd1004,2025-12-05,Tablet,Safari,Android,Referral,Singapore,Delhi,Login,Contact,Yes,Returning Visitor,Yes,27,29,23,30,6345
1004,1004,ses1005,usd1005,2025-12-16,Mobile,Edge,Windows,Email marketing,US,Delhi,Contact,Pricing,Yes,New Visitor,Yes,28,1,19,6,1171
1005,1005,ses1006,usd1006,2025-10-14,Tablet,Safari,MacOS,Email marketing,Singapore,New York,Contact,Services,Yes,New Visitor,Yes,60,3,9,2,8118
1006,1006,ses1007,usd1007,2025-07-07,Tablet,Firefox,iOS,Organic search,Germany,Singapore,Services,Products,Yes,New Visitor,Yes,82,16,21,5,4058
1007,1007,ses1008,usd1008,2025-10-16,Mobile,Firefox,MacOS,Social media,UK,Mumbai,Pricing,Pricing,Yes,Returning Visitor,No,26,51,23,33,5196
1008,1008,ses1009,usd1009,2025-03-03,Desktop,Opera,Windows,Organic search,Canada,Singapore,Products,Contact,No,Returning Visitor,No,19,49,21,26,7073
1009,1009,ses1010,usd1010,2025-01-11,Tablet,Opera,Linux,Paid search,Singapore,Chennai,Home,Pricing,No,New Visitor,Yes,48,4,22,24,8846
1010,1010,ses1011,usd1011,2025-09-07,Mobile,Safari,Windows,Organic search,Singapore,Hyderabad,Login,Contact,Yes,Returning Visitor,Yes,66,10,15,35,6473
1011,1011,ses1012,usd1012,2025-06-14,Desktop,Firefox,iOS,Organic search,US,Chennai,Pricing,Products,Yes,Returning Visitor,Yes,34,11,10,7,7020
1012,1012,ses1013,usd1013,2025-07-03,Mobile,Safari,Linux,Paid search,Canada,London,Pricing,Contact,No,New Visitor,No,38,48,1,43,1600
1013,1013,ses1014,usd1014,2025-04-23,Mobile,Safari,Android,Direct,India,New York,About us,Home,Yes,Returning Visitor,Yes,39,47,10,37,4315
1014,1014,ses1015,usd1015,2025-08-09,Mobile,Chrome,iOS,Social media,Australia,Delhi,Blog,Pricing,No,New Visitor,No,89,11,2,25,3410
1015,1015,ses1016,usd1016,2025-07-30,Desktop,Edge,Android,Referral,Singapore,London,Contact,Pricing,Yes,Returning Visitor,Yes,39,5,15,17,7453
1016,1016,ses1017,usd1017,2025-10-28,Desktop,Firefox,Windows,Referral,US,Hyderabad,Services,Contact,Yes,Returning Visitor,No,34,31,12,23,5933
1017,1017,ses1018,usd1018,2025-08-29,Mobile,Edge,MacOS,Organic search,Australia,London,Products,Contact,No,New Visitor,Yes,55,24,16,25,2417
1018,1018,ses1019,usd1019,2025-07-15,Desktop,Opera,Windows,Email marketing,Germany,Chennai,About us,Blog,Yes,New Visitor,Yes,43,3,9,6,5992
1019,1019,ses1020,usd1020,2025-05-11,Tablet,Chrome,iOS,Paid search,India,Chennai,Contact,Pricing,Yes,Returning Visitor,No,69,56,24,6,528
1020,1020,ses1021,usd1021,2025-06-19,Mobile,Edge,Linux,Organic search,Canada,New York,Blog,Blog,No,New Visitor,No,77,26,1,13,7679
1021,1021,ses1022,usd1022,2025-04-03,Tablet,Firefox,Linux,Organic search,Australia,Hyderabad,Products,Products,No,Returning Visitor,No,58,17,14,12,5573
1022,1022,ses1023,usd1023,2025-05-24,Desktop,Safari,Windows,Email marketing,Canada,London,Contact,Contact,No,New Visitor,No,28,6,24,24,6016
1023,1023,ses1024,usd1024,2025-10-10,Mobile,Firefox,MacOS,Email marketing,Singapore,Chennai,Home,Blog,Yes,New Visitor,Yes,71,15,14,32,2278
1024,1024,ses1025,usd1025,2025-12-20,Desktop,Edge,iOS,Social media,US,Singapore,Pricing,Contact,Yes,Returning Visitor,Yes,3,22,8,13,3749
1025,1025,ses1026,usd1026,2025-11-27,Tablet,Chrome,Windows,Paid search,UK,Sydney,Blog,Services,Yes,New Visitor,No,53,44,14,33,6700
1026,1026,ses1027,usd1027,2025-01-18,Desktop,Opera,Linux,Paid search,Singapore,Mumbai,Services,Pricing,Yes,Returning Visitor,No,55,42,6,30,4181
1027,1027,ses1028,usd1028,2025-06-27,Mobile,Chrome,iOS,Direct,India,Hyderabad,Blog,Services,No,New Visitor,No,16,58,7,46,7090
1028,1028,ses1029,usd1029,2025-08-03,Tablet,Chrome,Android,Social media,Australia,Hyderabad,Services,Blog,No,New Visitor,No,85,7,18,2,4163
1029,1029,ses1030,usd1030,2025-10-15,Mobile,Firefox,Windows,Paid search,India,Chennai,Products,Pricing,Yes,New Visitor,Yes,27,2,23,9,2987
1030,1030,ses1031,usd1031,2025-08-20,Desktop,Firefox,Android,Organic search,Singapore,London,Home,Contact,Yes,Returning Visitor,No,95,47,23,32,5938
1031,1031,ses1032,usd1032,2025-02-28,Tablet,Safari,Windows,Organic search,Germany,Mumbai,About us,Contact,Yes,New Visitor,Yes,97,8,1,8,3248
1032,1032,ses1033,usd1033,2025-02-07,Tablet,Safari,iOS,Paid search,India,London,Pricing,Contact,Yes,Returning Visitor,Yes,39,55,15,34,3094
1033,1033,ses1034,usd1034,2026-01-01,Mobile,Edge,MacOS,Direct,US,Hyderabad,Pricing,Contact,No,Returning Visitor,Yes,26,51,19,39,1010
1034,1034,ses1035,usd1035,2025-05-23,Desktop,Chrome,Android,Referral,Canada,London,Pricing,Products,No,New Visitor,No,39,29,8,8,2355
1035,1035,ses1036,usd1036,2025-09-11,Desktop,Edge,iOS,Direct,India,Chennai,Products,Contact,Yes,New Visitor,Yes,43,32,21,48,1503
1036,1036,ses1037,usd1037,2025-12-19,Tablet,Firefox,MacOS,Paid search,Germany,Singapore,Services,Products,Yes,New Visitor,Yes,2,23,10,21,8980
1037,1037,ses1038,usd1038,2025-08-02,Tablet,Firefox,Windows,Organic search,Singapore,Delhi,About us,Contact,Yes,New Visitor,No,34,35,6,10,9709
1038,1038,ses1039,usd1039,2025-03-13,Tablet,Chrome,iOS,Paid search,Singapore,Bangalore,Contact,Services,No,Returning Visitor,No,32,7,19,10,8326
1039,1039,ses1040,usd1040,2025-12-21,Desktop,Firefox,MacOS,Email marketing,Germany,Sydney,Login,Home,No,New Visitor,No,95,49,21,20,674
1040,1040,ses1041,usd1041,2025-08-26,Tablet,Chrome,Linux,Organic search,US,Delhi,Pricing,Home,No,New Visitor,No,43,47,10,5,1510
1041,1041,ses1042,usd1042,2025-12-04,Mobile,Opera,Linux,Direct,Singapore,New York,Services,Services,No,Returning Visitor,No,58,54,3,8,888
1042,1042,ses1043,usd1043,2025-05-08,Mobile,Opera,MacOS,Referral,Canada,Mumbai,Login,Products,No,Returning Visitor,Yes,46,10,15,21,9495
1043,1043,ses1044,usd1044,2025-07-28,Mobile,Firefox,Android,Social media,Canada,Delhi,Login,Blog,No,Returning Visitor,No,28,22,5,10,3833
1044,1044,ses1045,usd1045,2025-03-16,Mobile,Safari,Android,Social media,Canada,Chennai,Services,Products,No,New Visitor,No,55,53,3,13,1066
1045,1045,ses1046,usd1046,2025-03-09,Desktop,Edge,Linux,Paid search,UK,London,Products,Services,No,Returning Visitor,Yes,74,13,3,8,8061
1046,1046,ses1047,usd1047,2025-06-11,Mobile,Edge,MacOS,Paid search,Australia,Bangalore,Home,Pricing,No,New Visitor,Yes,87,47,4,38,418
1047,1047,ses1048,usd1048,2025-03-23,Tablet,Firefox,Android,Email marketing,Germany,Singapore,Home,Products,No,Returning Visitor,Yes,89,30,17,13,890
1048,1048,ses1049,usd1049,2025-06-21,Tablet,Opera,iOS,Referral,US,Bangalore,Contact,Services,Yes,New Visitor,Yes,78,45,9,28,8900
1049,1049,ses1050,usd1050,2025-09-29,Mobile,Chrome,MacOS,Organic search,US,Chennai,Blog,Products,Yes,New Visitor,Yes,95,15,4,33,3072
1050,1050,ses1051,usd1051,2025-06-01,Tablet,Edge,Windows,Email marketing,UK,Singapore,Blog,Pricing,No,Returning Visitor,No,31,3,5,24,3282
1051,1051,ses1052,usd1052,2025-10-31,Desktop,Edge,Linux,Email marketing,US,Mumbai,Blog,Contact,Yes,New Visitor,No,57,6,8,32,2804
1052,1052,ses1053,usd1053,2025-09-03,Tablet,Safari,Windows,Referral,India,Bangalore,Home,Services,No,Returning Visitor,Yes,6,54,5,12,8894
1053,1053,ses1054,usd1054,2025-07-09,Desktop,Safari,Windows,Email marketing,Germany,Sydney,Blog,Products,No,Returning Visitor,No,94,23,20,11,3098
1054,1054,ses1055,usd1055,2025-03-21,Tablet,Safari,Windows,Direct,Germany,London,Blog,Services,Yes,Returning Visitor,Yes,94,38,3,25,5770
1055,1055,ses1056,usd1056,2025-02-19,Desktop,Edge,Linux,Direct,Germany,Sydney,Pricing,Blog,No,Returning Visitor,Yes,90,57,22,28,9019
1056,1056,ses1057,usd1057,2025-01-16,Mobile,Firefox,iOS,Paid search,Australia,Sydney,Blog,Contact,No,New Visitor,No,96,49,13,26,8551
1057,1057,ses1058,usd1058,2025-06-23,Tablet,Firefox,Linux,Organic search,UK,Delhi,About us,Services,No,Returning Visitor,No,98,29,3,49,979
1058,1058,ses1059,usd1059,2025-11-26,Desktop,Firefox,Linux,Paid search,India,Sydney,About us,Pricing,Yes,New Visitor,No,14,25,18,43,7227
1059,1059,ses1060,usd1060,2025-03-18,Desktop,Firefox,Windows,Email marketing,Canada,London,Contact,Home,No,New Visitor,Yes,42,29,12,7,3767
1060,1060,ses1061,usd1061,2025-05-27,Desktop,Firefox,Linux,Social media,Singapore,Mumbai,Login,Blog,No,Returning Visitor,Yes,91,52,16,2,4873
1061,1061,ses1062,usd1062,2025-08-08,Desktop,Opera,Android,Referral,UK,Hyderabad,Login,Blog,No,New Visitor,Yes,82,46,5,27,1110
1062,1062,ses1063,usd1063,2025-11-19,Tablet,Opera,Windows,Social media,Canada,Sydney,Services,Products,Yes,Returning Visitor,No,40,33,15,38,7918
1063,1063,ses1064,usd1064,2025-09-19,Tablet,Chrome,iOS,Social media,UK,Delhi,Services,Products,Yes,Returning Visitor,No,14,55,6,37,3168
1064,1064,ses1065,usd1065,2025-01-13,Tablet,Safari,Windows,Direct,US,Chennai,Pricing,Home,Yes,Returning Visitor,No,3,18,22,40,4081
1065,1065,ses1066,usd1066,2025-11-08,Tablet,Opera,Android,Organic search,UK,Singapore,Login,Contact,No,Returning Visitor,No,87,54,10,26,6344
1066,1066,ses1067,usd1067,2025-06-12,Mobile,Safari,Linux,Email marketing,Singapore,Mumbai,Login,Pricing,No,Returning Visitor,No,42,59,14,11,1218
1067,1067,ses1068,usd1068,2025-11-09,Desktop,Edge,iOS,Paid search,Germany,Delhi,Home,Pricing,No,New Visitor,Yes,4,11,3,2,2041
1068,1068,ses1069,usd1069,2025-02-01,Desktop,Firefox,Android,Paid search,India,New York,Pricing,Blog,No,New Visitor,Yes,26,19,2,6,9861
1069,1069,ses1070,usd1070,2025-01-13,Mobile,Edge,Android,Paid search,Australia,Mumbai,Pricing,Services,No,Returning Visitor,Yes,60,55,14,1,3012
1070,1070,ses1071,usd1071,2025-11-16,Tablet,Opera,iOS,Email marketing,Canada,New York,Products,Pricing,Yes,New Visitor,Yes,16,1,20,19,2461
1071,1071,ses1072,usd1072,2025-10-09,Mobile,Edge,Windows,Email marketing,India,Chennai,Login,Home,No,New Visitor,No,99,35,16,23,9123
1072,1072,ses1073,usd1073,2025-04-29,Desktop,Opera,iOS,Social media,Singapore,Delhi,Pricing,Home,Yes,New Visitor,Yes,88,36,1,12,6856
1073,1073,ses1074,usd1074,2025-10-16,Mobile,Chrome,Android,Direct,Australia,Chennai,Login,Blog,No,Returning Visitor,Yes,98,43,16,29,503
1074,1074,ses1075,usd1075,2025-02-23,Tablet,Opera,Windows,Referral,UK,Sydney,Contact,Pricing,Yes,New Visitor,No,36,58,20,3,2050
1075,1075,ses1076,usd1076,2025-01-15,Desktop,Opera,Windows,Paid search,UK,Hyderabad,Products,Blog,Yes,New Visitor,No,42,31,19,20,2645
1076,1076,ses1077,usd1077,2025-02-10,Mobile,Edge,Linux,Email marketing,India,London,Home,Pricing,No,Returning Visitor,Yes,64,52,10,1,9307
1077,1077,ses1078,usd1078,2025-06-26,Desktop,Edge,iOS,Social media,India,Singapore,Services,Blog,Yes,New Visitor,Yes,37,55,8,8,1601
1078,1078,ses1079,usd1079,2025-08-28,Mobile,Safari,Windows,Paid search,Australia,New York,Blog,Services,Yes,Returning Visitor,Yes,80,23,1,46,1341
1079,1079,ses1080,usd1080,2025-12-28,Tablet,Safari,Android,Social media,Canada,Delhi,Services,Contact,No,New Visitor,Yes,50,46,10,45,5324
1080,1080,ses1081,usd1081,2025-10-04,Desktop,Edge,Linux,Social media,India,Sydney,Products,Products,Yes,Returning Visitor,No,85,43,13,49,6352
1081,1081,ses1082,usd1082,2025-01-11,Mobile,Chrome,MacOS,Email marketing,US,Mumbai,Blog,Contact,No,Returning Visitor,Yes,31,38,4,20,378
1082,1082,ses1083,usd1083,2025-06-05,Mobile,Chrome,Linux,Paid search,India,London,Blog,Blog,No,New Visitor,No,28,10,10,26,1824
1083,1083,ses1084,usd1084,2025-08-29,Desktop,Opera,Windows,Paid search,Canada,Singapore,Contact,Contact,Yes,Returning Visitor,No,18,5,6,23,6861
1084,1084,ses1085,usd1085,2025-06-29,Tablet,Firefox,Linux,Email marketing,Canada,Delhi,Pricing,Blog,Yes,New Visitor,Yes,91,42,9,40,7308
1085,1085,ses1086,usd1086,2025-12-17,Desktop,Safari,Linux,Email marketing,UK,Sydney,About us,Blog,No,Returning Visitor,Yes,81,13,6,20,2281
1086,1086,ses1087,usd1087,2025-07-06,Desktop,Opera,MacOS,Email marketing,India,Hyderabad,About us,Blog,Yes,Returning Visitor,Yes,87,54,14,20,3233
1087,1087,ses1088,usd1088,2025-06-29,Desktop,Edge,iOS,Social media,India,Chennai,Pricing,Pricing,No,New Visitor,Yes,95,35,15,20,2643
1088,1088,ses1089,usd1089,2025-12-26,Tablet,Edge,MacOS,Organic search,UK,Chennai,Blog,Blog,Yes,New Visitor,Yes,14,51,3,12,7245
1089,1089,ses1090,usd1090,2025-03-17,Tablet,Firefox,iOS,Referral,Singapore,Singapore,Services,Products,Yes,Returning Visitor,Yes,80,10,19,16,4533
1090,1090,ses1091,usd1091,2025-07-12,Tablet,Firefox,iOS,Email marketing,UK,Delhi,Blog,Products,No,New Visitor,Yes,55,18,15,45,2872
1091,1091,ses1092,usd1092,2025-09-22,Tablet,Chrome,Android,Paid search,Canada,Delhi,Contact,Contact,Yes,New Visitor,Yes,44,28,13,45,5956
1092,1092,ses1093,usd1093,2025-09-17,Tablet,Edge,MacOS,Social media,Singapore,London,Pricing,Contact,Yes,Returning Visitor,No,61,7,7,39,4641
1093,1093,ses1094,usd1094,2025-04-03,Mobile,Firefox,Linux,Organic search,US,Hyderabad,Pricing,Home,Yes,Returning Visitor,Yes,6,29,6,7,6536
1094,1094,ses1095,usd1095,2025-06-15,Mobile,Firefox,iOS,Social media,Germany,Singapore,Products,Services,No,New Visitor,No,25,46,7,15,5160
1095,1095,ses1096,usd1096,2025-08-02,Mobile,Safari,Linux,Email marketing,Australia,London,Blog,Home,Yes,New Visitor,No,26,28,11,22,8273
1096,1096,ses1097,usd1097,2025-07-25,Tablet,Chrome,iOS,Email marketing,US,Singapore,Login,Home,No,Returning Visitor,No,57,17,21,3,9152
1097,1097,ses1098,usd1098,2025-11-17,Mobile,Firefox,iOS,Social media,Germany,New York,Blog,Contact,Yes,New Visitor,No,77,41,23,14,5355
1098,1098,ses1099,usd1099,2025-11-10,Tablet,Firefox,Android,Referral,Singapore,Hyderabad,Blog,Home,No,New Visitor,No,22,33,12,14,4294
1099,1099,ses1100,usd1100,2025-08-06,Desktop,Opera,Linux,Direct,US,Sydney,Home,Products,Yes,Returning Visitor,No,40,49,5,2,3427
1100,1100,ses1101,usd1101,2025-07-02,Tablet,Chrome,iOS,Organic search,US,Mumbai,Blog,Products,Yes,New Visitor,Yes,94,1,8,25,3745
1101,1101,ses1102,usd1102,2025-04-17,Tablet,Chrome,Android,Social media,Singapore,New York,Contact,Blog,Yes,Returning Visitor,Yes,83,42,10,48,2426
1102,1102,ses1103,usd1103,2025-06-24,Desktop,Opera,Linux,Paid search,Germany,Bangalore,About us,Pricing,No,Returning Visitor,No,42,18,6,13,1632
1103,1103,ses1104,usd1104,2025-05-17,Desktop,Safari,Android,Social media,Germany,Bangalore,Login,Products,No,New Visitor,Yes,37,1,6,15,3719
1104,1104,ses1105,usd1105,2025-07-29,Mobile,Safari,Linux,Email marketing,Singapore,Hyderabad,Pricing,Contact,Yes,New Visitor,No,31,30,17,34,599
1105,1105,ses1106,usd1106,2025-01-11,Mobile,Safari,Android,Referral,US,New York,Home,Contact,Yes,New Visitor,No,93,25,22,15,2183
1106,1106,ses1107,usd1107,2025-02-20,Desktop,Firefox,iOS,Email marketing,India,Sydney,Home,Services,No,Returning Visitor,No,76,28,22,4,9719
1107,1107,ses1108,usd1108,2025-02-21,Tablet,Firefox,Linux,Referral,Australia,Mumbai,Contact,Products,Yes,Returning Visitor,No,99,34,24,42,3589
1108,1108,ses1109,usd1109,2025-11-19,Desktop,Opera,MacOS,Email marketing,Canada,Bangalore,Blog,Products,Yes,New Visitor,Yes,51,53,4,16,6533
1109,1109,ses1110,usd1110,2025-07-03,Mobile,Chrome,Windows,Email marketing,UK,Hyderabad,Home,Pricing,Yes,New Visitor,Yes,62,17,1,31,7432
1110,1110,ses1111,usd1111,2025-05-29,Desktop,Opera,Linux,Paid search,Germany,Bangalore,Home,Contact,Yes,New Visitor,No,30,43,14,2,554
1111,1111,ses1112,usd1112,2025-09-07,Tablet,Opera,iOS,Organic search,US,Bangalore,Login,Contact,Yes,Returning Visitor,No,60,35,20,35,6564
1112,1112,ses1113,usd1113,2025-05-08,Tablet,Firefox,Windows,Email marketing,UK,Singapore,About us,Services,Yes,Returning Visitor,No,73,31,6,10,3181
1113,1113,ses1114,usd1114,2025-01-23,Tablet,Edge,iOS,Paid search,Australia,Delhi,Home,Contact,Yes,New Visitor,No,3,30,8,34,4250
1114,1114,ses1115,usd1115,2025-11-25,Tablet,Edge,MacOS,Direct,US,New York,Services,Home,No,New Visitor,Yes,9,9,3,7,4946
1115,1115,ses1116,usd1116,2025-12-30,Desktop,Safari,Android,Email marketing,Singapore,Hyderabad,Services,Services,Yes,New Visitor,No,23,14,19,10,5743
1116,1116,ses1117,usd1117,2025-08-10,Desktop,Firefox,MacOS,Email marketing,US,New York,Pricing,Contact,Yes,New Visitor,No,1,59,1,22,9664
1117,1117,ses1118,usd1118,2025-03-17,Mobile,Firefox,Linux,Social media,Germany,Delhi,About us,Services,No,New Visitor,No,49,9,14,7,7172
1118,1118,ses1119,usd1119,2025-09-17,Tablet,Safari,iOS,Social media,Germany,New York,Login,Home,No,New Visitor,Yes,53,53,1,8,8497
1119,1119,ses1120,usd1120,2025-03-23,Desktop,Edge,Android,Paid search,US,New York,Home,Contact,Yes,Returning Visitor,No,11,14,6,23,3010
1120,1120,ses1121,usd1121,2025-07-31,Desktop,Chrome,Linux,Referral,Germany,Sydney,Products,Products,Yes,Returning Visitor,Yes,48,37,15,1,3621
1121,1121,ses1122,usd1122,2025-11-03,Tablet,Edge,Windows,Email marketing,Germany,Singapore,Products,Home,Yes,New Visitor,No,74,48,6,45,6931
1122,1122,ses1123,usd1123,2025-09-23,Mobile,Firefox,Linux,Referral,Australia,Bangalore,Services,Contact,Yes,New Visitor,Yes,53,10,14,14,4745
1123,1123,ses1124,usd1124,2025-06-12,Tablet,Edge,Linux,Email marketing,Canada,Chennai,Pricing,Contact,Yes,Returning Visitor,No,23,4,7,26,3340
1124,1124,ses1125,usd1125,2025-11-28,Desktop,Firefox,Android,Email marketing,Singapore,London,Services,Contact,Yes,Returning Visitor,Yes,60,12,1,29,8770
1125,1125,ses1126,usd1126,2025-06-06,Mobile,Firefox,Windows,Organic search,US,Singapore,About us,Services,Yes,Returning Visitor,Yes,9,45,4,10,2343
1126,1126,ses1127,usd1127,2025-09-25,Mobile,Firefox,MacOS,Paid search,Singapore,Hyderabad,Services,Home,Yes,Returning Visitor,No,93,17,23,13,2484
1127,1127,ses1128,usd1128,2025-02-24,Tablet,Safari,MacOS,Referral,Australia,Singapore,Products,Pricing,Yes,Returning Visitor,No,22,18,8,22,9654
1128,1128,ses1129,usd1129,2025-03-15,Mobile,Safari,MacOS,Email marketing,Germany,Singapore,Services,Products,No,New Visitor,No,90,25,13,34,7537
1129,1129,ses1130,usd1130,2025-03-17,Mobile,Edge,Android,Paid search,UK,New York,Blog,Products,Yes,Returning Visitor,Yes,60,9,3,28,2546
1130,1130,ses1131,usd1131,2025-12-16,Tablet,Firefox,Windows,Direct,Canada,Singapore,Login,Pricing,Yes,New Visitor,No,52,55,2,12,1662
1131,1131,ses1132,usd1132,2025-05-17,Mobile,Firefox,Linux,Organic search,Canada,Delhi,Blog,Contact,Yes,Returning Visitor,Yes,8,30,24,30,6098
1132,1132,ses1133,usd1133,2025-04-28,Mobile,Edge,Android,Organic search,Canada,Sydney,Services,Contact,Yes,New Visitor,Yes,62,51,1,7,3930
1133,1133,ses1134,usd1134,2025-12-08,Mobile,Edge,iOS,Email marketing,US,London,Contact,Blog,No,Returning Visitor,Yes,38,37,15,19,3992
1134,1134,ses1135,usd1135,2025-01-05,Tablet,Chrome,iOS,Social media,Canada,Hyderabad,About us,Services,Yes,Returning Visitor,Yes,89,52,5,44,2259
1135,1135,ses1136,usd1136,2025-03-02,Tablet,Chrome,Windows,Direct,India,Hyderabad,Blog,Services,No,New Visitor,Yes,25,52,3,32,4150
1136,1136,ses1137,usd1137,2025-11-26,Mobile,Edge,Linux,Social media,India,London,Pricing,Home,Yes,New Visitor,Yes,10,40,14,21,6637
1137,1137,ses1138,usd1138,2025-10-03,Desktop,Opera,Windows,Referral,Australia,Chennai,Home,Contact,No,New Visitor,Yes,51,17,14,39,8247
1138,1138,ses1139,usd1139,2025-04-04,Mobile,Edge,Windows,Referral,Singapore,Delhi,Contact,Blog,Yes,New Visitor,No,86,55,13,33,856
1139,1139,ses1140,usd1140,2025-10-18,Desktop,Opera,MacOS,Email marketing,Australia,Sydney,Products,Home,Yes,New Visitor,Yes,66,42,4,21,8740
1140,1140,ses1141,usd1141,2025-10-06,Desktop,Edge,MacOS,Organic search,US,Chennai,Login,Pricing,Yes,New Visitor,Yes,54,58,17,29,9724
1141,1141,ses1142,usd1142,2025-12-01,Mobile,Safari,Linux,Email marketing,Canada,Sydney,Home,Blog,Yes,New Visitor,No,47,7,9,27,679
1142,1142,ses1143,usd1143,2025-07-03,Tablet,Chrome,iOS,Paid search,Singapore,New York,Services,Home,No,Returning Visitor,No,10,41,13,41,8434
1143,1143,ses1144,usd1144,2025-02-18,Desktop,Chrome,Windows,Referral,India,Chennai,Blog,Services,Yes,New Visitor,No,94,21,6,21,9811
1144,1144,ses1145,usd1145,2025-06-11,Tablet,Chrome,Linux,Referral,US,Sydney,Products,Pricing,No,Returning Visitor,Yes,99,40,8,41,4684
1145,1145,ses1146,usd1146,2025-10-16,Desktop,Firefox,Windows,Direct,Germany,Mumbai,Blog,Products,Yes,Returning Visitor,Yes,4,51,8,4,5447
1146,1146,ses1147,usd1147,2025-02-03,Desktop,Opera,iOS,Organic search,Singapore,Hyderabad,About us,Blog,Yes,New Visitor,Yes,92,4,1,3,7350
1147,1147,ses1148,usd1148,2025-06-30,Tablet,Opera,MacOS,Referral,Australia,Delhi,Services,Products,Yes,Returning Visitor,Yes,64,42,13,41,7084
1148,1148,ses1149,usd1149,2025-10-08,Mobile,Safari,MacOS,Referral,UK,Hyderabad,Login,Contact,Yes,Returning Visitor,Yes,13,4,14,14,2617
1149,1149,ses1150,usd1150,2025-08-21,Mobile,Safari,MacOS,Email marketing,Germany,Singapore,Home,Contact,No,New Visitor,Yes,30,34,16,46,3916
1150,1150,ses1151,usd1151,2025-09-24,Desktop,Edge,Linux,Direct,Singapore,Hyderabad,Services,Contact,Yes,Returning Visitor,No,24,31,11,9,7137
1151,1151,ses1152,usd1152,2025-04-22,Desktop,Firefox,Windows,Organic search,Canada,Sydney,Pricing,Contact,Yes,New Visitor,Yes,57,51,16,40,5844
1152,1152,ses1153,usd1153,2025-03-16,Tablet,Chrome,Linux,Referral,India,New York,About us,Services,Yes,Returning Visitor,No,48,39,20,13,4110
1153,1153,ses1154,usd1154,2025-02-15,Desktop,Firefox,Android,Paid search,Canada,Mumbai,Services,Blog,Yes,Returning Visitor,Yes,10,1,7,4,5693
1154,1154,ses1155,usd1155,2025-12-16,Tablet,Firefox,Linux,Direct,US,London,Home,Pricing,No,Returning Visitor,Yes,59,38,18,14,5366
1155,1155,ses1156,usd1156,2025-03-26,Tablet,Firefox,iOS,Social media,Australia,London,Services,Contact,Yes,Returning Visitor,No,98,5,14,18,259
1156,1156,ses1157,usd1157,2025-04-07,Tablet,Opera,Windows,Paid search,US,New York,Products,Pricing,Yes,Returning Visitor,No,74,26,12,25,3203
1157,1157,ses1158,usd1158,2025-07-20,Tablet,Safari,MacOS,Organic search,India,Sydney,Services,Products,Yes,Returning Visitor,Yes,99,39,20,14,9391
1158,1158,ses1159,usd1159,2025-08-16,Desktop,Chrome,Windows,Email marketing,Australia,Mumbai,Contact,Contact,No,Returning Visitor,Yes,53,46,20,46,6162
1159,1159,ses1160,usd1160,2025-09-27,Tablet,Opera,MacOS,Paid search,UK,Delhi,Login,Products,Yes,New Visitor,Yes,90,43,11,17,9013
1160,1160,ses1161,usd1161,2025-05-23,Mobile,Firefox,Windows,Email marketing,Germany,Sydney,Pricing,Contact,Yes,Returning Visitor,No,40,26,24,37,9536
1161,1161,ses1162,usd1162,2025-10-18,Mobile,Opera,Android,Email marketing,Germany,London,Services,Products,No,New Visitor,No,22,33,20,16,3640
1162,1162,ses1163,usd1163,2025-05-28,Tablet,Edge,iOS,Social media,Singapore,Delhi,Contact,Contact,Yes,New Visitor,No,40,30,1,38,423
1163,1163,ses1164,usd1164,2025-12-02,Mobile,Safari,iOS,Social media,Australia,Hyderabad,Services,Products,No,New Visitor,No,96,37,17,21,1843
1164,1164,ses1165,usd1165,2025-12-28,Desktop,Edge,iOS,Paid search,UK,Hyderabad,Blog,Pricing,No,Returning Visitor,Yes,44,55,11,37,6156
1165,1165,ses1166,usd1166,2025-09-30,Desktop,Edge,Windows,Organic search,Singapore,London,Home,Contact,No,Returning Visitor,No,98,6,17,31,1831
1166,1166,ses1167,usd1167,2025-05-18,Desktop,Opera,Windows,Organic search,India,Chennai,Blog,Contact,Yes,Returning Visitor,No,56,42,2,28,8495
1167,1167,ses1168,usd1168,2025-09-27,Tablet,Edge,Windows,Organic search,Germany,Singapore,About us,Contact,Yes,Returning Visitor,No,29,25,16,15,2907
1168,1168,ses1169,usd1169,2025-10-08,Mobile,Opera,MacOS,Referral,India,London,Contact,Home,No,New Visitor,Yes,66,17,7,8,4729
1169,1169,ses1170,usd1170,2025-04-25,Desktop,Opera,Android,Referral,Germany,Hyderabad,Login,Contact,Yes,Returning Visitor,No,31,44,20,45,3866
1170,1170,ses1171,usd1171,2025-02-01,Desktop,Chrome,MacOS,Paid search,Singapore,New York,Pricing,Contact,No,Returning Visitor,No,55,37,3,22,3588
1171,1171,ses1172,usd1172,2025-03-24,Desktop,Firefox,Windows,Referral,UK,Hyderabad,Products,Home,Yes,New Visitor,No,12,41,24,6,5752
1172,1172,ses1173,usd1173,2025-09-19,Desktop,Firefox,iOS,Referral,Canada,New York,Home,Contact,Yes,Returning Visitor,No,81,33,13,42,861
1173,1173,ses1174,usd1174,2025-02-13,Mobile,Chrome,MacOS,Social media,Singapore,Hyderabad,About us,Home,Yes,Returning Visitor,No,49,31,18,2,5512
1174,1174,ses1175,usd1175,2025-03-27,Mobile,Safari,Windows,Organic search,Singapore,Chennai,About us,Services,No,New Visitor,No,43,51,17,16,9836
1175,1175,ses1176,usd1176,2025-03-23,Mobile,Edge,MacOS,Organic search,US,Singapore,Blog,Pricing,No,New Visitor,No,25,14,17,38,5133
1176,1176,ses1177,usd1177,2025-01-26,Desktop,Chrome,Windows,Email marketing,Singapore,New York,Login,Contact,No,New Visitor,No,17,18,13,5,3423
1177,1177,ses1178,usd1178,2025-07-09,Desktop,Edge,Linux,Email marketing,Germany,New York,Products,Contact,No,Returning Visitor,Yes,22,47,18,6,1029
1178,1178,ses1179,usd1179,2025-01-09,Desktop,Edge,Linux,Email marketing,US,Hyderabad,Blog,Products,No,New Visitor,Yes,99,20,10,6,1006
1179,1179,ses1180,usd1180,2025-03-27,Tablet,Safari,Windows,Organic search,Singapore,New York,Blog,Home,No,Returning Visitor,Yes,24,17,21,38,1637
1180,1180,ses1181,usd1181,2025-02-26,Mobile,Edge,Windows,Referral,Singapore,Bangalore,Services,Contact,Yes,Returning Visitor,Yes,62,33,23,5,8849
1181,1181,ses1182,usd1182,2025-03-20,Desktop,Firefox,Android,Referral,Singapore,Singapore,Login,Blog,No,Returning Visitor,Yes,7,16,6,9,4196
1182,1182,ses1183,usd1183,2025-03-18,Mobile,Edge,iOS,Referral,US,Hyderabad,About us,Products,No,New Visitor,Yes,64,46,11,14,6139
1183,1183,ses1184,usd1184,2025-07-24,Tablet,Opera,Android,Referral,India,Chennai,Pricing,Home,No,New Visitor,No,36,29,23,1,2245
1184,1184,ses1185,usd1185,2025-02-22,Mobile,Safari,Android,Email marketing,India,Bangalore,About us,Pricing,No,New Visitor,No,48,58,9,7,8118
1185,1185,ses1186,usd1186,2025-03-28,Tablet,Chrome,Linux,Organic search,Germany,New York,Contact,Pricing,No,Returning Visitor,Yes,89,1,5,31,3195
1186,1186,ses1187,usd1187,2025-09-18,Mobile,Firefox,Windows,Direct,Australia,Sydney,Pricing,Home,No,New Visitor,No,90,8,2,4,9299
1187,1187,ses1188,usd1188,2025-12-27,Mobile,Chrome,Android,Email marketing,Singapore,Mumbai,Pricing,Services,No,Returning Visitor,Yes,48,17,8,46,7563
1188,1188,ses1189,usd1189,2025-07-13,Tablet,Safari,Android,Direct,Singapore,Mumbai,Blog,Products,No,New Visitor,Yes,59,21,19,23,5077
1189,1189,ses1190,usd1190,2025-02-02,Mobile,Safari,Android,Paid search,India,London,Login,Contact,Yes,Returning Visitor,Yes,7,54,4,47,4501
1190,1190,ses1191,usd1191,2025-01-15,Desktop,Firefox,Android,Organic search,Australia,London,Pricing,Contact,Yes,Returning Visitor,No,38,43,4,5,2175
1191,1191,ses1192,usd1192,2025-02-23,Mobile,Firefox,MacOS,Organic search,US,Hyderabad,About us,Blog,Yes,Returning Visitor,Yes,39,10,13,11,7734
1192,1192,ses1193,usd1193,2025-02-15,Desktop,Edge,Windows,Social media,UK,London,Services,Contact,No,Returning Visitor,Yes,83,30,10,43,4913
1193,1193,ses1194,usd1194,2025-06-25,Tablet,Chrome,Linux,Social media,Germany,Singapore,Products,Pricing,Yes,New Visitor,Yes,14,57,14,11,5189
1194,1194,ses1195,usd1195,2025-10-30,Mobile,Firefox,MacOS,Direct,UK,Mumbai,Pricing,Blog,No,Returning Visitor,Yes,77,15,3,9,3622
1195,1195,ses1196,usd1196,2025-07-03,Mobile,Opera,Linux,Paid search,Singapore,Chennai,Services,Products,No,New Visitor,No,44,10,1,18,6041
1196,1196,ses1197,usd1197,2025-02-27,Tablet,Chrome,Linux,Organic search,India,Bangalore,Contact,Products,No,Returning Visitor,Yes,9,42,16,47,4467
1197,1197,ses1198,usd1198,2025-05-20,Tablet,Chrome,MacOS,Email marketing,Singapore,New York,Home,Pricing,Yes,Returning Visitor,No,65,20,22,22,7431
1198,1198,ses1199,usd1199,2025-12-22,Desktop,Safari,Windows,Organic search,Germany,Mumbai,Products,Contact,No,New Visitor,Yes,40,7,4,31,8461
1199,1199,ses1200,usd1200,2025-05-04,Desktop,Firefox,Linux,Social media,Germany,Chennai,About us,Blog,Yes,New Visitor,No,44,54,23,16,4953
1200,1200,ses1201,usd1201,2025-05-12,Mobile,Opera,iOS,Referral,Singapore,Singapore,About us,Contact,Yes,New Visitor,No,96,42,14,17,9204
1201,1201,ses1202,usd1202,2025-06-17,Mobile,Safari,iOS,Organic search,Canada,Singapore,Blog,Home,No,New Visitor,No,94,46,21,17,25
1202,1202,ses1203,usd1203,2025-07-06,Desktop,Chrome,iOS,Social media,India,Chennai,Services,Contact,Yes,Returning Visitor,No,81,1,16,16,1217
1203,1203,ses1204,usd1204,2025-05-15,Tablet,Edge,Linux,Social media,Singapore,Mumbai,Services,Products,No,Returning Visitor,No,44,52,3,28,8458
1204,1204,ses1205,usd1205,2025-01-13,Tablet,Safari,Linux,Paid search,India,New York,Blog,Blog,Yes,New Visitor,No,71,38,13,40,3123
1205,1205,ses1206,usd1206,2025-02-06,Desktop,Edge,MacOS,Social media,UK,Hyderabad,Pricing,Pricing,Yes,Returning Visitor,Yes,70,38,18,33,8702
1206,1206,ses1207,usd1207,2025-02-20,Mobile,Chrome,Windows,Email marketing,Singapore,Singapore,Products,Services,Yes,New Visitor,Yes,74,55,3,4,522
1207,1207,ses1208,usd1208,2025-04-18,Mobile,Opera,iOS,Social media,UK,Chennai,Home,Home,No,New Visitor,Yes,68,20,22,6,7925
1208,1208,ses1209,usd1209,2025-04-24,Tablet,Opera,Android,Email marketing,Canada,Delhi,Products,Contact,No,New Visitor,No,28,16,22,48,4905
1209,1209,ses1210,usd1210,2025-10-19,Tablet,Opera,MacOS,Email marketing,Germany,Sydney,Blog,Contact,No,Returning Visitor,No,92,40,18,4,7418
1210,1210,ses1211,usd1211,2025-11-15,Desktop,Safari,Linux,Social media,US,Chennai,Pricing,Contact,Yes,New Visitor,No,13,13,16,7,3492
1211,1211,ses1212,usd1212,2025-04-15,Desktop,Chrome,Android,Paid search,Canada,Singapore,About us,Home,Yes,New Visitor,Yes,97,22,2,21,9504
1212,1212,ses1213,usd1213,2025-11-10,Desktop,Edge,MacOS,Referral,Germany,London,Services,Pricing,Yes,New Visitor,No,59,8,6,8,1683
1213,1213,ses1214,usd1214,2025-11-04,Mobile,Opera,iOS,Direct,Canada,Mumbai,Pricing,Pricing,Yes,Returning Visitor,Yes,86,29,12,10,318
1214,1214,ses1215,usd1215,2025-06-27,Desktop,Safari,iOS,Paid search,Australia,Sydney,Products,Products,No,New Visitor,No,72,55,6,18,4050
1215,1215,ses1216,usd1216,2025-10-25,Desktop,Edge,MacOS,Organic search,US,New York,Home,Home,Yes,New Visitor,No,86,17,1,21,2894
1216,1216,ses1217,usd1217,2025-07-03,Mobile,Chrome,MacOS,Referral,US,Bangalore,Home,Home,Yes,Returning Visitor,Yes,96,45,20,4,3908
1217,1217,ses1218,usd1218,2025-12-25,Desktop,Opera,Windows,Direct,Australia,London,Pricing,Blog,No,Returning Visitor,Yes,80,23,4,47,5873
1218,1218,ses1219,usd1219,2025-04-17,Desktop,Opera,Android,Referral,India,Hyderabad,About us,Products,No,New Visitor,No,93,40,16,31,1512
1219,1219,ses1220,usd1220,2025-06-21,Mobile,Safari,iOS,Paid search,Singapore,Hyderabad,Home,Contact,Yes,Returning Visitor,Yes,36,14,24,27,3256
1220,1220,ses1221,usd1221,2025-07-01,Tablet,Safari,MacOS,Referral,Germany,Delhi,Services,Products,No,New Visitor,No,82,37,6,34,705
1221,1221,ses1222,usd1222,2025-01-29,Mobile,Firefox,MacOS,Direct,Germany,Mumbai,Products,Blog,Yes,New Visitor,No,41,54,17,8,4694
1222,1222,ses1223,usd1223,2025-08-17,Tablet,Edge,Windows,Social media,India,Chennai,Blog,Products,Yes,New Visitor,Yes,41,24,12,35,9292
1223,1223,ses1224,usd1224,2025-03-03,Tablet,Firefox,Windows,Paid search,India,Bangalore,Login,Services,No,Returning Visitor,No,36,18,23,13,5537
1224,1224,ses1225,usd1225,2025-06-29,Mobile,Edge,iOS,Social media,Germany,Singapore,Blog,Contact,No,New Visitor,No,18,52,5,33,3118
1225,1225,ses1226,usd1226,2025-05-13,Desktop,Firefox,iOS,Organic search,Canada,Singapore,Services,Contact,Yes,New Visitor,Yes,97,51,2,5,5557
1226,1226,ses1227,usd1227,2025-03-07,Tablet,Edge,MacOS,Email marketing,US,New York,Pricing,Home,No,Returning Visitor,No,57,11,7,45,3537
1227,1227,ses1228,usd1228,2025-01-25,Tablet,Safari,MacOS,Referral,Canada,Sydney,Products,Products,No,New Visitor,No,77,34,13,9,461
1228,1228,ses1229,usd1229,2025-05-25,Mobile,Firefox,Windows,Social media,Germany,Bangalore,Services,Home,Yes,Returning Visitor,No,23,25,7,45,4799
1229,1229,ses1230,usd1230,2025-09-29,Mobile,Edge,Android,Organic search,Canada,Delhi,Login,Pricing,Yes,New Visitor,Yes,29,52,19,14,5675
1230,1230,ses1231,usd1231,2025-01-24,Mobile,Opera,iOS,Email marketing,Singapore,Chennai,Services,Contact,No,New Visitor,Yes,69,34,10,18,2079
1231,1231,ses1232,usd1232,2025-12-07,Tablet,Firefox,Linux,Referral,Canada,Delhi,Pricing,Home,Yes,New Visitor,No,95,3,10,46,9542
1232,1232,ses1233,usd1233,2025-09-12,Desktop,Opera,Linux,Referral,India,London,Contact,Services,Yes,New Visitor,No,2,36,16,17,4012
1233,1233,ses1234,usd1234,2025-09-02,Mobile,Edge,iOS,Email marketing,US,Singapore,Services,Services,Yes,New Visitor,No,11,13,22,43,6159
1234,1234,ses1235,usd1235,2025-01-16,Mobile,Edge,Linux,Direct,UK,Sydney,Login,Contact,No,Returning Visitor,No,66,53,9,21,1548
1235,1235,ses1236,usd1236,2025-03-20,Desktop,Safari,MacOS,Paid search,Germany,Mumbai,Home,Home,No,Returning Visitor,No,75,20,15,36,1476
1236,1236,ses1237,usd1237,2025-01-05,Mobile,Firefox,Linux,Organic search,Singapore,Chennai,Home,Home,No,Returning Visitor,Yes,61,33,2,27,452
1237,1237,ses1238,usd1238,2025-11-15,Tablet,Safari,MacOS,Social media,Canada,Singapore,Contact,Contact,Yes,Returning Visitor,Yes,16,43,3,29,380
1238,1238,ses1239,usd1239,2025-08-10,Desktop,Opera,Android,Paid search,Singapore,Mumbai,Services,Services,Yes,New Visitor,Yes,79,57,20,44,7682
1239,1239,ses1240,usd1240,2025-09-29,Tablet,Edge,iOS,Social media,India,London,Services,Contact,No,Returning Visitor,No,46,25,14,14,5940
1240,1240,ses1241,usd1241,2025-02-23,Mobile,Opera,Windows,Direct,US,Chennai,Services,Pricing,Yes,Returning Visitor,No,68,22,21,45,1310
1241,1241,ses1242,usd1242,2025-10-07,Tablet,Opera,Windows,Social media,India,New York,Services,Home,Yes,Returning Visitor,Yes,19,1,17,14,9408
1242,1242,ses1243,usd1243,2025-09-12,Tablet,Edge,Android,Organic search,Singapore,Sydney,About us,Services,No,Returning Visitor,No,90,54,10,27,2331
1243,1243,ses1244,usd1244,2025-05-14,Mobile,Chrome,Android,Referral,US,Delhi,Home,Contact,Yes,New Visitor,Yes,4,46,8,38,4431
1244,1244,ses1245,usd1245,2025-08-08,Desktop,Chrome,iOS,Paid search,Australia,Singapore,Products,Services,Yes,New Visitor,Yes,56,20,16,14,7789
1245,1245,ses1246,usd1246,2025-12-03,Tablet,Chrome,Linux,Social media,US,London,About us,Blog,Yes,New Visitor,No,1,50,12,34,3905
1246,1246,ses1247,usd1247,2025-03-03,Mobile,Opera,Linux,Paid search,Germany,Bangalore,Blog,Blog,No,New Visitor,Yes,39,25,11,7,8819
1247,1247,ses1248,usd1248,2025-07-06,Tablet,Edge,Linux,Direct,India,Delhi,Products,Services,Yes,Returning Visitor,Yes,25,21,20,48,6814
1248,1248,ses1249,usd1249,2025-02-13,Mobile,Safari,Android,Social media,Singapore,Singapore,Login,Blog,No,New Visitor,No,52,37,5,8,2037
1249,1249,ses1250,usd1250,2025-05-07,Tablet,Opera,iOS,Social media,Singapore,Sydney,Contact,Pricing,Yes,New Visitor,Yes,35,40,24,23,8351
1250,1250,ses1251,usd1251,2025-02-21,Desktop,Opera,Android,Organic search,Singapore,Chennai,Home,Contact,No,Returning Visitor,No,61,44,8,21,646
1251,1251,ses1252,usd1252,2025-06-04,Mobile,Firefox,iOS,Referral,Singapore,Bangalore,About us,Contact,No,New Visitor,No,7,6,23,6,3179
1252,1252,ses1253,usd1253,2025-10-27,Desktop,Firefox,Linux,Email marketing,Australia,Singapore,Pricing,Contact,Yes,New Visitor,Yes,36,56,6,26,8953
1253,1253,ses1254,usd1254,2025-10-31,Tablet,Edge,Android,Paid search,Australia,Delhi,Blog,Products,No,New Visitor,Yes,3,24,10,31,5557
1254,1254,ses1255,usd1255,2025-03-05,Tablet,Edge,iOS,Direct,Australia,Delhi,Blog,Home,No,New Visitor,Yes,50,2,5,37,5203
1255,1255,ses1256,usd1256,2025-10-14,Tablet,Opera,MacOS,Paid search,Germany,Hyderabad,Products,Services,No,Returning Visitor,No,57,30,10,33,4438
1256,1256,ses1257,usd1257,2025-12-18,Tablet,Edge,Android,Direct,US,Mumbai,Products,Products,Yes,New Visitor,No,13,7,2,17,6255
1257,1257,ses1258,usd1258,2025-01-12,Mobile,Edge,MacOS,Email marketing,India,New York,Products,Contact,No,Returning Visitor,No,58,38,5,33,6940
1258,1258,ses1259,usd1259,2025-05-17,Mobile,Firefox,Linux,Email marketing,Australia,New York,Services,Pricing,Yes,New Visitor,No,26,53,1,2,1611
1259,1259,ses1260,usd1260,2025-02-01,Desktop,Edge,Linux,Paid search,US,Delhi,Products,Home,Yes,Returning Visitor,No,42,14,12,17,2011
1260,1260,ses1261,usd1261,2025-05-31,Desktop,Opera,Android,Direct,Australia,Hyderabad,About us,Products,Yes,New Visitor,No,57,17,7,10,8440
1261,1261,ses1262,usd1262,2025-08-04,Desktop,Firefox,MacOS,Referral,Canada,London,About us,Pricing,Yes,Returning Visitor,No,39,14,19,36,9088
1262,1262,ses1263,usd1263,2025-05-11,Desktop,Chrome,iOS,Referral,UK,Singapore,Products,Contact,Yes,Returning Visitor,No,44,23,24,15,6363
1263,1263,ses1264,usd1264,2025-10-02,Mobile,Chrome,iOS,Paid search,Australia,New York,About us,Contact,Yes,Returning Visitor,Yes,83,50,12,20,3652
1264,1264,ses1265,usd1265,2025-10-04,Desktop,Firefox,MacOS,Direct,Canada,Bangalore,Home,Products,Yes,Returning Visitor,No,38,51,8,43,1859
1265,1265,ses1266,usd1266,2025-03-22,Tablet,Safari,Android,Direct,Australia,Sydney,Blog,Blog,Yes,New Visitor,No,48,14,4,45,4249
1266,1266,ses1267,usd1267,2025-05-28,Mobile,Safari,Linux,Paid search,Germany,Mumbai,Products,Pricing,No,New Visitor,Yes,57,15,2,41,1108
1267,1267,ses1268,usd1268,2025-05-06,Desktop,Firefox,iOS,Email marketing,Germany,London,Pricing,Blog,No,Returning Visitor,No,74,16,4,24,4859
1268,1268,ses1269,usd1269,2025-07-27,Desktop,Edge,MacOS,Paid search,Canada,Sydney,Blog,Services,No,Returning Visitor,Yes,80,31,24,13,9356
1269,1269,ses1270,usd1270,2025-04-29,Mobile,Safari,Windows,Paid search,US,London,Login,Home,No,Returning Visitor,Yes,56,47,8,35,624
1270,1270,ses1271,usd1271,2025-04-26,Mobile,Chrome,MacOS,Direct,US,London,Blog,Pricing,Yes,New Visitor,No,78,29,13,49,3680
1271,1271,ses1272,usd1272,2025-02-18,Mobile,Firefox,Android,Social media,UK,Singapore,Contact,Blog,No,New Visitor,Yes,7,20,20,47,3834
1272,1272,ses1273,usd1273,2025-09-18,Mobile,Firefox,Windows,Social media,UK,Singapore,Login,Pricing,Yes,Returning Visitor,No,29,51,20,15,7481
1273,1273,ses1274,usd1274,2025-12-01,Tablet,Safari,MacOS,Direct,UK,Singapore,Login,Blog,Yes,New Visitor,No,30,42,22,39,1051
1274,1274,ses1275,usd1275,2025-09-22,Mobile,Firefox,Windows,Social media,Singapore,Hyderabad,Blog,Products,No,New Visitor,Yes,26,27,15,1,4883
1275,1275,ses1276,usd1276,2025-08-11,Mobile,Chrome,MacOS,Email marketing,Germany,New York,Contact,Products,No,New Visitor,Yes,29,40,14,21,7066
1276,1276,ses1277,usd1277,2025-12-22,Tablet,Chrome,Linux,Email marketing,Singapore,Sydney,Contact,Home,Yes,New Visitor,No,13,28,1,10,2183
1277,1277,ses1278,usd1278,2025-01-05,Tablet,Opera,Windows,Referral,Canada,New York,About us,Products,Yes,New Visitor,Yes,87,40,20,42,9418
1278,1278,ses1279,usd1279,2025-04-10,Tablet,Firefox,iOS,Paid search,UK,London,Products,Contact,Yes,New Visitor,No,29,11,3,5,5472
1279,1279,ses1280,usd1280,2025-11-23,Tablet,Safari,Linux,Email marketing,UK,Chennai,Services,Products,No,Returning Visitor,No,12,2,18,12,1721
1280,1280,ses1281,usd1281,2025-09-01,Tablet,Safari,iOS,Direct,Singapore,Singapore,Products,Services,Yes,New Visitor,Yes,68,53,3,46,7877
1281,1281,ses1282,usd1282,2025-02-03,Tablet,Firefox,MacOS,Referral,Germany,Hyderabad,Blog,Contact,No,Returning Visitor,Yes,52,42,7,26,6201
1282,1282,ses1283,usd1283,2025-04-15,Desktop,Safari,Windows,Direct,UK,London,Contact,Products,Yes,New Visitor,Yes,15,12,14,49,1379
1283,1283,ses1284,usd1284,2025-06-30,Mobile,Safari,Linux,Organic search,Singapore,Chennai,Home,Products,Yes,New Visitor,Yes,4,29,22,38,7747
1284,1284,ses1285,usd1285,2025-05-11,Tablet,Firefox,Android,Paid search,US,Hyderabad,About us,Services,Yes,Returning Visitor,No,74,40,10,34,8707
1285,1285,ses1286,usd1286,2025-04-30,Desktop,Chrome,MacOS,Social media,India,Bangalore,Contact,Pricing,Yes,New Visitor,Yes,34,39,8,25,801
1286,1286,ses1287,usd1287,2025-10-21,Tablet,Chrome,Windows,Referral,Germany,Singapore,Login,Contact,Yes,Returning Visitor,Yes,94,51,6,46,2659
1287,1287,ses1288,usd1288,2025-10-29,Tablet,Chrome,iOS,Organic search,Canada,Singapore,About us,Contact,No,Returning Visitor,No,17,1,7,12,7645
1288,1288,ses1289,usd1289,2025-06-29,Tablet,Firefox,iOS,Referral,Germany,Delhi,Home,Products,Yes,New Visitor,No,60,8,24,5,7860
1289,1289,ses1290,usd1290,2025-03-10,Desktop,Edge,Linux,Referral,Singapore,Mumbai,Login,Pricing,Yes,Returning Visitor,Yes,89,52,5,35,5736
1290,1290,ses1291,usd1291,2025-11-07,Desktop,Safari,Windows,Direct,Singapore,Delhi,Login,Services,No,New Visitor,No,3,14,14,46,6870
1291,1291,ses1292,usd1292,2025-07-18,Tablet,Edge,Windows,Referral,India,Singapore,Home,Contact,Yes,Returning Visitor,No,73,41,20,47,6526
1292,1292,ses1293,usd1293,2025-09-25,Mobile,Firefox,Windows,Social media,UK,Delhi,About us,Products,No,Returning Visitor,No,55,40,3,35,1662
1293,1293,ses1294,usd1294,2025-11-15,Mobile,Opera,Linux,Social media,Canada,Mumbai,About us,Products,Yes,New Visitor,No,3,47,20,10,7569
1294,1294,ses1295,usd1295,2025-05-02,Desktop,Firefox,iOS,Direct,India,Singapore,Pricing,Contact,Yes,New Visitor,Yes,5,19,23,27,1416
1295,1295,ses1296,usd1296,2025-10-30,Tablet,Safari,iOS,Social media,Australia,Mumbai,Pricing,Products,Yes,Returning Visitor,No,17,25,19,18,4880
1296,1296,ses1297,usd1297,2025-10-21,Mobile,Safari,MacOS,Social media,India,Sydney,Login,Blog,No,New Visitor,Yes,13,14,17,4,7061
1297,1297,ses1298,usd1298,2025-12-29,Desktop,Opera,MacOS,Email marketing,Australia,Bangalore,Contact,Contact,No,New Visitor,No,78,39,2,40,3290
1298,1298,ses1299,usd1299,2025-07-18,Tablet,Chrome,Linux,Referral,US,Sydney,Pricing,Pricing,Yes,Returning Visitor,No,42,48,8,22,4297
1299,1299,ses1300,usd1300,2025-04-07,Mobile,Safari,MacOS,Direct,India,Sydney,Products,Contact,Yes,Returning Visitor,No,28,12,21,30,37
1300,1300,ses1301,usd1301,2025-11-19,Mobile,Firefox,iOS,Referral,Germany,Bangalore,Blog,Services,Yes,Returning Visitor,No,33,30,14,16,9162
1301,1301,ses1302,usd1302,2025-10-22,Mobile,Edge,Linux,Email marketing,UK,Singapore,Home,Products,No,Returning Visitor,No,42,59,1,20,480
1302,1302,ses1303,usd1303,2025-01-04,Desktop,Edge,Windows,Organic search,India,Singapore,About us,Home,No,New Visitor,Yes,24,40,23,48,5175
1303,1303,ses1304,usd1304,2025-11-30,Desktop,Chrome,Linux,Social media,India,Delhi,Login,Blog,Yes,New Visitor,No,43,31,16,25,1739
1304,1304,ses1305,usd1305,2025-07-23,Desktop,Chrome,iOS,Email marketing,Canada,Bangalore,Contact,Contact,Yes,New Visitor,No,74,50,19,39,378
1305,1305,ses1306,usd1306,2025-05-25,Mobile,Firefox,iOS,Referral,UK,Singapore,Contact,Blog,No,New Visitor,No,53,39,23,21,1446
1306,1306,ses1307,usd1307,2025-01-23,Tablet,Opera,Windows,Email marketing,US,New York,Pricing,Products,No,Returning Visitor,Yes,48,57,19,48,2487
1307,1307,ses1308,usd1308,2025-09-24,Tablet,Firefox,iOS,Organic search,Singapore,Delhi,Home,Pricing,Yes,Returning Visitor,Yes,24,58,21,35,7343
1308,1308,ses1309,usd1309,2025-01-24,Tablet,Opera,Linux,Direct,Canada,Singapore,Pricing,Blog,No,Returning Visitor,Yes,99,13,13,37,3243
1309,1309,ses1310,usd1310,2025-01-27,Tablet,Firefox,Windows,Email marketing,UK,Sydney,Products,Contact,Yes,Returning Visitor,Yes,26,36,5,31,7135
1310,1310,ses1311,usd1311,2025-07-28,Tablet,Safari,iOS,Organic search,UK,Bangalore,About us,Contact,Yes,New Visitor,No,56,11,15,17,764
1311,1311,ses1312,usd1312,2025-11-25,Mobile,Opera,MacOS,Email marketing,India,Sydney,Services,Products,Yes,Returning Visitor,No,25,33,18,16,4112
1312,1312,ses1313,usd1313,2025-10-14,Mobile,Safari,Android,Referral,UK,Hyderabad,Blog,Contact,Yes,Returning Visitor,No,70,22,9,12,1424
1313,1313,ses1314,usd1314,2025-04-08,Mobile,Opera,Windows,Paid search,Germany,Sydney,Home,Blog,No,Returning Visitor,Yes,52,12,7,48,1586
1314,1314,ses1315,usd1315,2025-11-09,Tablet,Edge,MacOS,Referral,India,Hyderabad,Login,Home,Yes,New Visitor,Yes,62,51,12,11,9821
1315,1315,ses1316,usd1316,2025-07-18,Desktop,Opera,Windows,Paid search,US,Bangalore,Contact,Contact,Yes,New Visitor,No,72,57,18,35,6784
1316,1316,ses1317,usd1317,2025-01-29,Tablet,Opera,MacOS,Organic search,Germany,Hyderabad,Services,Blog,No,Returning Visitor,No,23,46,6,12,7340
1317,1317,ses1318,usd1318,2025-12-15,Tablet,Safari,Android,Direct,India,Chennai,Contact,Blog,Yes,New Visitor,Yes,75,20,9,31,5778
1318,1318,ses1319,usd1319,2025-07-17,Mobile,Firefox,MacOS,Organic search,Germany,New York,Pricing,Contact,No,Returning Visitor,No,98,30,23,18,2164
1319,1319,ses1320,usd1320,2025-08-30,Desktop,Firefox,Linux,Direct,Singapore,Singapore,Login,Products,No,New Visitor,No,4,34,22,46,7904
1320,1320,ses1321,usd1321,2025-11-21,Tablet,Safari,Android,Paid search,Canada,Sydney,Blog,Home,No,Returning Visitor,No,53,11,19,48,1457
1321,1321,ses1322,usd1322,2025-06-25,Tablet,Firefox,Android,Organic search,India,Delhi,Login,Services,No,Returning Visitor,Yes,25,39,16,49,6992
1322,1322,ses1323,usd1323,2025-01-24,Mobile,Chrome,Linux,Referral,Australia,London,Pricing,Contact,Yes,Returning Visitor,Yes,38,46,1,40,7834
1323,1323,ses1324,usd1324,2025-04-15,Mobile,Chrome,MacOS,Referral,US,London,About us,Home,Yes,New Visitor,No,58,58,20,18,6699
1324,1324,ses1325,usd1325,2025-08-22,Mobile,Chrome,iOS,Paid search,US,Sydney,Contact,Contact,Yes,Returning Visitor,Yes,90,49,10,20,7910
1325,1325,ses1326,usd1326,2025-06-03,Desktop,Safari,Windows,Paid search,India,Singapore,Products,Home,Yes,New Visitor,No,73,42,5,44,9468
1326,1326,ses1327,usd1327,2025-07-08,Mobile,Chrome,iOS,Organic search,Australia,Hyderabad,Pricing,Products,Yes,Returning Visitor,No,90,50,2,18,7272
1327,1327,ses1328,usd1328,2025-03-08,Desktop,Edge,Windows,Organic search,Canada,Hyderabad,Home,Pricing,No,New Visitor,No,36,12,14,48,3133
1328,1328,ses1329,usd1329,2025-08-01,Tablet,Firefox,Windows,Direct,Canada,Bangalore,Products,Home,Yes,New Visitor,No,2,13,20,20,1829
1329,1329,ses1330,usd1330,2025-03-13,Mobile,Opera,Android,Referral,Singapore,Chennai,Home,Blog,Yes,Returning Visitor,Yes,54,36,18,49,600
1330,1330,ses1331,usd1331,2025-03-06,Tablet,Opera,MacOS,Direct,Singapore,Mumbai,Home,Products,Yes,Returning Visitor,No,70,10,7,10,342
1331,1331,ses1332,usd1332,2025-05-23,Mobile,Chrome,Linux,Paid search,UK,Bangalore,Blog,Blog,Yes,New Visitor,No,26,52,20,35,3961
1332,1332,ses1333,usd1333,2025-08-18,Mobile,Opera,Linux,Referral,UK,New York,Products,Products,Yes,New Visitor,Yes,9,53,24,7,6376
1333,1333,ses1334,usd1334,2025-09-26,Tablet,Opera,iOS,Social media,Canada,Chennai,Login,Pricing,No,Returning Visitor,Yes,14,13,19,30,3737
1334,1334,ses1335,usd1335,2025-08-24,Tablet,Safari,MacOS,Referral,US,Sydney,Products,Contact,No,Returning Visitor,No,69,47,12,31,5248
1335,1335,ses1336,usd1336,2025-10-10,Mobile,Firefox,Linux,Email marketing,UK,London,About us,Contact,No,New Visitor,No,85,50,7,37,993
1336,1336,ses1337,usd1337,2025-04-06,Desktop,Edge,Linux,Direct,UK,Singapore,Blog,Products,Yes,Returning Visitor,Yes,60,19,10,16,8888
1337,1337,ses1338,usd1338,2025-05-30,Tablet,Firefox,MacOS,Referral,Australia,Bangalore,Contact,Pricing,No,Returning Visitor,No,35,15,4,33,2175
1338,1338,ses1339,usd1339,2025-11-05,Mobile,Opera,Linux,Paid search,Singapore,Sydney,Home,Services,No,Returning Visitor,Yes,59,3,12,34,8720
1339,1339,ses1340,usd1340,2025-10-26,Desktop,Opera,Windows,Paid search,Canada,Bangalore,Blog,Pricing,No,New Visitor,No,69,21,22,12,3450
1340,1340,ses1341,usd1341,2025-07-31,Mobile,Chrome,Linux,Referral,India,Chennai,Blog,Pricing,No,New Visitor,Yes,54,40,11,7,4895
1341,1341,ses1342,usd1342,2025-09-21,Desktop,Firefox,Linux,Direct,Australia,London,About us,Pricing,No,Returning Visitor,No,87,16,14,7,312
1342,1342,ses1343,usd1343,2025-11-29,Mobile,Edge,Android,Paid search,India,New York,Services,Home,No,New Visitor,Yes,23,24,5,2,2893
1343,1343,ses1344,usd1344,2025-09-27,Desktop,Edge,Android,Social media,UK,London,Products,Pricing,No,Returning Visitor,Yes,56,48,7,42,6450
1344,1344,ses1345,usd1345,2025-09-03,Desktop,Chrome,Linux,Organic search,US,Hyderabad,Services,Blog,No,Returning Visitor,Yes,23,33,23,31,3650
1345,1345,ses1346,usd1346,2025-09-21,Desktop,Chrome,Linux,Social media,India,Singapore,Services,Contact,Yes,New Visitor,Yes,23,49,12,22,3384
1346,1346,ses1347,usd1347,2025-08-30,Mobile,Firefox,Android,Paid search,India,Chennai,Products,Blog,Yes,New Visitor,Yes,62,13,22,11,9316
1347,1347,ses1348,usd1348,2025-03-23,Mobile,Safari,Windows,Organic search,Canada,Bangalore,Services,Contact,Yes,New Visitor,No,79,36,8,36,9787
1348,1348,ses1349,usd1349,2025-12-05,Desktop,Chrome,MacOS,Referral,Canada,Singapore,About us,Services,Yes,Returning Visitor,Yes,10,49,23,27,6214
1349,1349,ses1350,usd1350,2025-07-18,Desktop,Chrome,Windows,Social media,US,Mumbai,About us,Blog,No,Returning Visitor,No,95,34,3,8,8183
1350,1350,ses1351,usd1351,2025-01-20,Mobile,Chrome,MacOS,Paid search,UK,New York,Pricing,Home,No,New Visitor,No,32,23,17,21,7037
1351,1351,ses1352,usd1352,2025-06-19,Desktop,Chrome,Linux,Paid search,Canada,Delhi,Products,Pricing,Yes,New Visitor,Yes,33,31,22,2,3701
1352,1352,ses1353,usd1353,2025-05-30,Tablet,Opera,MacOS,Direct,Australia,Chennai,Contact,Contact,No,Returning Visitor,No,22,38,11,36,2639
1353,1353,ses1354,usd1354,2025-02-24,Desktop,Chrome,Android,Social media,Canada,Bangalore,Blog,Contact,No,New Visitor,Yes,56,57,16,45,716
1354,1354,ses1355,usd1355,2025-10-02,Desktop,Edge,Android,Organic search,Canada,Bangalore,About us,Products,No,New Visitor,No,77,16,12,12,3892
1355,1355,ses1356,usd1356,2025-06-21,Tablet,Safari,Windows,Organic search,Singapore,Sydney,About us,Services,Yes,New Visitor,No,46,2,3,37,4147
1356,1356,ses1357,usd1357,2025-03-07,Tablet,Firefox,Linux,Referral,US,Bangalore,Pricing,Blog,No,New Visitor,Yes,16,21,13,41,405
1357,1357,ses1358,usd1358,2025-07-24,Mobile,Firefox,Android,Paid search,Australia,Delhi,Services,Contact,No,Returning Visitor,Yes,38,42,15,28,4720
1358,1358,ses1359,usd1359,2025-07-21,Tablet,Opera,Windows,Paid search,Canada,Delhi,Products,Contact,Yes,New Visitor,No,92,15,9,3,1430
1359,1359,ses1360,usd1360,2025-05-27,Desktop,Safari,Linux,Direct,US,Delhi,Services,Contact,No,New Visitor,No,88,14,1,23,3106
1360,1360,ses1361,usd1361,2025-11-18,Mobile,Edge,Linux,Direct,Australia,New York,Blog,Products,No,New Visitor,Yes,5,26,10,26,4038
1361,1361,ses1362,usd1362,2025-10-28,Desktop,Edge,MacOS,Organic search,Australia,Bangalore,Products,Contact,No,New Visitor,No,95,52,17,21,3471
1362,1362,ses1363,usd1363,2025-12-22,Tablet,Safari,Windows,Paid search,US,Delhi,Login,Services,Yes,New Visitor,No,29,59,19,10,2013
1363,1363,ses1364,usd1364,2025-01-25,Tablet,Firefox,iOS,Referral,India,London,Services,Pricing,No,Returning Visitor,Yes,49,52,13,33,79
1364,1364,ses1365,usd1365,2025-12-21,Tablet,Edge,Linux,Direct,Singapore,London,Services,Contact,No,Returning Visitor,Yes,32,7,16,30,7893
1365,1365,ses1366,usd1366,2025-02-12,Desktop,Chrome,Android,Direct,Canada,New York,Contact,Services,No,New Visitor,No,53,20,19,4,499
1366,1366,ses1367,usd1367,2025-10-03,Desktop,Firefox,Linux,Referral,Singapore,New York,About us,Products,Yes,New Visitor,Yes,44,27,21,30,1012
1367,1367,ses1368,usd1368,2025-10-24,Desktop,Opera,iOS,Direct,Canada,Sydney,Products,Home,No,New Visitor,No,5,26,24,23,98
1368,1368,ses1369,usd1369,2025-03-17,Tablet,Opera,Windows,Referral,Canada,Mumbai,Pricing,Contact,No,New Visitor,Yes,83,10,10,31,8982
1369,1369,ses1370,usd1370,2025-05-23,Tablet,Safari,MacOS,Paid search,Germany,Bangalore,About us,Contact,No,New Visitor,Yes,39,37,23,42,4004
1370,1370,ses1371,usd1371,2025-12-17,Tablet,Opera,Windows,Paid search,Canada,Mumbai,Pricing,Services,No,Returning Visitor,Yes,51,21,18,31,7887
1371,1371,ses1372,usd1372,2025-02-23,Tablet,Edge,Linux,Organic search,US,Mumbai,Login,Blog,No,Returning Visitor,No,27,12,2,19,31
1372,1372,ses1373,usd1373,2025-04-19,Tablet,Opera,Android,Referral,Germany,Sydney,Pricing,Contact,No,New Visitor,Yes,38,5,13,6,1315
1373,1373,ses1374,usd1374,2025-12-05,Desktop,Edge,Windows,Referral,Germany,Mumbai,Services,Contact,No,Returning Visitor,No,30,15,22,5,6090
1374,1374,ses1375,usd1375,2025-08-12,Tablet,Safari,Android,Referral,India,Mumbai,Contact,Services,No,New Visitor,Yes,97,21,14,36,7263
1375,1375,ses1376,usd1376,2025-04-25,Tablet,Edge,MacOS,Paid search,Germany,Singapore,Home,Blog,No,Returning Visitor,Yes,71,50,14,5,6547
1376,1376,ses1377,usd1377,2025-04-23,Mobile,Safari,MacOS,Referral,Germany,Delhi,Login,Contact,Yes,Returning Visitor,Yes,28,34,3,15,8278
1377,1377,ses1378,usd1378,2025-06-14,Mobile,Chrome,Windows,Email marketing,US,Delhi,Login,Blog,No,New Visitor,Yes,41,14,22,10,8169
1378,1378,ses1379,usd1379,2025-03-23,Tablet,Opera,iOS,Paid search,US,Delhi,Services,Pricing,No,New Visitor,Yes,50,6,10,15,3527
1379,1379,ses1380,usd1380,2025-05-24,Tablet,Firefox,Linux,Social media,India,Mumbai,About us,Contact,Yes,Returning Visitor,No,77,13,1,20,9927
1380,1380,ses1381,usd1381,2025-03-08,Mobile,Firefox,Windows,Email marketing,Canada,London,Login,Contact,Yes,Returning Visitor,Yes,80,34,24,8,7563
1381,1381,ses1382,usd1382,2025-01-10,Tablet,Chrome,Android,Paid search,Germany,London,About us,Home,No,New Visitor,Yes,31,38,13,8,3536
1382,1382,ses1383,usd1383,2025-03-17,Desktop,Firefox,Android,Paid search,Australia,Hyderabad,Pricing,Blog,Yes,New Visitor,Yes,2,4,14,45,5514
1383,1383,ses1384,usd1384,2025-06-02,Desktop,Firefox,Linux,Referral,Canada,Mumbai,About us,Home,No,Returning Visitor,Yes,46,41,8,5,6818
1384,1384,ses1385,usd1385,2025-04-02,Tablet,Opera,iOS,Email marketing,Germany,London,Contact,Contact,No,Returning Visitor,Yes,91,8,12,15,6442
1385,1385,ses1386,usd1386,2025-06-14,Tablet,Safari,iOS,Organic search,US,Bangalore,Home,Pricing,Yes,Returning Visitor,Yes,8,56,23,35,8777
1386,1386,ses1387,usd1387,2025-12-27,Tablet,Safari,MacOS,Direct,UK,Delhi,About us,Contact,Yes,Returning Visitor,No,52,39,20,6,7587
1387,1387,ses1388,usd1388,2025-01-25,Desktop,Safari,Linux,Email marketing,US,London,Contact,Pricing,Yes,Returning Visitor,No,51,23,20,43,3628
1388,1388,ses1389,usd1389,2025-10-20,Desktop,Firefox,Linux,Social media,Canada,London,Services,Contact,No,Returning Visitor,No,39,27,22,45,3887
1389,1389,ses1390,usd1390,2025-03-15,Desktop,Safari,Windows,Email marketing,US,Chennai,Blog,Products,Yes,New Visitor,Yes,46,12,2,48,9464
1390,1390,ses1391,usd1391,2025-11-07,Mobile,Edge,Linux,Social media,UK,Bangalore,Pricing,Home,Yes,Returning Visitor,No,71,6,2,26,6443
1391,1391,ses1392,usd1392,2025-08-16,Tablet,Firefox,Android,Social media,Germany,Hyderabad,About us,Pricing,No,New Visitor,No,95,32,8,24,3239
1392,1392,ses1393,usd1393,2025-03-02,Desktop,Edge,Android,Paid search,UK,New York,Contact,Home,Yes,Returning Visitor,No,20,34,7,23,954
1393,1393,ses1394,usd1394,2025-01-02,Desktop,Safari,Windows,Paid search,UK,Delhi,Contact,Services,Yes,Returning Visitor,Yes,62,22,21,20,4683
1394,1394,ses1395,usd1395,2025-11-03,Desktop,Chrome,iOS,Referral,Germany,Delhi,Blog,Pricing,No,New Visitor,No,79,50,21,14,7713
1395,1395,ses1396,usd1396,2025-03-22,Desktop,Firefox,MacOS,Social media,India,Delhi,Contact,Contact,Yes,New Visitor,Yes,65,3,16,40,2475
1396,1396,ses1397,usd1397,2025-07-19,Tablet,Safari,Windows,Email marketing,Singapore,Hyderabad,Services,Contact,Yes,New Visitor,Yes,32,24,3,33,3227
1397,1397,ses1398,usd1398,2025-04-16,Tablet,Firefox,Linux,Paid search,UK,Sydney,Login,Services,Yes,New Visitor,Yes,94,50,20,30,2608
1398,1398,ses1399,usd1399,2025-10-15,Desktop,Safari,iOS,Organic search,Germany,Delhi,Blog,Products,No,New Visitor,No,50,41,4,25,1475
1399,1399,ses1400,usd1400,2025-04-19,Desktop,Firefox,iOS,Direct,India,Delhi,Services,Contact,Yes,New Visitor,Yes,31,29,7,12,5753
1400,1400,ses1401,usd1401,2025-01-28,Mobile,Chrome,Linux,Organic search,India,Delhi,Products,Contact,No,New Visitor,No,19,13,22,1,7432
1401,1401,ses1402,usd1402,2025-02-26,Desktop,Chrome,Linux,Direct,US,Sydney,Services,Contact,No,Returning Visitor,Yes,18,1,21,15,2478
1402,1402,ses1403,usd1403,2025-05-29,Mobile,Safari,Windows,Email marketing,Australia,London,Contact,Services,No,New Visitor,Yes,42,21,3,25,2581
1403,1403,ses1404,usd1404,2025-12-10,Mobile,Edge,Android,Email marketing,Australia,London,Products,Contact,No,Returning Visitor,Yes,59,46,4,14,2930
1404,1404,ses1405,usd1405,2025-07-26,Mobile,Chrome,Linux,Organic search,Germany,Sydney,Services,Services,No,Returning Visitor,No,82,21,1,25,9901
1405,1405,ses1406,usd1406,2025-03-02,Mobile,Firefox,Android,Email marketing,Canada,London,Pricing,Contact,No,Returning Visitor,No,79,57,23,22,599
1406,1406,ses1407,usd1407,2025-07-14,Desktop,Firefox,iOS,Organic search,Singapore,New York,Contact,Services,No,New Visitor,No,68,48,6,39,7779
1407,1407,ses1408,usd1408,2025-06-22,Tablet,Firefox,Windows,Email marketing,Canada,Hyderabad,Products,Products,No,New Visitor,Yes,83,47,13,39,5307
1408,1408,ses1409,usd1409,2025-03-12,Tablet,Edge,Windows,Direct,Canada,New York,Home,Contact,Yes,Returning Visitor,Yes,91,25,22,26,9444
1409,1409,ses1410,usd1410,2025-03-20,Tablet,Chrome,Windows,Paid search,Singapore,Mumbai,Home,Contact,No,New Visitor,Yes,77,23,11,7,7109
1410,1410,ses1411,usd1411,2025-09-19,Desktop,Opera,Windows,Referral,India,Sydney,Products,Blog,No,New Visitor,No,80,10,6,11,2953
1411,1411,ses1412,usd1412,2025-09-29,Desktop,Safari,Android,Social media,Canada,Chennai,About us,Home,No,New Visitor,No,26,11,14,48,4510
1412,1412,ses1413,usd1413,2025-01-28,Mobile,Edge,Linux,Direct,US,London,Home,Products,Yes,New Visitor,No,22,10,7,10,8376
1413,1413,ses1414,usd1414,2025-10-07,Mobile,Opera,Windows,Organic search,Singapore,Sydney,About us,Pricing,Yes,New Visitor,Yes,30,19,18,39,5474
1414,1414,ses1415,usd1415,2025-06-18,Desktop,Firefox,iOS,Referral,Canada,Bangalore,Contact,Contact,Yes,New Visitor,Yes,78,37,8,49,6247
1415,1415,ses1416,usd1416,2025-03-07,Mobile,Opera,Windows,Referral,Australia,London,Products,Products,Yes,New Visitor,No,38,17,2,11,2043
1416,1416,ses1417,usd1417,2025-11-16,Mobile,Chrome,Android,Organic search,Germany,Singapore,Pricing,Pricing,No,New Visitor,Yes,74,52,16,15,2806
1417,1417,ses1418,usd1418,2025-01-31,Mobile,Edge,Linux,Email marketing,India,Sydney,Services,Services,Yes,Returning Visitor,Yes,35,36,24,26,5947
1418,1418,ses1419,usd1419,2025-08-20,Desktop,Safari,Windows,Organic search,India,Chennai,Login,Products,Yes,New Visitor,Yes,66,57,6,31,5511
1419,1419,ses1420,usd1420,2025-01-21,Mobile,Edge,Linux,Direct,UK,Mumbai,Blog,Blog,No,Returning Visitor,Yes,81,15,5,47,780
1420,1420,ses1421,usd1421,2025-01-29,Desktop,Opera,MacOS,Social media,Singapore,London,About us,Contact,Yes,Returning Visitor,Yes,45,29,3,35,1379
1421,1421,ses1422,usd1422,2025-10-01,Tablet,Edge,MacOS,Organic search,Australia,New York,Products,Pricing,Yes,New Visitor,No,23,56,23,38,2645
1422,1422,ses1423,usd1423,2025-04-21,Tablet,Firefox,Linux,Referral,Germany,New York,Pricing,Pricing,Yes,New Visitor,Yes,94,28,24,36,8145
1423,1423,ses1424,usd1424,2025-10-21,Tablet,Chrome,MacOS,Paid search,Singapore,Bangalore,Blog,Services,Yes,Returning Visitor,No,3,24,12,18,2371
1424,1424,ses1425,usd1425,2025-10-02,Tablet,Opera,Android,Social media,Singapore,London,Products,Contact,Yes,Returning Visitor,No,46,18,11,14,3117
1425,1425,ses1426,usd1426,2025-09-02,Desktop,Safari,iOS,Social media,Germany,Singapore,Contact,Contact,No,Returning Visitor,No,60,11,16,30,6642
1426,1426,ses1427,usd1427,2025-02-10,Mobile,Edge,Linux,Organic search,Singapore,Singapore,Blog,Contact,Yes,Returning Visitor,Yes,81,46,21,48,9490
1427,1427,ses1428,usd1428,2025-10-01,Desktop,Firefox,MacOS,Organic search,US,New York,Contact,Contact,No,Returning Visitor,Yes,33,35,3,27,3773
1428,1428,ses1429,usd1429,2025-10-13,Desktop,Firefox,Windows,Social media,Singapore,Mumbai,Blog,Contact,No,Returning Visitor,Yes,45,40,18,37,803
1429,1429,ses1430,usd1430,2025-07-24,Mobile,Firefox,Linux,Referral,Canada,Singapore,Home,Contact,Yes,New Visitor,No,41,4,1,25,3288
1430,1430,ses1431,usd1431,2025-09-03,Tablet,Firefox,Linux,Paid search,Singapore,Bangalore,About us,Pricing,Yes,Returning Visitor,No,26,17,6,17,6732
1431,1431,ses1432,usd1432,2025-04-04,Mobile,Opera,Windows,Direct,US,Singapore,Pricing,Home,Yes,New Visitor,Yes,82,42,17,20,1764
1432,1432,ses1433,usd1433,2025-10-03,Desktop,Safari,Linux,Organic search,India,London,Pricing,Contact,No,New Visitor,No,20,31,14,38,8708
1433,1433,ses1434,usd1434,2025-02-11,Desktop,Safari,Windows,Direct,Germany,Mumbai,Products,Products,Yes,Returning Visitor,No,22,57,7,49,6121
1434,1434,ses1435,usd1435,2025-06-29,Tablet,Edge,iOS,Organic search,UK,Chennai,Login,Pricing,No,Returning Visitor,No,70,25,6,11,9717
1435,1435,ses1436,usd1436,2025-04-08,Mobile,Safari,Linux,Paid search,UK,Bangalore,Blog,Pricing,Yes,New Visitor,No,69,55,3,25,2889
1436,1436,ses1437,usd1437,2025-08-30,Desktop,Chrome,Windows,Social media,US,New York,Pricing,Pricing,No,Returning Visitor,Yes,88,47,17,22,3502
1437,1437,ses1438,usd1438,2025-07-28,Desktop,Safari,Android,Organic search,UK,Sydney,About us,Products,No,New Visitor,No,8,57,16,34,62
1438,1438,ses1439,usd1439,2025-05-23,Tablet,Safari,Linux,Organic search,Singapore,Hyderabad,About us,Contact,Yes,Returning Visitor,No,43,8,4,45,8626
1439,1439,ses1440,usd1440,2025-09-23,Desktop,Firefox,iOS,Social media,Singapore,Singapore,Home,Blog,Yes,New Visitor,No,92,20,9,23,3694
1440,1440,ses1441,usd1441,2025-08-01,Mobile,Chrome,MacOS,Organic search,Germany,Bangalore,Home,Blog,No,New Visitor,Yes,96,43,5,16,3639
1441,1441,ses1442,usd1442,2025-09-09,Mobile,Opera,Windows,Email marketing,Australia,Chennai,Services,Products,Yes,New Visitor,Yes,55,52,9,47,2033
1442,1442,ses1443,usd1443,2025-03-01,Tablet,Safari,Windows,Referral,Germany,London,Contact,Services,No,New Visitor,Yes,82,5,2,45,7986
1443,1443,ses1444,usd1444,2025-03-26,Desktop,Chrome,Windows,Paid search,UK,Bangalore,Home,Home,No,New Visitor,No,15,25,17,16,6703
1444,1444,ses1445,usd1445,2025-03-06,Tablet,Safari,MacOS,Email marketing,Australia,New York,Services,Home,Yes,New Visitor,Yes,12,47,5,38,7991
1445,1445,ses1446,usd1446,2025-03-28,Mobile,Opera,Android,Organic search,Australia,Delhi,Blog,Contact,Yes,New Visitor,No,74,27,8,10,7558
1446,1446,ses1447,usd1447,2025-05-24,Tablet,Firefox,iOS,Referral,UK,Hyderabad,Pricing,Services,Yes,Returning Visitor,Yes,92,35,12,22,6644
1447,1447,ses1448,usd1448,2025-03-22,Mobile,Opera,Linux,Referral,Germany,Bangalore,Blog,Blog,No,New Visitor,Yes,6,6,8,34,4649
1448,1448,ses1449,usd1449,2025-10-17,Desktop,Opera,Windows,Social media,US,Singapore,Contact,Home,No,Returning Visitor,No,8,30,13,43,2197
1449,1449,ses1450,usd1450,2025-02-14,Mobile,Opera,Windows,Direct,Singapore,Chennai,Home,Blog,No,Returning Visitor,Yes,79,27,3,40,3250
1450,1450,ses1451,usd1451,2025-01-13,Tablet,Firefox,MacOS,Referral,Australia,London,About us,Blog,Yes,Returning Visitor,Yes,6,6,4,36,5030
1451,1451,ses1452,usd1452,2025-03-23,Desktop,Edge,Windows,Direct,Canada,Singapore,Blog,Products,No,Returning Visitor,No,1,28,21,18,9528
1452,1452,ses1453,usd1453,2025-03-04,Tablet,Firefox,iOS,Email marketing,Australia,Bangalore,Home,Services,No,Returning Visitor,No,46,15,2,25,9388
1453,1453,ses1454,usd1454,2025-03-21,Desktop,Firefox,Windows,Organic search,Australia,Chennai,Contact,Contact,No,Returning Visitor,Yes,5,18,4,48,6050
1454,1454,ses1455,usd1455,2025-04-05,Mobile,Safari,Windows,Referral,Germany,Singapore,Products,Products,Yes,New Visitor,No,11,25,8,29,4841
1455,1455,ses1456,usd1456,2025-01-08,Tablet,Chrome,Linux,Paid search,UK,Mumbai,Contact,Contact,Yes,New Visitor,No,38,6,1,8,7863
1456,1456,ses1457,usd1457,2025-10-05,Mobile,Firefox,iOS,Email marketing,Australia,Delhi,Blog,Blog,No,Returning Visitor,Yes,50,6,5,45,6301
1457,1457,ses1458,usd1458,2025-09-06,Tablet,Firefox,Linux,Social media,India,Mumbai,Contact,Pricing,No,Returning Visitor,No,97,52,14,32,238
1458,1458,ses1459,usd1459,2025-09-26,Desktop,Chrome,MacOS,Organic search,India,Delhi,Contact,Contact,No,New Visitor,Yes,7,15,9,18,6342
1459,1459,ses1460,usd1460,2025-05-24,Mobile,Opera,Windows,Direct,US,Hyderabad,Services,Contact,Yes,Returning Visitor,Yes,49,51,22,10,1825
1460,1460,ses1461,usd1461,2025-08-10,Tablet,Firefox,MacOS,Direct,Canada,New York,Pricing,Services,Yes,Returning Visitor,No,4,49,23,13,5923
1461,1461,ses1462,usd1462,2025-09-28,Desktop,Safari,Android,Email marketing,Singapore,Hyderabad,Pricing,Contact,Yes,Returning Visitor,Yes,49,44,16,25,5899
1462,1462,ses1463,usd1463,2025-07-19,Mobile,Opera,iOS,Organic search,India,Chennai,Contact,Services,No,Returning Visitor,Yes,47,23,13,29,1284
1463,1463,ses1464,usd1464,2025-04-01,Mobile,Firefox,Windows,Social media,US,Hyderabad,Home,Products,No,Returning Visitor,No,68,28,3,8,2264
1464,1464,ses1465,usd1465,2025-03-12,Tablet,Opera,Android,Referral,US,Chennai,Blog,Contact,Yes,New Visitor,No,78,50,4,31,9698
1465,1465,ses1466,usd1466,2025-04-02,Mobile,Chrome,Windows,Email marketing,Canada,Sydney,Services,Pricing,Yes,Returning Visitor,No,83,32,15,41,2143
1466,1466,ses1467,usd1467,2025-02-03,Tablet,Opera,Windows,Referral,Singapore,Chennai,About us,Home,No,Returning Visitor,No,58,35,17,10,337
1467,1467,ses1468,usd1468,2025-11-04,Mobile,Safari,iOS,Paid search,Singapore,New York,Pricing,Home,No,New Visitor,Yes,75,49,20,2,431
1468,1468,ses1469,usd1469,2025-10-12,Tablet,Edge,iOS,Social media,Germany,Singapore,Pricing,Contact,No,New Visitor,No,12,59,7,49,9146
1469,1469,ses1470,usd1470,2025-09-07,Mobile,Firefox,MacOS,Direct,UK,New York,Contact,Blog,No,Returning Visitor,No,68,27,19,42,2489
1470,1470,ses1471,usd1471,2025-03-22,Desktop,Firefox,Windows,Referral,Singapore,London,Login,Contact,No,Returning Visitor,Yes,12,53,12,8,9712
1471,1471,ses1472,usd1472,2025-05-26,Desktop,Chrome,Windows,Social media,UK,Mumbai,About us,Contact,No,New Visitor,Yes,56,40,24,26,9595
1472,1472,ses1473,usd1473,2025-11-18,Tablet,Edge,Android,Social media,Singapore,New York,Services,Services,No,Returning Visitor,No,51,50,15,42,8699
1473,1473,ses1474,usd1474,2025-08-02,Mobile,Safari,MacOS,Social media,Australia,Bangalore,Services,Pricing,No,Returning Visitor,Yes,8,6,7,36,4333
1474,1474,ses1475,usd1475,2025-02-16,Mobile,Opera,MacOS,Referral,India,Mumbai,Services,Pricing,No,Returning Visitor,Yes,84,23,13,34,4659
1475,1475,ses1476,usd1476,2025-10-10,Mobile,Edge,Windows,Direct,Germany,Sydney,Login,Contact,Yes,Returning Visitor,Yes,43,15,19,46,8824
1476,1476,ses1477,usd1477,2025-05-03,Tablet,Safari,Android,Direct,Australia,Hyderabad,Services,Contact,Yes,Returning Visitor,Yes,50,21,13,20,4854
1477,1477,ses1478,usd1478,2025-12-18,Desktop,Safari,MacOS,Direct,Canada,Singapore,Home,Blog,No,Returning Visitor,No,61,27,2,44,526
1478,1478,ses1479,usd1479,2025-04-28,Desktop,Opera,Android,Social media,Germany,Bangalore,Blog,Blog,No,Returning Visitor,Yes,69,50,14,20,2218
1479,1479,ses1480,usd1480,2025-03-26,Desktop,Firefox,iOS,Referral,UK,Sydney,Blog,Home,No,New Visitor,Yes,89,16,3,24,1477
1480,1480,ses1481,usd1481,2025-05-03,Mobile,Chrome,MacOS,Social media,Singapore,Singapore,Pricing,Contact,No,New Visitor,Yes,72,11,9,40,3330
1481,1481,ses1482,usd1482,2025-12-02,Desktop,Safari,Android,Paid search,Australia,Hyderabad,Login,Pricing,No,Returning Visitor,No,88,58,24,1,6135
1482,1482,ses1483,usd1483,2025-07-17,Tablet,Edge,MacOS,Social media,US,Singapore,Services,Home,Yes,New Visitor,Yes,21,13,18,46,4158
1483,1483,ses1484,usd1484,2025-09-12,Tablet,Opera,Android,Paid search,Germany,Chennai,Blog,Blog,No,New Visitor,Yes,1,34,11,18,7907
1484,1484,ses1485,usd1485,2025-04-06,Desktop,Chrome,MacOS,Direct,Australia,Bangalore,Blog,Contact,Yes,New Visitor,Yes,39,49,11,29,6095
1485,1485,ses1486,usd1486,2025-12-14,Desktop,Chrome,iOS,Paid search,US,New York,Services,Pricing,Yes,Returning Visitor,No,1,54,21,29,4355
1486,1486,ses1487,usd1487,2025-12-11,Tablet,Firefox,MacOS,Email marketing,India,Hyderabad,Services,Home,No,Returning Visitor,Yes,52,37,20,45,422
1487,1487,ses1488,usd1488,2025-01-27,Tablet,Firefox,Windows,Paid search,UK,New York,Home,Contact,Yes,New Visitor,No,60,34,23,38,2471
1488,1488,ses1489,usd1489,2025-08-13,Desktop,Chrome,Linux,Direct,Canada,Bangalore,Services,Pricing,No,New Visitor,No,82,3,5,38,9165
1489,1489,ses1490,usd1490,2025-09-03,Desktop,Safari,Linux,Email marketing,Canada,Sydney,Login,Home,No,New Visitor,Yes,4,4,14,13,5103
1490,1490,ses1491,usd1491,2025-05-01,Tablet,Edge,iOS,Email marketing,Canada,Bangalore,Pricing,Home,Yes,Returning Visitor,Yes,29,20,21,2,8096
1491,1491,ses1492,usd1492,2025-10-30,Desktop,Firefox,Linux,Referral,Germany,Mumbai,Blog,Blog,Yes,Returning Visitor,Yes,74,50,18,22,5540
1492,1492,ses1493,usd1493,2025-02-13,Mobile,Chrome,iOS,Organic search,Singapore,Sydney,About us,Blog,No,Returning Visitor,No,15,52,11,26,4471
1493,1493,ses1494,usd1494,2025-01-09,Desktop,Chrome,Windows,Referral,Singapore,Sydney,Home,Products,Yes,New Visitor,Yes,56,30,19,49,6777
1494,1494,ses1495,usd1495,2025-03-10,Desktop,Opera,Linux,Organic search,UK,Hyderabad,Login,Home,No,New Visitor,Yes,15,44,3,11,1865
1495,1495,ses1496,usd1496,2025-08-09,Desktop,Opera,Linux,Paid search,Canada,Bangalore,About us,Contact,Yes,New Visitor,Yes,38,30,23,35,4962
1496,1496,ses1497,usd1497,2025-04-14,Tablet,Edge,MacOS,Direct,Australia,Sydney,Blog,Blog,No,Returning Visitor,Yes,98,42,1,29,4342
1497,1497,ses1498,usd1498,2025-11-21,Mobile,Opera,Linux,Direct,India,Chennai,Products,Contact,Yes,Returning Visitor,No,75,3,16,49,3355
1498,1498,ses1499,usd1499,2025-07-28,Mobile,Firefox,Android,Email marketing,Canada,London,Services,Services,No,Returning Visitor,Yes,38,22,8,1,5115
1499,1499,ses1500,usd1500,2025-01-28,Desktop,Edge,Windows,Direct,Canada,Bangalore,About us,Blog,No,New Visitor,Yes,30,3,20,21,2040
1500,1500,ses1501,usd1501,2025-04-23,Desktop,Chrome,iOS,Referral,UK,Sydney,Home,Contact,No,New Visitor,Yes,74,22,7,13,847
1501,1501,ses1502,usd1502,2025-04-18,Tablet,Safari,Windows,Organic search,India,Hyderabad,About us,Blog,No,Returning Visitor,No,18,43,21,44,346
1502,1502,ses1503,usd1503,2025-03-28,Tablet,Safari,Android,Direct,UK,Bangalore,Services,Pricing,No,New Visitor,No,25,40,24,17,7535
1503,1503,ses1504,usd1504,2025-09-16,Tablet,Safari,Android,Organic search,India,Sydney,About us,Contact,Yes,Returning Visitor,Yes,5,42,23,23,9622
1504,1504,ses1505,usd1505,2025-05-24,Mobile,Chrome,iOS,Referral,UK,Singapore,Login,Contact,Yes,New Visitor,No,62,41,5,30,8509
1505,1505,ses1506,usd1506,2025-10-06,Tablet,Edge,Windows,Direct,India,Bangalore,Services,Services,Yes,Returning Visitor,Yes,55,15,9,45,7705
1506,1506,ses1507,usd1507,2025-05-25,Tablet,Chrome,iOS,Social media,Australia,London,Contact,Services,No,Returning Visitor,Yes,5,17,8,14,380
1507,1507,ses1508,usd1508,2025-12-21,Tablet,Chrome,Android,Email marketing,India,London,Pricing,Contact,No,Returning Visitor,No,44,52,7,48,6400
1508,1508,ses1509,usd1509,2025-07-19,Tablet,Safari,Android,Direct,UK,Bangalore,About us,Home,No,Returning Visitor,No,77,15,24,31,328
1509,1509,ses1510,usd1510,2025-06-25,Mobile,Opera,Windows,Organic search,India,Bangalore,Home,Blog,Yes,New Visitor,No,40,31,24,48,1570
1510,1510,ses1511,usd1511,2025-10-25,Tablet,Safari,Linux,Direct,Singapore,Singapore,Services,Services,Yes,New Visitor,Yes,7,8,23,4,2329
1511,1511,ses1512,usd1512,2025-05-31,Tablet,Edge,iOS,Social media,UK,New York,Contact,Pricing,No,Returning Visitor,Yes,12,39,20,27,8546
1512,1512,ses1513,usd1513,2025-09-08,Tablet,Opera,Windows,Referral,UK,Chennai,Products,Pricing,Yes,New Visitor,No,16,35,23,38,4950
1513,1513,ses1514,usd1514,2025-12-17,Tablet,Chrome,iOS,Social media,US,Sydney,Pricing,Services,No,New Visitor,Yes,32,46,24,47,5424
1514,1514,ses1515,usd1515,2025-11-28,Mobile,Safari,MacOS,Organic search,India,Hyderabad,Pricing,Pricing,Yes,New Visitor,Yes,1,20,3,12,3755
1515,1515,ses1516,usd1516,2025-06-24,Desktop,Edge,Linux,Paid search,US,Mumbai,Login,Contact,No,Returning Visitor,No,93,45,13,29,7505
1516,1516,ses1517,usd1517,2025-07-28,Tablet,Edge,Linux,Paid search,UK,Sydney,Pricing,Products,Yes,New Visitor,Yes,98,36,21,21,3287
1517,1517,ses1518,usd1518,2025-10-14,Mobile,Safari,iOS,Organic search,US,Mumbai,Blog,Pricing,No,New Visitor,Yes,51,11,23,16,7531
1518,1518,ses1519,usd1519,2025-12-05,Mobile,Chrome,iOS,Organic search,Australia,Singapore,Pricing,Services,Yes,Returning Visitor,Yes,21,36,8,9,1185
1519,1519,ses1520,usd1520,2025-01-28,Mobile,Chrome,Windows,Referral,US,Delhi,Products,Products,Yes,Returning Visitor,No,23,46,14,26,5486
1520,1520,ses1521,usd1521,2025-03-30,Desktop,Chrome,Android,Referral,US,Delhi,Contact,Products,Yes,Returning Visitor,Yes,50,24,13,38,745
1521,1521,ses1522,usd1522,2025-11-27,Desktop,Edge,iOS,Referral,Australia,Delhi,Pricing,Contact,Yes,New Visitor,No,97,51,15,39,5296
1522,1522,ses1523,usd1523,2025-09-04,Tablet,Opera,iOS,Paid search,Australia,Sydney,Home,Services,Yes,New Visitor,No,93,38,10,19,7370
1523,1523,ses1524,usd1524,2025-02-10,Mobile,Edge,Android,Referral,Canada,New York,Pricing,Products,No,Returning Visitor,No,91,22,24,48,1290
1524,1524,ses1525,usd1525,2025-01-02,Mobile,Firefox,Linux,Organic search,Australia,Singapore,Services,Products,Yes,New Visitor,Yes,13,53,5,30,2563
1525,1525,ses1526,usd1526,2025-02-05,Mobile,Opera,Android,Organic search,US,Chennai,Pricing,Contact,No,Returning Visitor,Yes,33,4,8,4,3157
1526,1526,ses1527,usd1527,2025-06-09,Tablet,Opera,Android,Organic search,Singapore,Bangalore,Blog,Home,No,Returning Visitor,Yes,62,8,10,12,1052
1527,1527,ses1528,usd1528,2025-01-16,Mobile,Safari,Linux,Social media,Singapore,Sydney,Pricing,Contact,No,New Visitor,No,96,26,4,2,8087
1528,1528,ses1529,usd1529,2025-03-24,Desktop,Chrome,Linux,Social media,Australia,Chennai,Home,Pricing,No,New Visitor,Yes,40,59,20,43,3668
1529,1529,ses1530,usd1530,2025-10-23,Desktop,Opera,iOS,Referral,India,Delhi,Products,Services,No,Returning Visitor,No,48,20,24,6,5058
1530,1530,ses1531,usd1531,2025-03-24,Mobile,Firefox,Android,Email marketing,Australia,Hyderabad,Contact,Contact,No,Returning Visitor,Yes,20,14,23,23,5043
1531,1531,ses1532,usd1532,2025-01-19,Desktop,Opera,MacOS,Referral,India,London,Contact,Contact,Yes,New Visitor,Yes,2,58,2,30,2945
1532,1532,ses1533,usd1533,2025-06-28,Desktop,Chrome,Windows,Email marketing,UK,Hyderabad,Contact,Home,No,Returning Visitor,Yes,22,5,15,43,7188
1533,1533,ses1534,usd1534,2025-04-05,Tablet,Chrome,MacOS,Social media,India,New York,Login,Services,No,New Visitor,No,71,33,17,7,7707
1534,1534,ses1535,usd1535,2025-08-13,Tablet,Opera,Windows,Direct,India,London,Home,Contact,Yes,New Visitor,Yes,59,39,20,44,5158
1535,1535,ses1536,usd1536,2025-08-21,Desktop,Opera,Android,Email marketing,US,Singapore,Blog,Blog,No,Returning Visitor,No,30,38,13,7,4233
1536,1536,ses1537,usd1537,2025-01-25,Mobile,Opera,MacOS,Social media,Germany,Bangalore,Login,Contact,No,New Visitor,Yes,53,37,2,21,8581
1537,1537,ses1538,usd1538,2025-09-03,Desktop,Edge,iOS,Organic search,Australia,Hyderabad,Home,Products,Yes,New Visitor,Yes,95,51,9,33,1070
1538,1538,ses1539,usd1539,2025-07-10,Mobile,Opera,iOS,Direct,US,Mumbai,Home,Blog,Yes,Returning Visitor,Yes,7,37,9,42,2661
1539,1539,ses1540,usd1540,2025-03-05,Desktop,Edge,iOS,Organic search,UK,Hyderabad,Services,Blog,Yes,New Visitor,Yes,17,5,2,6,6864
1540,1540,ses1541,usd1541,2025-03-09,Desktop,Edge,Android,Paid search,India,Singapore,Blog,Contact,No,Returning Visitor,No,7,32,18,11,6459
1541,1541,ses1542,usd1542,2025-07-01,Tablet,Chrome,Windows,Referral,Canada,Sydney,About us,Contact,No,New Visitor,No,30,7,4,29,8593
1542,1542,ses1543,usd1543,2025-08-10,Desktop,Chrome,Windows,Referral,Australia,Sydney,Blog,Products,Yes,Returning Visitor,Yes,10,9,12,37,3718
1543,1543,ses1544,usd1544,2025-03-17,Desktop,Safari,iOS,Organic search,Singapore,London,About us,Pricing,No,Returning Visitor,Yes,17,28,20,10,2623
1544,1544,ses1545,usd1545,2025-10-26,Tablet,Chrome,iOS,Organic search,India,Sydney,Login,Contact,No,New Visitor,No,22,37,14,23,3683
1545,1545,ses1546,usd1546,2025-07-18,Tablet,Opera,Linux,Organic search,Singapore,Chennai,Services,Contact,Yes,Returning Visitor,No,26,16,7,42,2518
1546,1546,ses1547,usd1547,2025-07-18,Tablet,Edge,Android,Organic search,UK,Bangalore,Services,Home,No,Returning Visitor,Yes,83,22,10,25,1367
1547,1547,ses1548,usd1548,2025-07-04,Mobile,Chrome,iOS,Direct,Canada,Delhi,Home,Pricing,Yes,New Visitor,Yes,34,8,7,24,8561
1548,1548,ses1549,usd1549,2025-02-13,Tablet,Chrome,iOS,Paid search,UK,Singapore,Contact,Home,Yes,Returning Visitor,No,79,11,4,26,2304
1549,1549,ses1550,usd1550,2025-11-02,Tablet,Edge,Windows,Organic search,Singapore,Bangalore,Pricing,Pricing,No,Returning Visitor,Yes,86,59,20,23,5324
1550,1550,ses1551,usd1551,2025-02-27,Mobile,Edge,Windows,Organic search,Germany,Hyderabad,Blog,Contact,Yes,Returning Visitor,No,95,2,7,30,2596
1551,1551,ses1552,usd1552,2025-05-30,Tablet,Edge,Android,Direct,UK,Chennai,Products,Pricing,No,New Visitor,Yes,83,8,11,36,2427
1552,1552,ses1553,usd1553,2025-03-27,Mobile,Edge,Android,Social media,India,Hyderabad,Pricing,Contact,No,Returning Visitor,No,16,54,11,39,4086
1553,1553,ses1554,usd1554,2025-05-21,Mobile,Safari,Android,Paid search,Canada,Bangalore,Contact,Services,No,Returning Visitor,Yes,78,11,21,13,5856
1554,1554,ses1555,usd1555,2025-11-05,Desktop,Opera,MacOS,Paid search,Australia,New York,Login,Contact,No,Returning Visitor,Yes,56,4,7,32,9292
1555,1555,ses1556,usd1556,2025-06-21,Mobile,Opera,MacOS,Organic search,Singapore,Sydney,Pricing,Blog,Yes,New Visitor,No,93,4,17,19,6916
1556,1556,ses1557,usd1557,2025-07-18,Mobile,Opera,Windows,Referral,Canada,Singapore,Pricing,Pricing,Yes,Returning Visitor,Yes,81,3,2,11,2005
1557,1557,ses1558,usd1558,2025-02-17,Mobile,Firefox,MacOS,Direct,Singapore,Chennai,Home,Services,No,New Visitor,Yes,84,31,6,7,7489
1558,1558,ses1559,usd1559,2025-03-04,Desktop,Edge,Windows,Organic search,UK,Bangalore,Home,Products,Yes,Returning Visitor,Yes,63,39,20,39,276
1559,1559,ses1560,usd1560,2025-05-23,Tablet,Firefox,MacOS,Email marketing,US,London,About us,Pricing,No,New Visitor,Yes,21,39,16,5,683
1560,1560,ses1561,usd1561,2025-12-27,Tablet,Edge,iOS,Referral,Germany,London,Home,Blog,Yes,Returning Visitor,Yes,58,9,11,8,3002
1561,1561,ses1562,usd1562,2025-08-03,Desktop,Opera,Android,Social media,UK,London,Pricing,Contact,Yes,New Visitor,No,66,54,7,22,169
1562,1562,ses1563,usd1563,2025-10-29,Mobile,Edge,Windows,Paid search,Germany,Sydney,Contact,Home,No,New Visitor,No,92,4,10,29,4258
1563,1563,ses1564,usd1564,2025-07-21,Tablet,Opera,Android,Email marketing,Singapore,Hyderabad,Home,Services,No,Returning Visitor,Yes,54,15,24,35,6529
1564,1564,ses1565,usd1565,2025-09-28,Desktop,Opera,Linux,Direct,US,Chennai,Blog,Blog,No,New Visitor,Yes,15,35,13,13,2377
1565,1565,ses1566,usd1566,2025-03-22,Tablet,Chrome,iOS,Paid search,India,Hyderabad,About us,Blog,No,Returning Visitor,Yes,56,4,19,26,1681
1566,1566,ses1567,usd1567,2025-02-20,Mobile,Safari,Android,Email marketing,India,London,Blog,Contact,No,Returning Visitor,Yes,87,18,4,37,6671
1567,1567,ses1568,usd1568,2025-08-31,Mobile,Safari,MacOS,Social media,Germany,Sydney,Blog,Products,No,New Visitor,No,21,24,13,31,889
1568,1568,ses1569,usd1569,2025-07-08,Desktop,Edge,MacOS,Social media,UK,Hyderabad,About us,Home,Yes,Returning Visitor,No,72,4,19,32,2029
1569,1569,ses1570,usd1570,2025-05-06,Desktop,Opera,Android,Email marketing,India,Singapore,Contact,Products,Yes,New Visitor,Yes,58,8,6,24,9429
1570,1570,ses1571,usd1571,2025-10-21,Desktop,Firefox,iOS,Paid search,US,Bangalore,Products,Pricing,Yes,New Visitor,No,46,40,8,25,3364
1571,1571,ses1572,usd1572,2025-01-31,Tablet,Firefox,Windows,Organic search,Australia,Chennai,Contact,Services,No,Returning Visitor,No,71,57,11,21,774
1572,1572,ses1573,usd1573,2025-09-21,Mobile,Chrome,MacOS,Paid search,UK,Delhi,About us,Home,No,New Visitor,No,80,21,22,36,271
1573,1573,ses1574,usd1574,2025-06-07,Mobile,Firefox,Windows,Social media,Singapore,London,Login,Blog,Yes,New Visitor,Yes,57,27,2,37,8656
1574,1574,ses1575,usd1575,2025-01-08,Tablet,Safari,Android,Referral,Singapore,New York,Login,Home,Yes,Returning Visitor,No,80,29,11,47,5512
1575,1575,ses1576,usd1576,2025-12-14,Mobile,Firefox,Android,Direct,Canada,Singapore,Login,Blog,No,Returning Visitor,Yes,52,3,21,23,354
1576,1576,ses1577,usd1577,2025-04-23,Desktop,Firefox,MacOS,Email marketing,US,Bangalore,Contact,Contact,Yes,New Visitor,No,45,50,21,21,5772
1577,1577,ses1578,usd1578,2025-04-03,Mobile,Firefox,Windows,Social media,Singapore,Singapore,Login,Products,No,New Visitor,No,24,43,6,31,9754
1578,1578,ses1579,usd1579,2025-02-20,Desktop,Chrome,Android,Direct,Canada,Delhi,Blog,Home,No,New Visitor,Yes,21,29,7,12,5499
1579,1579,ses1580,usd1580,2025-01-01,Desktop,Safari,Linux,Organic search,India,London,Login,Pricing,Yes,Returning Visitor,No,9,4,13,22,2897
1580,1580,ses1581,usd1581,2025-02-23,Tablet,Edge,iOS,Paid search,Australia,Singapore,Home,Contact,Yes,New Visitor,No,89,21,21,39,87
1581,1581,ses1582,usd1582,2025-06-16,Desktop,Firefox,Linux,Organic search,Canada,Bangalore,Blog,Contact,Yes,New Visitor,No,75,16,1,13,2165
1582,1582,ses1583,usd1583,2026-01-01,Tablet,Edge,MacOS,Organic search,Australia,London,About us,Products,Yes,New Visitor,Yes,73,51,8,37,8810
1583,1583,ses1584,usd1584,2025-06-27,Desktop,Safari,iOS,Social media,Singapore,Hyderabad,Products,Pricing,Yes,New Visitor,Yes,62,53,24,8,5297
1584,1584,ses1585,usd1585,2025-10-05,Mobile,Edge,Android,Direct,Canada,Bangalore,Pricing,Blog,No,New Visitor,No,25,10,8,12,3597
1585,1585,ses1586,usd1586,2025-11-02,Mobile,Chrome,Windows,Email marketing,Singapore,Sydney,Blog,Home,Yes,Returning Visitor,No,95,58,1,17,3256
1586,1586,ses1587,usd1587,2025-09-07,Tablet,Firefox,Linux,Paid search,UK,Singapore,About us,Products,Yes,New Visitor,No,3,31,9,6,7002
1587,1587,ses1588,usd1588,2025-10-22,Mobile,Opera,iOS,Email marketing,Germany,Chennai,Products,Products,No,Returning Visitor,No,48,51,8,5,1916
1588,1588,ses1589,usd1589,2025-03-20,Desktop,Safari,Windows,Email marketing,Canada,Hyderabad,Home,Services,No,Returning Visitor,No,77,25,10,2,7259
1589,1589,ses1590,usd1590,2025-10-31,Tablet,Firefox,Windows,Social media,Australia,Chennai,Contact,Contact,Yes,New Visitor,Yes,60,58,1,11,2467
1590,1590,ses1591,usd1591,2025-02-13,Tablet,Edge,Windows,Email marketing,US,Chennai,Products,Services,Yes,Returning Visitor,Yes,51,17,2,43,1206
1591,1591,ses1592,usd1592,2025-01-02,Mobile,Opera,MacOS,Organic search,Germany,Mumbai,Products,Contact,Yes,Returning Visitor,No,56,2,10,13,2920
1592,1592,ses1593,usd1593,2025-08-09,Mobile,Chrome,MacOS,Social media,US,Mumbai,Contact,Home,No,New Visitor,Yes,42,27,15,14,6921
1593,1593,ses1594,usd1594,2025-10-24,Desktop,Opera,Android,Referral,UK,Hyderabad,Blog,Services,Yes,New Visitor,No,59,30,21,12,1736
1594,1594,ses1595,usd1595,2025-03-13,Mobile,Safari,Windows,Paid search,Singapore,Chennai,Pricing,Services,No,Returning Visitor,No,75,35,2,23,7153
1595,1595,ses1596,usd1596,2025-07-13,Desktop,Chrome,Linux,Social media,Germany,Hyderabad,Services,Home,Yes,New Visitor,Yes,79,19,1,44,3669
1596,1596,ses1597,usd1597,2025-07-26,Tablet,Firefox,MacOS,Organic search,Canada,Hyderabad,About us,Blog,Yes,New Visitor,No,37,57,19,42,5051
1597,1597,ses1598,usd1598,2025-11-27,Desktop,Safari,Linux,Paid search,India,Chennai,Services,Products,No,Returning Visitor,No,49,25,5,34,3072
1598,1598,ses1599,usd1599,2025-10-12,Mobile,Safari,MacOS,Social media,Canada,Singapore,Services,Blog,Yes,New Visitor,Yes,27,29,20,17,3915
1599,1599,ses1600,usd1600,2025-07-05,Mobile,Opera,Android,Social media,US,Sydney,Contact,Products,Yes,Returning Visitor,Yes,11,39,22,22,4979
1600,1600,ses1601,usd1601,2025-12-02,Desktop,Chrome,MacOS,Referral,Germany,Bangalore,About us,Blog,No,Returning Visitor,Yes,63,15,24,21,5925
1601,1601,ses1602,usd1602,2025-11-16,Desktop,Edge,MacOS,Direct,Singapore,New York,Login,Blog,No,New Visitor,Yes,79,28,24,4,3919
1602,1602,ses1603,usd1603,2025-03-27,Tablet,Opera,iOS,Social media,UK,Sydney,Blog,Contact,No,New Visitor,No,78,43,17,15,2979
1603,1603,ses1604,usd1604,2025-09-22,Tablet,Opera,Android,Social media,Australia,Hyderabad,About us,Products,No,Returning Visitor,Yes,34,4,20,26,1723
1604,1604,ses1605,usd1605,2025-06-25,Desktop,Firefox,Windows,Email marketing,UK,Hyderabad,Products,Services,No,New Visitor,Yes,80,23,19,47,575
1605,1605,ses1606,usd1606,2025-12-07,Desktop,Opera,Android,Organic search,Australia,Hyderabad,Login,Contact,Yes,Returning Visitor,Yes,37,44,7,10,4664
1606,1606,ses1607,usd1607,2025-10-19,Desktop,Opera,Windows,Referral,Singapore,Mumbai,Products,Contact,Yes,New Visitor,No,8,21,7,15,9306
1607,1607,ses1608,usd1608,2025-03-19,Tablet,Safari,Windows,Organic search,Australia,Bangalore,Contact,Contact,Yes,Returning Visitor,Yes,69,14,19,36,4121
1608,1608,ses1609,usd1609,2025-06-06,Desktop,Chrome,iOS,Social media,Singapore,Bangalore,Products,Contact,No,New Visitor,Yes,3,7,17,19,9573
1609,1609,ses1610,usd1610,2025-01-19,Desktop,Opera,MacOS,Referral,UK,Singapore,Contact,Blog,Yes,Returning Visitor,Yes,77,7,24,38,9103
1610,1610,ses1611,usd1611,2025-10-10,Desktop,Safari,Linux,Referral,Canada,Mumbai,Blog,Contact,Yes,New Visitor,No,26,48,10,24,2481
1611,1611,ses1612,usd1612,2025-09-29,Desktop,Safari,Windows,Social media,Singapore,New York,Login,Contact,No,New Visitor,No,25,33,9,42,493
1612,1612,ses1613,usd1613,2025-11-15,Tablet,Firefox,Windows,Organic search,India,Bangalore,Pricing,Pricing,No,Returning Visitor,No,84,42,14,45,3556
1613,1613,ses1614,usd1614,2025-03-02,Mobile,Chrome,Android,Social media,Canada,Hyderabad,Pricing,Contact,Yes,Returning Visitor,Yes,56,3,24,9,5967
1614,1614,ses1615,usd1615,2025-01-26,Desktop,Firefox,Windows,Social media,India,New York,Contact,Services,Yes,Returning Visitor,No,91,39,9,48,1226
1615,1615,ses1616,usd1616,2025-03-01,Desktop,Safari,Android,Referral,Singapore,Singapore,Services,Contact,No,New Visitor,No,59,19,16,8,130
1616,1616,ses1617,usd1617,2025-12-23,Mobile,Edge,Android,Email marketing,UK,Sydney,Blog,Home,Yes,Returning Visitor,No,79,59,13,14,9862
1617,1617,ses1618,usd1618,2025-01-06,Mobile,Opera,Windows,Organic search,UK,Delhi,Home,Contact,No,Returning Visitor,No,23,51,18,10,8485
1618,1618,ses1619,usd1619,2025-06-05,Desktop,Edge,iOS,Organic search,Germany,Mumbai,Blog,Pricing,Yes,New Visitor,Yes,87,31,5,8,8634
1619,1619,ses1620,usd1620,2025-02-02,Mobile,Safari,MacOS,Referral,US,Bangalore,Login,Products,No,New Visitor,No,32,13,21,38,3494
1620,1620,ses1621,usd1621,2025-01-02,Mobile,Opera,Android,Social media,Canada,Mumbai,Login,Blog,No,Returning Visitor,Yes,9,28,19,40,5487
1621,1621,ses1622,usd1622,2025-12-18,Tablet,Opera,iOS,Paid search,Canada,Bangalore,Products,Pricing,Yes,Returning Visitor,Yes,18,7,15,44,7632
1622,1622,ses1623,usd1623,2025-08-22,Mobile,Firefox,MacOS,Organic search,UK,Delhi,Contact,Contact,No,Returning Visitor,Yes,75,51,21,28,2815
1623,1623,ses1624,usd1624,2025-10-04,Desktop,Chrome,Linux,Paid search,Germany,Delhi,Contact,Home,Yes,New Visitor,No,84,19,16,43,7286
1624,1624,ses1625,usd1625,2025-06-04,Desktop,Edge,iOS,Email marketing,Canada,Mumbai,Home,Contact,Yes,New Visitor,No,21,10,18,27,7364
1625,1625,ses1626,usd1626,2025-10-04,Desktop,Edge,Windows,Social media,US,London,Pricing,Contact,No,New Visitor,Yes,74,6,16,17,6324
1626,1626,ses1627,usd1627,2025-11-04,Desktop,Opera,MacOS,Referral,Singapore,Hyderabad,Login,Blog,No,Returning Visitor,Yes,9,33,19,4,8391
1627,1627,ses1628,usd1628,2025-12-14,Mobile,Firefox,iOS,Paid search,Canada,Chennai,Products,Blog,Yes,New Visitor,Yes,30,38,11,7,5538
1628,1628,ses1629,usd1629,2025-02-03,Tablet,Safari,iOS,Paid search,US,Bangalore,Services,Contact,Yes,New Visitor,Yes,41,10,19,39,2990
1629,1629,ses1630,usd1630,2025-05-22,Tablet,Chrome,iOS,Referral,Canada,Sydney,Login,Products,No,New Visitor,No,36,35,23,5,9110
1630,1630,ses1631,usd1631,2025-12-15,Tablet,Opera,MacOS,Organic search,Australia,Singapore,Home,Contact,Yes,New Visitor,No,33,42,19,23,2082
1631,1631,ses1632,usd1632,2025-10-18,Desktop,Opera,Android,Referral,Singapore,Mumbai,Services,Contact,Yes,Returning Visitor,No,10,24,16,10,2340
1632,1632,ses1633,usd1633,2025-02-17,Mobile,Opera,Windows,Direct,India,New York,Products,Products,No,Returning Visitor,No,53,29,23,35,9493
1633,1633,ses1634,usd1634,2025-06-26,Desktop,Chrome,Android,Direct,Australia,Mumbai,Home,Services,No,New Visitor,No,32,58,17,34,1475
1634,1634,ses1635,usd1635,2025-10-11,Desktop,Edge,iOS,Social media,Germany,Singapore,Home,Blog,No,New Visitor,No,25,11,23,32,1786
1635,1635,ses1636,usd1636,2025-11-18,Tablet,Chrome,MacOS,Referral,US,Delhi,About us,Products,No,Returning Visitor,No,17,32,23,2,7656
1636,1636,ses1637,usd1637,2025-03-06,Tablet,Opera,MacOS,Paid search,Canada,Bangalore,Pricing,Products,Yes,New Visitor,No,34,52,12,3,9199
1637,1637,ses1638,usd1638,2025-06-30,Mobile,Chrome,Windows,Paid search,UK,Sydney,Contact,Blog,Yes,Returning Visitor,Yes,96,34,5,44,682
1638,1638,ses1639,usd1639,2025-08-05,Mobile,Firefox,Linux,Referral,Australia,Singapore,Pricing,Contact,No,Returning Visitor,Yes,62,45,10,29,5764
1639,1639,ses1640,usd1640,2025-10-13,Mobile,Opera,Windows,Referral,India,Chennai,Home,Products,No,Returning Visitor,No,49,30,11,49,4205
1640,1640,ses1641,usd1641,2025-11-20,Tablet,Edge,Windows,Referral,Germany,Bangalore,Pricing,Services,No,Returning Visitor,No,20,44,3,9,5956
1641,1641,ses1642,usd1642,2025-01-16,Tablet,Safari,Android,Direct,Singapore,Singapore,Blog,Home,No,New Visitor,No,96,45,17,36,3376
1642,1642,ses1643,usd1643,2025-02-21,Desktop,Edge,Windows,Referral,UK,Chennai,Products,Products,Yes,Returning Visitor,No,3,36,16,44,9564
1643,1643,ses1644,usd1644,2025-05-02,Mobile,Firefox,Windows,Referral,Singapore,London,About us,Blog,Yes,Returning Visitor,No,63,49,7,5,9612
1644,1644,ses1645,usd1645,2025-01-16,Mobile,Opera,MacOS,Email marketing,Canada,Hyderabad,Home,Contact,No,New Visitor,No,86,11,22,37,3975
1645,1645,ses1646,usd1646,2025-01-23,Mobile,Chrome,Linux,Referral,Australia,Singapore,Login,Blog,Yes,Returning Visitor,No,13,3,15,43,1189
1646,1646,ses1647,usd1647,2025-09-04,Mobile,Chrome,MacOS,Direct,Australia,London,Blog,Services,Yes,Returning Visitor,Yes,29,34,1,23,9030
1647,1647,ses1648,usd1648,2025-06-30,Tablet,Safari,iOS,Social media,US,London,About us,Products,No,New Visitor,No,91,6,16,31,9405
1648,1648,ses1649,usd1649,2025-08-29,Mobile,Opera,Windows,Email marketing,US,Hyderabad,Contact,Pricing,Yes,Returning Visitor,Yes,78,31,17,25,217
1649,1649,ses1650,usd1650,2025-02-02,Tablet,Opera,iOS,Referral,US,Sydney,Login,Products,No,New Visitor,No,55,48,5,28,9391
1650,1650,ses1651,usd1651,2025-05-05,Tablet,Safari,iOS,Paid search,UK,Delhi,Login,Products,Yes,Returning Visitor,No,57,38,3,44,5698
1651,1651,ses1652,usd1652,2025-05-12,Tablet,Edge,Windows,Direct,Australia,Mumbai,Home,Pricing,No,New Visitor,No,59,52,24,35,2127
1652,1652,ses1653,usd1653,2025-06-17,Mobile,Safari,MacOS,Direct,Australia,New York,Services,Contact,No,Returning Visitor,Yes,87,44,23,11,911
1653,1653,ses1654,usd1654,2025-09-16,Tablet,Edge,Windows,Email marketing,UK,Hyderabad,Blog,Pricing,Yes,New Visitor,Yes,17,26,9,6,7748
1654,1654,ses1655,usd1655,2025-03-15,Desktop,Edge,iOS,Social media,India,Chennai,Home,Contact,No,Returning Visitor,Yes,7,10,6,42,3192
1655,1655,ses1656,usd1656,2025-12-22,Mobile,Chrome,Android,Direct,Germany,Mumbai,Services,Pricing,Yes,New Visitor,No,86,34,7,6,2257
1656,1656,ses1657,usd1657,2025-04-15,Tablet,Firefox,Linux,Email marketing,US,Sydney,About us,Pricing,No,Returning Visitor,Yes,90,48,9,46,5428
1657,1657,ses1658,usd1658,2025-10-18,Tablet,Firefox,Linux,Direct,India,Sydney,Services,Services,Yes,Returning Visitor,Yes,91,27,16,30,6115
1658,1658,ses1659,usd1659,2025-10-01,Tablet,Safari,Linux,Email marketing,Canada,Chennai,Login,Services,No,Returning Visitor,No,95,32,11,11,7044
1659,1659,ses1660,usd1660,2025-12-26,Tablet,Safari,Android,Organic search,Australia,London,Services,Pricing,Yes,New Visitor,No,71,15,22,33,6755
1660,1660,ses1661,usd1661,2025-06-21,Desktop,Safari,MacOS,Referral,Singapore,Sydney,Products,Products,No,New Visitor,No,88,49,17,45,3090
1661,1661,ses1662,usd1662,2025-05-04,Mobile,Safari,MacOS,Direct,Australia,Chennai,Pricing,Pricing,No,New Visitor,Yes,75,22,14,44,548
1662,1662,ses1663,usd1663,2025-06-24,Mobile,Opera,Linux,Paid search,Singapore,New York,About us,Contact,No,New Visitor,Yes,21,43,6,45,9964
1663,1663,ses1664,usd1664,2025-01-03,Tablet,Safari,Android,Email marketing,Singapore,Bangalore,Products,Contact,No,New Visitor,No,99,14,16,20,325
1664,1664,ses1665,usd1665,2025-06-04,Tablet,Firefox,Linux,Referral,US,Singapore,Pricing,Products,Yes,Returning Visitor,No,42,35,10,32,9504
1665,1665,ses1666,usd1666,2025-01-06,Desktop,Firefox,Windows,Paid search,Australia,Bangalore,Products,Contact,Yes,New Visitor,Yes,94,45,3,30,3694
1666,1666,ses1667,usd1667,2025-05-27,Tablet,Opera,Linux,Social media,US,Singapore,Login,Services,Yes,New Visitor,No,38,58,24,18,3495
1667,1667,ses1668,usd1668,2025-10-09,Mobile,Chrome,Windows,Social media,Canada,Delhi,Pricing,Contact,No,New Visitor,No,41,35,10,3,1781
1668,1668,ses1669,usd1669,2025-11-20,Desktop,Chrome,iOS,Referral,Australia,Bangalore,Contact,Products,No,Returning Visitor,Yes,41,9,8,1,6082
1669,1669,ses1670,usd1670,2025-05-27,Tablet,Chrome,Android,Organic search,US,Singapore,Pricing,Products,Yes,Returning Visitor,No,18,41,12,25,9552
1670,1670,ses1671,usd1671,2025-03-06,Desktop,Chrome,Linux,Email marketing,Germany,Delhi,Home,Contact,No,New Visitor,No,83,12,10,32,9857
1671,1671,ses1672,usd1672,2025-02-04,Mobile,Opera,MacOS,Referral,Australia,Mumbai,Pricing,Home,Yes,Returning Visitor,No,24,37,12,12,1141
1672,1672,ses1673,usd1673,2025-10-03,Mobile,Safari,iOS,Social media,Singapore,New York,Services,Contact,Yes,Returning Visitor,Yes,92,28,10,3,3121
1673,1673,ses1674,usd1674,2025-12-24,Mobile,Edge,Windows,Social media,India,Bangalore,Login,Blog,Yes,Returning Visitor,No,23,5,23,45,6288
1674,1674,ses1675,usd1675,2025-04-15,Desktop,Firefox,iOS,Referral,US,Mumbai,Login,Home,No,Returning Visitor,No,68,57,1,38,6842
1675,1675,ses1676,usd1676,2025-04-29,Desktop,Edge,Linux,Direct,Australia,London,Services,Home,Yes,New Visitor,No,33,27,11,27,2190
1676,1676,ses1677,usd1677,2025-10-02,Tablet,Safari,Windows,Paid search,Singapore,Sydney,About us,Home,No,New Visitor,No,66,10,15,16,3155
1677,1677,ses1678,usd1678,2025-12-07,Desktop,Edge,MacOS,Email marketing,India,New York,Blog,Contact,No,New Visitor,Yes,89,41,23,1,9712
1678,1678,ses1679,usd1679,2025-12-09,Mobile,Chrome,Windows,Email marketing,Australia,London,Pricing,Products,No,New Visitor,Yes,39,10,13,9,7157
1679,1679,ses1680,usd1680,2025-01-26,Mobile,Chrome,Android,Paid search,Singapore,Bangalore,Products,Home,Yes,New Visitor,Yes,32,8,1,13,744
1680,1680,ses1681,usd1681,2025-02-15,Desktop,Edge,Windows,Organic search,Germany,Singapore,Login,Contact,No,New Visitor,Yes,95,26,16,37,6554
1681,1681,ses1682,usd1682,2025-12-13,Desktop,Chrome,iOS,Email marketing,Singapore,Hyderabad,About us,Pricing,No,New Visitor,Yes,2,11,1,18,4251
1682,1682,ses1683,usd1683,2025-07-27,Desktop,Edge,Windows,Organic search,India,Mumbai,About us,Contact,No,New Visitor,No,19,11,16,16,1803
1683,1683,ses1684,usd1684,2025-03-07,Mobile,Opera,Windows,Referral,Germany,Delhi,Blog,Home,Yes,New Visitor,No,23,23,10,47,5763
1684,1684,ses1685,usd1685,2025-02-26,Desktop,Safari,MacOS,Referral,Canada,Chennai,Login,Products,Yes,Returning Visitor,No,96,7,3,23,2502
1685,1685,ses1686,usd1686,2025-11-04,Tablet,Opera,Android,Email marketing,Australia,London,Services,Services,No,Returning Visitor,Yes,31,58,6,5,1119
1686,1686,ses1687,usd1687,2025-10-05,Tablet,Safari,Windows,Paid search,Australia,Delhi,Products,Contact,Yes,Returning Visitor,Yes,36,24,14,18,992
1687,1687,ses1688,usd1688,2025-06-07,Tablet,Edge,MacOS,Social media,Germany,Chennai,Login,Pricing,No,New Visitor,Yes,6,21,24,18,1345
1688,1688,ses1689,usd1689,2025-07-27,Desktop,Opera,MacOS,Direct,Australia,Hyderabad,Contact,Home,Yes,Returning Visitor,No,78,8,14,45,2076
1689,1689,ses1690,usd1690,2025-12-11,Desktop,Edge,Android,Email marketing,Australia,Singapore,Pricing,Pricing,Yes,New Visitor,No,40,36,17,21,5550
1690,1690,ses1691,usd1691,2025-10-11,Mobile,Chrome,Windows,Direct,Germany,Chennai,Home,Contact,No,New Visitor,No,52,59,10,15,7528
1691,1691,ses1692,usd1692,2025-04-08,Mobile,Chrome,iOS,Paid search,India,Bangalore,Home,Contact,Yes,New Visitor,Yes,54,50,13,46,9696
1692,1692,ses1693,usd1693,2025-06-30,Tablet,Opera,iOS,Referral,India,London,Contact,Blog,Yes,New Visitor,Yes,59,26,4,12,4706
1693,1693,ses1694,usd1694,2025-07-13,Mobile,Safari,Android,Organic search,Singapore,Chennai,Login,Products,No,New Visitor,Yes,77,1,21,35,4820
1694,1694,ses1695,usd1695,2025-10-31,Tablet,Edge,MacOS,Email marketing,UK,New York,Login,Home,Yes,Returning Visitor,Yes,33,50,16,26,4075
1695,1695,ses1696,usd1696,2026-01-01,Desktop,Edge,iOS,Email marketing,Australia,Mumbai,Contact,Products,Yes,New Visitor,Yes,34,26,23,34,340
1696,1696,ses1697,usd1697,2025-11-05,Tablet,Chrome,iOS,Organic search,Australia,Mumbai,Login,Home,Yes,New Visitor,No,89,20,22,10,9128
1697,1697,ses1698,usd1698,2025-11-05,Mobile,Chrome,iOS,Social media,Germany,Sydney,Pricing,Products,No,Returning Visitor,Yes,56,14,8,44,453
1698,1698,ses1699,usd1699,2025-12-28,Desktop,Opera,Windows,Paid search,India,Hyderabad,Login,Pricing,Yes,Returning Visitor,Yes,70,43,16,23,375
1699,1699,ses1700,usd1700,2025-04-26,Mobile,Edge,Windows,Referral,Germany,Chennai,Services,Contact,Yes,Returning Visitor,No,27,46,19,24,9925
1700,1700,ses1701,usd1701,2025-03-13,Tablet,Opera,Linux,Social media,India,London,Blog,Services,No,Returning Visitor,No,5,21,15,38,3922
1701,1701,ses1702,usd1702,2025-04-26,Mobile,Chrome,Android,Paid search,Singapore,Bangalore,Blog,Pricing,Yes,Returning Visitor,Yes,62,59,15,40,3002
1702,1702,ses1703,usd1703,2025-03-08,Tablet,Firefox,MacOS,Paid search,UK,Sydney,Contact,Home,No,Returning Visitor,Yes,36,50,20,41,3509
1703,1703,ses1704,usd1704,2025-05-10,Desktop,Safari,MacOS,Referral,UK,Bangalore,Products,Contact,Yes,Returning Visitor,No,83,53,2,13,2597
1704,1704,ses1705,usd1705,2025-05-06,Desktop,Chrome,MacOS,Direct,Singapore,Singapore,Services,Contact,Yes,New Visitor,No,58,9,11,48,6220
1705,1705,ses1706,usd1706,2025-09-19,Desktop,Opera,Linux,Paid search,Germany,Chennai,Services,Contact,Yes,New Visitor,Yes,34,22,5,41,962
1706,1706,ses1707,usd1707,2025-08-07,Mobile,Firefox,iOS,Paid search,Singapore,Mumbai,Contact,Contact,No,Returning Visitor,No,63,36,18,17,9695
1707,1707,ses1708,usd1708,2025-08-26,Desktop,Safari,MacOS,Social media,UK,Hyderabad,Contact,Contact,No,New Visitor,Yes,59,30,14,43,4799
1708,1708,ses1709,usd1709,2025-08-28,Tablet,Edge,Windows,Referral,US,Bangalore,About us,Contact,Yes,New Visitor,Yes,94,43,18,30,1211
1709,1709,ses1710,usd1710,2025-11-29,Desktop,Opera,Android,Referral,Australia,Singapore,Home,Home,Yes,New Visitor,Yes,55,9,17,49,8487
1710,1710,ses1711,usd1711,2025-01-16,Mobile,Firefox,MacOS,Referral,US,Mumbai,About us,Pricing,No,Returning Visitor,No,93,38,23,47,6687
1711,1711,ses1712,usd1712,2025-06-28,Tablet,Opera,Android,Email marketing,Canada,Bangalore,Login,Blog,No,Returning Visitor,No,53,57,12,16,269
1712,1712,ses1713,usd1713,2025-01-11,Desktop,Opera,Android,Organic search,UK,New York,Home,Blog,Yes,Returning Visitor,No,15,4,12,8,8944
1713,1713,ses1714,usd1714,2025-09-10,Desktop,Firefox,Windows,Referral,Canada,New York,Products,Contact,Yes,Returning Visitor,Yes,47,56,21,41,4789
1714,1714,ses1715,usd1715,2025-06-06,Mobile,Firefox,Android,Social media,UK,Hyderabad,Pricing,Contact,Yes,New Visitor,Yes,89,48,1,21,1808
1715,1715,ses1716,usd1716,2025-07-29,Mobile,Firefox,Android,Paid search,Australia,Bangalore,Services,Pricing,Yes,New Visitor,No,60,13,10,11,5370
1716,1716,ses1717,usd1717,2025-06-11,Tablet,Safari,Linux,Organic search,Australia,Singapore,Services,Services,No,New Visitor,Yes,94,44,3,37,3628
1717,1717,ses1718,usd1718,2025-04-26,Mobile,Chrome,Windows,Paid search,India,Sydney,Contact,Contact,Yes,Returning Visitor,Yes,13,24,2,37,8202
1718,1718,ses1719,usd1719,2025-10-13,Tablet,Safari,Windows,Social media,India,New York,Home,Contact,Yes,Returning Visitor,Yes,3,48,16,33,7229
1719,1719,ses1720,usd1720,2025-10-06,Desktop,Chrome,MacOS,Direct,US,New York,Login,Pricing,No,New Visitor,Yes,37,30,23,23,4876
1720,1720,ses1721,usd1721,2025-09-29,Tablet,Opera,Windows,Referral,Germany,Chennai,Blog,Pricing,No,New Visitor,No,77,44,15,15,4825
1721,1721,ses1722,usd1722,2025-02-03,Desktop,Opera,Windows,Paid search,US,Singapore,Products,Contact,No,Returning Visitor,No,42,11,7,17,9177
1722,1722,ses1723,usd1723,2025-02-02,Mobile,Firefox,Android,Referral,Singapore,Mumbai,Login,Contact,No,New Visitor,Yes,18,46,7,14,3489
1723,1723,ses1724,usd1724,2025-02-19,Tablet,Chrome,Linux,Direct,Canada,Sydney,Blog,Home,No,New Visitor,No,82,41,21,27,5911
1724,1724,ses1725,usd1725,2025-03-20,Tablet,Edge,iOS,Paid search,Germany,Sydney,Home,Blog,No,Returning Visitor,Yes,31,58,22,48,2837
1725,1725,ses1726,usd1726,2025-04-26,Mobile,Edge,Windows,Direct,UK,New York,Home,Contact,No,New Visitor,No,47,13,17,15,5799
1726,1726,ses1727,usd1727,2025-06-01,Tablet,Chrome,MacOS,Email marketing,Germany,Sydney,Products,Contact,Yes,New Visitor,No,68,24,15,13,8386
1727,1727,ses1728,usd1728,2025-12-11,Tablet,Firefox,Linux,Paid search,Germany,Mumbai,Login,Contact,Yes,Returning Visitor,No,28,37,14,16,1996
1728,1728,ses1729,usd1729,2025-09-11,Tablet,Safari,Android,Referral,Australia,Bangalore,About us,Products,No,New Visitor,No,2,29,7,27,2545
1729,1729,ses1730,usd1730,2025-12-24,Tablet,Firefox,Windows,Paid search,India,New York,Pricing,Contact,No,Returning Visitor,Yes,81,14,24,11,1468
1730,1730,ses1731,usd1731,2025-10-29,Desktop,Edge,Android,Direct,India,Delhi,Pricing,Blog,Yes,New Visitor,Yes,83,43,2,10,7928
1731,1731,ses1732,usd1732,2025-10-27,Desktop,Opera,Windows,Organic search,US,Mumbai,Services,Blog,Yes,Returning Visitor,No,12,4,14,3,9042
1732,1732,ses1733,usd1733,2025-01-22,Tablet,Chrome,iOS,Paid search,US,Hyderabad,Blog,Services,Yes,New Visitor,Yes,69,28,5,29,4498
1733,1733,ses1734,usd1734,2025-03-19,Desktop,Chrome,Android,Referral,US,London,Services,Contact,No,New Visitor,No,48,34,9,40,1891
1734,1734,ses1735,usd1735,2025-02-17,Tablet,Chrome,iOS,Paid search,Australia,Hyderabad,Contact,Home,Yes,New Visitor,Yes,17,38,24,23,9291
1735,1735,ses1736,usd1736,2025-03-31,Tablet,Edge,Windows,Organic search,UK,Bangalore,About us,Pricing,Yes,Returning Visitor,Yes,74,2,5,3,6454
1736,1736,ses1737,usd1737,2025-04-17,Desktop,Safari,MacOS,Referral,India,Delhi,Pricing,Contact,No,New Visitor,No,72,44,23,14,3630
1737,1737,ses1738,usd1738,2025-10-21,Mobile,Firefox,Android,Social media,India,Bangalore,Login,Contact,No,Returning Visitor,Yes,52,1,17,28,4798
1738,1738,ses1739,usd1739,2025-06-12,Desktop,Chrome,Windows,Organic search,UK,Mumbai,Login,Services,No,Returning Visitor,Yes,58,19,10,43,5488
1739,1739,ses1740,usd1740,2025-05-21,Desktop,Firefox,iOS,Email marketing,Singapore,New York,Contact,Products,No,Returning Visitor,Yes,60,13,18,38,3142
1740,1740,ses1741,usd1741,2025-01-05,Mobile,Firefox,MacOS,Referral,India,Bangalore,Blog,Services,No,New Visitor,No,9,38,16,33,9324
1741,1741,ses1742,usd1742,2025-05-18,Desktop,Edge,Android,Email marketing,UK,Chennai,Blog,Blog,No,New Visitor,Yes,79,17,13,49,863
1742,1742,ses1743,usd1743,2025-07-28,Tablet,Firefox,iOS,Organic search,Germany,Singapore,Blog,Services,No,New Visitor,No,12,20,9,34,5471
1743,1743,ses1744,usd1744,2025-02-25,Tablet,Edge,Linux,Direct,Germany,Singapore,Contact,Contact,No,New Visitor,No,34,54,15,48,8150
1744,1744,ses1745,usd1745,2025-02-17,Mobile,Chrome,iOS,Social media,UK,Delhi,Blog,Pricing,Yes,New Visitor,No,56,11,6,26,9398
1745,1745,ses1746,usd1746,2025-05-02,Tablet,Edge,Windows,Referral,India,Delhi,Pricing,Contact,No,Returning Visitor,No,11,49,8,39,621
1746,1746,ses1747,usd1747,2025-08-25,Tablet,Edge,Linux,Organic search,US,New York,Login,Contact,No,Returning Visitor,Yes,47,49,24,47,4162
1747,1747,ses1748,usd1748,2025-05-25,Desktop,Edge,MacOS,Email marketing,Australia,Singapore,Services,Home,Yes,Returning Visitor,No,1,40,11,42,4466
1748,1748,ses1749,usd1749,2025-06-02,Tablet,Firefox,Windows,Direct,Australia,Mumbai,About us,Pricing,No,Returning Visitor,No,19,42,19,1,4949
1749,1749,ses1750,usd1750,2025-11-16,Tablet,Safari,iOS,Paid search,Australia,Delhi,Contact,Pricing,No,New Visitor,No,57,41,8,27,1726
1750,1750,ses1751,usd1751,2025-12-13,Desktop,Edge,MacOS,Referral,Canada,Delhi,Login,Products,Yes,New Visitor,Yes,43,33,4,21,1451
1751,1751,ses1752,usd1752,2025-05-06,Desktop,Firefox,iOS,Referral,India,Delhi,Services,Blog,No,New Visitor,No,91,35,18,40,7389
1752,1752,ses1753,usd1753,2025-12-20,Mobile,Safari,iOS,Referral,Singapore,Singapore,Pricing,Blog,Yes,New Visitor,No,39,32,18,46,4754
1753,1753,ses1754,usd1754,2025-08-02,Mobile,Edge,Windows,Social media,UK,Bangalore,Login,Pricing,No,New Visitor,No,80,44,6,10,5582
1754,1754,ses1755,usd1755,2025-12-23,Desktop,Edge,Windows,Email marketing,India,Mumbai,Home,Services,Yes,New Visitor,Yes,81,26,1,9,9450
1755,1755,ses1756,usd1756,2025-12-04,Desktop,Firefox,MacOS,Referral,US,Chennai,About us,Products,No,Returning Visitor,Yes,40,52,6,35,1834
1756,1756,ses1757,usd1757,2025-06-17,Mobile,Chrome,Windows,Referral,UK,Hyderabad,Blog,Blog,No,Returning Visitor,Yes,3,29,18,24,9647
1757,1757,ses1758,usd1758,2025-02-22,Mobile,Safari,Windows,Referral,UK,Bangalore,Home,Contact,No,New Visitor,Yes,40,53,2,16,9302
1758,1758,ses1759,usd1759,2025-10-24,Tablet,Firefox,Linux,Social media,Germany,Hyderabad,Contact,Pricing,Yes,New Visitor,Yes,63,17,2,39,1426
1759,1759,ses1760,usd1760,2025-12-06,Mobile,Safari,Linux,Paid search,Germany,Chennai,Home,Home,Yes,New Visitor,Yes,31,33,22,18,2314
1760,1760,ses1761,usd1761,2025-10-02,Desktop,Safari,Android,Referral,US,Mumbai,Pricing,Products,No,New Visitor,No,1,57,17,3,4556
1761,1761,ses1762,usd1762,2025-03-26,Tablet,Edge,Android,Direct,India,London,Pricing,Home,No,Returning Visitor,No,41,22,9,34,7313
1762,1762,ses1763,usd1763,2025-03-24,Tablet,Edge,Linux,Organic search,US,Mumbai,Login,Pricing,Yes,New Visitor,No,3,8,23,16,2805
1763,1763,ses1764,usd1764,2025-09-05,Desktop,Opera,iOS,Organic search,UK,New York,Pricing,Blog,Yes,New Visitor,No,26,50,11,14,2958
1764,1764,ses1765,usd1765,2025-11-19,Tablet,Safari,Android,Organic search,US,Sydney,About us,Pricing,Yes,New Visitor,No,7,55,21,26,2275
1765,1765,ses1766,usd1766,2025-12-20,Tablet,Safari,Windows,Social media,Australia,Singapore,Blog,Services,Yes,New Visitor,No,10,43,21,23,842
1766,1766,ses1767,usd1767,2026-01-01,Desktop,Opera,Windows,Social media,India,Chennai,Login,Products,Yes,New Visitor,No,41,17,5,6,9106
1767,1767,ses1768,usd1768,2025-04-10,Mobile,Chrome,MacOS,Referral,Canada,Sydney,About us,Contact,Yes,Returning Visitor,Yes,68,49,2,16,499
1768,1768,ses1769,usd1769,2025-03-22,Mobile,Chrome,Linux,Organic search,UK,New York,Contact,Pricing,No,Returning Visitor,Yes,61,27,6,39,9246
1769,1769,ses1770,usd1770,2025-04-15,Tablet,Chrome,Android,Paid search,Germany,Bangalore,Login,Blog,Yes,New Visitor,No,68,55,24,8,5443
1770,1770,ses1771,usd1771,2025-12-31,Mobile,Safari,Linux,Social media,US,Chennai,Pricing,Contact,Yes,Returning Visitor,No,3,33,13,40,3940
1771,1771,ses1772,usd1772,2025-11-19,Desktop,Opera,MacOS,Social media,Australia,Chennai,Products,Products,Yes,New Visitor,No,97,52,20,34,5159
1772,1772,ses1773,usd1773,2025-12-15,Mobile,Edge,Linux,Referral,Australia,Hyderabad,Products,Blog,Yes,New Visitor,No,3,10,12,5,6904
1773,1773,ses1774,usd1774,2025-05-02,Mobile,Opera,iOS,Organic search,Australia,Chennai,Pricing,Contact,Yes,Returning Visitor,No,77,12,3,25,4006
1774,1774,ses1775,usd1775,2025-10-28,Mobile,Safari,MacOS,Referral,Canada,New York,Login,Products,Yes,Returning Visitor,No,2,22,23,14,7008
1775,1775,ses1776,usd1776,2025-07-17,Tablet,Chrome,Android,Direct,Singapore,Delhi,Products,Contact,Yes,New Visitor,Yes,41,37,13,48,1325
1776,1776,ses1777,usd1777,2025-04-17,Desktop,Opera,Windows,Direct,US,Delhi,About us,Contact,No,New Visitor,No,48,29,5,44,3513
1777,1777,ses1778,usd1778,2025-07-03,Tablet,Firefox,Windows,Direct,Canada,Mumbai,Blog,Products,Yes,New Visitor,Yes,15,20,11,19,6787
1778,1778,ses1779,usd1779,2026-01-01,Mobile,Opera,Android,Paid search,US,Hyderabad,Blog,Contact,Yes,Returning Visitor,No,61,9,21,41,1972
1779,1779,ses1780,usd1780,2025-04-03,Tablet,Safari,iOS,Email marketing,US,Bangalore,About us,Products,No,New Visitor,No,70,18,11,9,4491
1780,1780,ses1781,usd1781,2025-09-08,Desktop,Opera,MacOS,Social media,UK,New York,Pricing,Contact,No,Returning Visitor,No,37,19,22,39,8721
1781,1781,ses1782,usd1782,2025-06-06,Tablet,Opera,Linux,Email marketing,Australia,Sydney,Home,Contact,No,New Visitor,No,30,48,3,42,4417
1782,1782,ses1783,usd1783,2025-03-30,Mobile,Chrome,MacOS,Referral,Canada,Delhi,Blog,Pricing,No,Returning Visitor,Yes,1,46,19,16,4778
1783,1783,ses1784,usd1784,2025-08-24,Desktop,Firefox,iOS,Social media,India,Hyderabad,Services,Contact,No,New Visitor,No,92,37,7,17,5404
1784,1784,ses1785,usd1785,2025-11-19,Desktop,Safari,MacOS,Organic search,Singapore,Hyderabad,Contact,Products,Yes,New Visitor,Yes,68,44,15,38,5860
1785,1785,ses1786,usd1786,2025-04-10,Mobile,Firefox,Linux,Email marketing,Canada,Sydney,Home,Blog,No,New Visitor,Yes,84,1,7,9,5215
1786,1786,ses1787,usd1787,2025-04-21,Tablet,Firefox,Windows,Referral,Australia,Bangalore,Products,Contact,Yes,Returning Visitor,No,78,30,20,8,8867
1787,1787,ses1788,usd1788,2025-04-22,Desktop,Firefox,iOS,Referral,India,Chennai,Pricing,Contact,Yes,New Visitor,Yes,8,57,10,20,2593
1788,1788,ses1789,usd1789,2025-04-09,Tablet,Firefox,Android,Paid search,Australia,New York,Blog,Products,No,New Visitor,No,2,26,19,22,3303
1789,1789,ses1790,usd1790,2025-01-10,Desktop,Edge,Windows,Paid search,Singapore,London,Home,Products,Yes,New Visitor,No,20,52,7,16,5260
1790,1790,ses1791,usd1791,2025-11-23,Mobile,Chrome,Android,Direct,India,Delhi,About us,Contact,No,New Visitor,Yes,15,10,23,3,4169
1791,1791,ses1792,usd1792,2025-07-30,Mobile,Edge,Windows,Referral,UK,Chennai,Contact,Contact,Yes,New Visitor,Yes,50,57,8,8,6056
1792,1792,ses1793,usd1793,2025-11-06,Desktop,Firefox,iOS,Paid search,Canada,Sydney,Products,Products,No,Returning Visitor,No,87,6,10,40,1570
1793,1793,ses1794,usd1794,2025-12-29,Desktop,Firefox,iOS,Paid search,Singapore,London,Contact,Products,Yes,New Visitor,No,28,54,20,3,846
1794,1794,ses1795,usd1795,2025-03-06,Tablet,Opera,Android,Direct,Germany,Delhi,Pricing,Services,Yes,Returning Visitor,No,64,6,16,48,8362
1795,1795,ses1796,usd1796,2025-08-17,Mobile,Chrome,MacOS,Paid search,Canada,New York,Login,Services,No,Returning Visitor,No,50,15,1,3,5067
1796,1796,ses1797,usd1797,2025-02-09,Tablet,Safari,MacOS,Social media,India,Hyderabad,Login,Home,Yes,Returning Visitor,Yes,15,50,12,40,7991
1797,1797,ses1798,usd1798,2025-10-01,Mobile,Safari,Linux,Organic search,India,Hyderabad,Products,Blog,No,New Visitor,No,78,41,4,39,9229
1798,1798,ses1799,usd1799,2025-12-13,Tablet,Chrome,iOS,Social media,US,New York,About us,Contact,Yes,Returning Visitor,No,23,14,9,41,7779
1799,1799,ses1800,usd1800,2025-08-12,Desktop,Chrome,Linux,Organic search,Singapore,Hyderabad,Blog,Contact,Yes,Returning Visitor,No,51,35,6,28,3882
1800,1800,ses1801,usd1801,2025-01-07,Mobile,Opera,Windows,Paid search,US,Singapore,Login,Pricing,Yes,Returning Visitor,Yes,28,24,18,24,9323
1801,1801,ses1802,usd1802,2025-08-10,Mobile,Opera,Android,Paid search,Australia,Hyderabad,Blog,Home,Yes,Returning Visitor,Yes,8,14,17,39,5035
1802,1802,ses1803,usd1803,2025-03-03,Mobile,Edge,Windows,Email marketing,India,Bangalore,About us,Pricing,No,New Visitor,Yes,81,11,15,9,6331
1803,1803,ses1804,usd1804,2025-04-03,Mobile,Edge,MacOS,Referral,India,London,Contact,Home,No,Returning Visitor,No,36,20,2,21,8926
1804,1804,ses1805,usd1805,2025-07-02,Mobile,Chrome,Windows,Referral,Australia,New York,About us,Blog,Yes,New Visitor,No,3,7,12,36,9178
1805,1805,ses1806,usd1806,2025-03-17,Desktop,Safari,MacOS,Referral,Australia,New York,Contact,Contact,Yes,Returning Visitor,No,34,17,10,45,1982
1806,1806,ses1807,usd1807,2025-03-30,Desktop,Safari,Windows,Social media,India,Delhi,Products,Services,No,Returning Visitor,Yes,50,13,5,18,6363
1807,1807,ses1808,usd1808,2025-05-15,Tablet,Chrome,iOS,Paid search,Singapore,Hyderabad,Products,Pricing,No,New Visitor,No,71,9,8,18,9354
1808,1808,ses1809,usd1809,2025-11-08,Desktop,Chrome,MacOS,Paid search,India,New York,Home,Contact,No,New Visitor,Yes,92,57,18,1,1361
1809,1809,ses1810,usd1810,2025-03-03,Mobile,Safari,Windows,Referral,UK,Singapore,Contact,Contact,Yes,Returning Visitor,No,44,33,13,49,6295
1810,1810,ses1811,usd1811,2025-07-20,Tablet,Chrome,Android,Email marketing,Singapore,Bangalore,Home,Products,Yes,Returning Visitor,No,5,35,17,22,339
1811,1811,ses1812,usd1812,2025-01-17,Mobile,Opera,Android,Email marketing,Australia,Singapore,Login,Products,No,Returning Visitor,No,2,41,23,37,4943
1812,1812,ses1813,usd1813,2025-11-06,Mobile,Edge,Linux,Social media,Germany,Singapore,Login,Products,Yes,New Visitor,No,5,1,15,47,1209
1813,1813,ses1814,usd1814,2025-05-12,Mobile,Safari,MacOS,Referral,Australia,Chennai,Login,Products,No,New Visitor,No,16,11,16,27,4074
1814,1814,ses1815,usd1815,2025-04-03,Mobile,Opera,Android,Direct,India,Sydney,Services,Products,Yes,Returning Visitor,No,85,41,16,15,8794
1815,1815,ses1816,usd1816,2025-05-11,Tablet,Opera,Windows,Social media,Australia,London,Contact,Pricing,No,Returning Visitor,Yes,67,54,15,35,1696
1816,1816,ses1817,usd1817,2025-03-23,Mobile,Edge,Linux,Direct,UK,Sydney,Contact,Home,Yes,Returning Visitor,Yes,94,43,23,46,5384
1817,1817,ses1818,usd1818,2025-09-08,Desktop,Opera,Windows,Social media,Singapore,Singapore,Blog,Products,Yes,New Visitor,No,68,46,15,38,3670
1818,1818,ses1819,usd1819,2025-02-19,Tablet,Edge,MacOS,Referral,Germany,Singapore,Products,Home,No,Returning Visitor,No,21,49,16,28,1947
1819,1819,ses1820,usd1820,2025-10-31,Tablet,Chrome,iOS,Organic search,Canada,Singapore,About us,Products,Yes,Returning Visitor,No,69,29,8,41,9207
1820,1820,ses1821,usd1821,2025-03-31,Mobile,Edge,Windows,Referral,Canada,Bangalore,Blog,Contact,No,Returning Visitor,Yes,53,11,16,48,7016
1821,1821,ses1822,usd1822,2025-08-31,Tablet,Chrome,Linux,Referral,Germany,London,Services,Home,No,New Visitor,No,95,43,11,19,792
1822,1822,ses1823,usd1823,2025-05-31,Desktop,Firefox,Windows,Referral,UK,Hyderabad,Home,Products,No,Returning Visitor,No,57,4,15,12,3410
1823,1823,ses1824,usd1824,2025-03-13,Tablet,Safari,Android,Paid search,UK,New York,Login,Contact,No,New Visitor,No,63,15,20,36,2933
1824,1824,ses1825,usd1825,2025-12-03,Tablet,Edge,Android,Referral,UK,Bangalore,Services,Pricing,Yes,Returning Visitor,No,69,54,18,23,1840
1825,1825,ses1826,usd1826,2025-07-30,Mobile,Firefox,Android,Referral,Singapore,London,About us,Contact,Yes,New Visitor,No,65,59,8,11,714
1826,1826,ses1827,usd1827,2025-11-01,Desktop,Safari,Windows,Direct,Canada,New York,About us,Services,No,Returning Visitor,No,66,57,22,29,7494
1827,1827,ses1828,usd1828,2025-05-22,Mobile,Edge,Windows,Organic search,UK,Chennai,About us,Home,Yes,Returning Visitor,No,50,19,7,10,3393
1828,1828,ses1829,usd1829,2025-12-27,Tablet,Safari,Linux,Social media,India,Singapore,Home,Contact,Yes,New Visitor,No,49,54,19,40,61
1829,1829,ses1830,usd1830,2025-04-23,Mobile,Firefox,MacOS,Paid search,India,Singapore,Login,Contact,Yes,New Visitor,No,46,21,4,34,2901
1830,1830,ses1831,usd1831,2025-12-05,Tablet,Firefox,Android,Organic search,UK,Chennai,Pricing,Services,No,New Visitor,No,43,25,13,35,6653
1831,1831,ses1832,usd1832,2025-02-07,Tablet,Chrome,Android,Social media,Canada,Singapore,Home,Contact,Yes,Returning Visitor,Yes,87,59,10,12,334
1832,1832,ses1833,usd1833,2025-08-31,Desktop,Safari,MacOS,Organic search,US,New York,Home,Blog,No,Returning Visitor,No,56,4,14,49,2776
1833,1833,ses1834,usd1834,2025-10-12,Tablet,Edge,Linux,Referral,Germany,Delhi,Services,Contact,Yes,New Visitor,No,55,4,5,14,7046
1834,1834,ses1835,usd1835,2025-12-15,Tablet,Firefox,iOS,Paid search,Australia,Singapore,Services,Contact,Yes,New Visitor,Yes,62,43,7,11,7723
1835,1835,ses1836,usd1836,2025-08-28,Tablet,Opera,Linux,Email marketing,Singapore,Bangalore,Pricing,Home,No,New Visitor,Yes,18,7,3,9,9697
1836,1836,ses1837,usd1837,2025-03-28,Mobile,Chrome,Windows,Referral,Singapore,Delhi,About us,Contact,No,Returning Visitor,No,79,51,13,27,1617
1837,1837,ses1838,usd1838,2025-08-11,Desktop,Firefox,Linux,Organic search,UK,Chennai,Products,Home,No,Returning Visitor,No,27,51,7,10,9589
1838,1838,ses1839,usd1839,2025-08-31,Mobile,Safari,Android,Direct,UK,Bangalore,Services,Pricing,Yes,New Visitor,Yes,86,8,17,33,608
1839,1839,ses1840,usd1840,2025-11-06,Mobile,Opera,iOS,Direct,UK,London,Services,Contact,No,Returning Visitor,Yes,22,50,11,31,5330
1840,1840,ses1841,usd1841,2025-10-06,Desktop,Firefox,Android,Social media,Germany,Delhi,Products,Contact,Yes,New Visitor,No,81,35,9,31,7759
1841,1841,ses1842,usd1842,2025-04-24,Desktop,Safari,Windows,Organic search,US,Hyderabad,About us,Blog,No,Returning Visitor,Yes,50,46,14,41,5640
1842,1842,ses1843,usd1843,2025-07-08,Mobile,Firefox,Windows,Referral,Singapore,Delhi,Pricing,Products,No,New Visitor,No,2,15,6,16,6738
1843,1843,ses1844,usd1844,2025-03-13,Mobile,Edge,iOS,Organic search,US,Delhi,Blog,Contact,No,New Visitor,Yes,45,28,10,38,6651
1844,1844,ses1845,usd1845,2025-05-10,Desktop,Edge,Linux,Social media,Canada,London,Blog,Home,No,Returning Visitor,No,51,48,2,30,7600
1845,1845,ses1846,usd1846,2025-11-22,Mobile,Safari,Linux,Direct,US,Singapore,Services,Contact,Yes,New Visitor,Yes,95,39,14,23,1027
1846,1846,ses1847,usd1847,2025-03-09,Mobile,Firefox,iOS,Social media,UK,Bangalore,Home,Pricing,Yes,New Visitor,No,48,59,7,33,5010
1847,1847,ses1848,usd1848,2025-06-11,Mobile,Opera,Android,Referral,US,Hyderabad,About us,Products,No,Returning Visitor,Yes,44,8,22,8,5581
1848,1848,ses1849,usd1849,2025-07-01,Mobile,Chrome,Linux,Organic search,Singapore,London,Login,Contact,No,New Visitor,No,82,41,13,15,4412
1849,1849,ses1850,usd1850,2025-08-08,Tablet,Firefox,Linux,Social media,Australia,London,Login,Pricing,Yes,New Visitor,Yes,56,36,23,41,3103
1850,1850,ses1851,usd1851,2025-02-05,Desktop,Firefox,Linux,Referral,Australia,London,Login,Contact,Yes,Returning Visitor,Yes,21,6,15,35,8034
1851,1851,ses1852,usd1852,2025-03-12,Mobile,Opera,Windows,Social media,Singapore,Bangalore,About us,Contact,Yes,New Visitor,No,26,3,11,14,3201
1852,1852,ses1853,usd1853,2025-01-04,Tablet,Chrome,MacOS,Email marketing,Australia,London,Home,Blog,No,New Visitor,Yes,61,31,12,46,6645
1853,1853,ses1854,usd1854,2025-04-05,Desktop,Chrome,MacOS,Organic search,India,Singapore,Services,Contact,No,New Visitor,Yes,36,24,14,24,1854
1854,1854,ses1855,usd1855,2025-01-09,Tablet,Chrome,Android,Social media,India,Hyderabad,About us,Products,Yes,Returning Visitor,No,88,19,22,4,1130
1855,1855,ses1856,usd1856,2025-05-19,Mobile,Safari,MacOS,Organic search,India,Sydney,About us,Contact,Yes,New Visitor,No,63,13,7,30,5082
1856,1856,ses1857,usd1857,2025-10-20,Tablet,Chrome,Linux,Social media,US,Hyderabad,Login,Contact,Yes,New Visitor,No,29,14,2,46,3877
1857,1857,ses1858,usd1858,2025-01-17,Tablet,Edge,Android,Referral,Canada,Singapore,Services,Contact,No,New Visitor,No,5,8,18,34,4328
1858,1858,ses1859,usd1859,2025-02-25,Mobile,Chrome,MacOS,Direct,Germany,Delhi,Blog,Products,Yes,New Visitor,No,77,46,16,40,719
1859,1859,ses1860,usd1860,2025-07-19,Tablet,Chrome,iOS,Email marketing,US,London,Home,Blog,No,Returning Visitor,Yes,37,36,1,22,3595
1860,1860,ses1861,usd1861,2025-12-19,Mobile,Safari,MacOS,Paid search,US,Chennai,Login,Blog,No,Returning Visitor,Yes,69,28,9,2,1901
1861,1861,ses1862,usd1862,2025-12-10,Tablet,Firefox,MacOS,Email marketing,US,Sydney,Login,Blog,No,Returning Visitor,Yes,79,58,5,47,8991
1862,1862,ses1863,usd1863,2025-05-27,Desktop,Chrome,Android,Organic search,Germany,Mumbai,Contact,Contact,No,Returning Visitor,No,14,39,18,45,8258
1863,1863,ses1864,usd1864,2025-06-02,Mobile,Chrome,MacOS,Paid search,US,Mumbai,Blog,Contact,No,Returning Visitor,No,65,32,15,39,8884
1864,1864,ses1865,usd1865,2025-11-04,Desktop,Edge,Windows,Referral,India,Chennai,Products,Home,No,New Visitor,No,23,56,3,43,833
1865,1865,ses1866,usd1866,2025-06-04,Tablet,Chrome,Android,Social media,Singapore,Bangalore,Contact,Contact,Yes,Returning Visitor,No,10,56,11,47,649
1866,1866,ses1867,usd1867,2025-06-09,Tablet,Firefox,Linux,Organic search,Australia,Delhi,Blog,Products,Yes,Returning Visitor,No,94,47,2,49,3674
1867,1867,ses1868,usd1868,2025-07-11,Mobile,Chrome,Linux,Organic search,Singapore,London,About us,Contact,No,New Visitor,Yes,28,34,21,35,4521
1868,1868,ses1869,usd1869,2025-03-10,Tablet,Edge,MacOS,Direct,Canada,Bangalore,Services,Services,Yes,Returning Visitor,Yes,72,36,14,39,5234
1869,1869,ses1870,usd1870,2025-04-15,Tablet,Edge,Linux,Referral,India,London,Blog,Contact,Yes,New Visitor,No,76,32,6,41,9058
1870,1870,ses1871,usd1871,2025-02-01,Desktop,Chrome,iOS,Organic search,Singapore,Singapore,Login,Services,Yes,Returning Visitor,No,34,4,20,13,2126
1871,1871,ses1872,usd1872,2025-03-22,Mobile,Chrome,Linux,Organic search,UK,New York,Pricing,Pricing,No,New Visitor,Yes,4,21,10,45,8466
1872,1872,ses1873,usd1873,2025-11-14,Desktop,Opera,Windows,Paid search,US,Mumbai,About us,Home,No,Returning Visitor,Yes,19,21,8,21,8364
1873,1873,ses1874,usd1874,2025-04-28,Desktop,Chrome,Windows,Direct,Germany,Mumbai,Blog,Products,No,New Visitor,No,73,53,17,5,7225
1874,1874,ses1875,usd1875,2025-07-24,Desktop,Safari,Linux,Referral,Canada,Singapore,Home,Contact,Yes,Returning Visitor,Yes,22,34,2,29,8924
1875,1875,ses1876,usd1876,2025-05-31,Desktop,Safari,Linux,Direct,Australia,Singapore,Products,Pricing,Yes,New Visitor,Yes,45,44,24,2,2751
1876,1876,ses1877,usd1877,2025-05-29,Mobile,Edge,Android,Direct,Singapore,Sydney,Contact,Home,Yes,Returning Visitor,No,20,29,3,45,6909
1877,1877,ses1878,usd1878,2025-01-01,Tablet,Safari,Linux,Social media,Australia,New York,About us,Products,Yes,New Visitor,Yes,60,18,2,27,9344
1878,1878,ses1879,usd1879,2025-10-17,Tablet,Safari,Windows,Organic search,Singapore,Mumbai,Contact,Home,Yes,Returning Visitor,No,44,58,12,33,7319
1879,1879,ses1880,usd1880,2025-02-22,Mobile,Firefox,MacOS,Organic search,Australia,Mumbai,Products,Home,No,Returning Visitor,No,11,5,9,18,8742
1880,1880,ses1881,usd1881,2025-11-18,Desktop,Edge,Windows,Organic search,Germany,New York,Pricing,Pricing,No,New Visitor,No,50,20,19,22,5660
1881,1881,ses1882,usd1882,2025-01-30,Desktop,Opera,Linux,Social media,Singapore,Mumbai,Login,Contact,No,New Visitor,No,1,6,1,32,500
1882,1882,ses1883,usd1883,2025-05-29,Mobile,Firefox,Linux,Direct,US,Mumbai,Home,Products,Yes,New Visitor,No,22,38,6,7,509
1883,1883,ses1884,usd1884,2025-05-01,Desktop,Opera,Linux,Paid search,Singapore,Delhi,Pricing,Products,Yes,New Visitor,Yes,41,23,13,6,2904
1884,1884,ses1885,usd1885,2025-11-28,Desktop,Firefox,Android,Organic search,US,New York,Contact,Blog,Yes,New Visitor,No,18,56,20,30,8308
1885,1885,ses1886,usd1886,2025-01-01,Tablet,Chrome,Android,Email marketing,Germany,Hyderabad,Pricing,Home,No,Returning Visitor,No,2,17,17,44,5756
1886,1886,ses1887,usd1887,2025-07-09,Tablet,Safari,Android,Referral,India,Sydney,Login,Contact,No,Returning Visitor,No,43,7,15,44,5121
1887,1887,ses1888,usd1888,2025-06-22,Tablet,Chrome,MacOS,Email marketing,Canada,London,Services,Contact,No,Returning Visitor,No,93,32,7,43,9601
1888,1888,ses1889,usd1889,2025-07-19,Tablet,Opera,Windows,Referral,UK,Delhi,Services,Home,Yes,Returning Visitor,Yes,85,30,1,26,7460
1889,1889,ses1890,usd1890,2025-07-10,Tablet,Edge,MacOS,Organic search,Australia,Delhi,Contact,Services,No,New Visitor,No,68,31,5,25,4108
1890,1890,ses1891,usd1891,2025-10-01,Desktop,Chrome,Linux,Email marketing,UK,Delhi,About us,Contact,No,New Visitor,Yes,91,18,21,29,6600
1891,1891,ses1892,usd1892,2025-07-21,Mobile,Chrome,Linux,Paid search,Germany,Sydney,Pricing,Pricing,Yes,New Visitor,Yes,31,12,3,20,133
1892,1892,ses1893,usd1893,2025-08-30,Desktop,Firefox,iOS,Direct,India,Singapore,Blog,Blog,Yes,Returning Visitor,Yes,15,39,23,6,8367
1893,1893,ses1894,usd1894,2025-08-24,Tablet,Safari,iOS,Email marketing,Singapore,Hyderabad,Products,Home,No,Returning Visitor,No,32,41,15,2,6452
1894,1894,ses1895,usd1895,2025-04-06,Mobile,Edge,iOS,Paid search,Canada,New York,Services,Blog,Yes,New Visitor,Yes,23,43,6,41,2249
1895,1895,ses1896,usd1896,2025-12-31,Tablet,Firefox,MacOS,Organic search,US,London,Pricing,Products,Yes,Returning Visitor,No,25,6,24,24,3367
1896,1896,ses1897,usd1897,2025-11-18,Desktop,Opera,Windows,Social media,Canada,Hyderabad,Login,Contact,No,New Visitor,Yes,56,47,4,5,9728
1897,1897,ses1898,usd1898,2025-11-02,Tablet,Opera,iOS,Social media,Canada,London,Services,Blog,No,Returning Visitor,No,59,58,11,16,9482
1898,1898,ses1899,usd1899,2025-03-30,Desktop,Firefox,Windows,Referral,Germany,Delhi,Products,Contact,Yes,Returning Visitor,Yes,66,44,19,13,596
1899,1899,ses1900,usd1900,2025-11-02,Mobile,Opera,Android,Direct,India,Bangalore,Home,Contact,No,New Visitor,No,18,7,4,8,4170
1900,1900,ses1901,usd1901,2025-07-29,Tablet,Chrome,Android,Direct,UK,Sydney,Login,Pricing,Yes,New Visitor,No,85,33,22,10,6391
1901,1901,ses1902,usd1902,2025-05-09,Tablet,Firefox,Android,Referral,UK,Hyderabad,Blog,Pricing,Yes,Returning Visitor,No,36,43,18,33,2986
1902,1902,ses1903,usd1903,2025-09-08,Tablet,Chrome,Android,Paid search,US,New York,Products,Products,No,New Visitor,Yes,42,39,19,47,2279
1903,1903,ses1904,usd1904,2025-06-02,Desktop,Safari,iOS,Referral,Singapore,London,Products,Services,No,Returning Visitor,Yes,78,59,19,34,1437
1904,1904,ses1905,usd1905,2025-09-27,Tablet,Chrome,iOS,Organic search,US,Sydney,About us,Home,Yes,Returning Visitor,Yes,4,21,11,45,6526
1905,1905,ses1906,usd1906,2025-01-29,Desktop,Edge,Linux,Social media,UK,London,Contact,Contact,No,New Visitor,Yes,53,36,15,18,6728
1906,1906,ses1907,usd1907,2025-07-08,Tablet,Safari,iOS,Referral,Australia,Mumbai,Home,Home,No,New Visitor,No,3,25,23,26,2541
1907,1907,ses1908,usd1908,2025-01-18,Mobile,Chrome,iOS,Email marketing,India,Hyderabad,Blog,Pricing,Yes,New Visitor,No,89,30,21,40,3635
1908,1908,ses1909,usd1909,2025-08-30,Desktop,Opera,MacOS,Referral,US,Hyderabad,Services,Contact,Yes,Returning Visitor,Yes,74,25,7,1,9247
1909,1909,ses1910,usd1910,2025-11-27,Tablet,Safari,Android,Social media,Canada,Bangalore,Home,Pricing,No,Returning Visitor,Yes,54,6,13,4,4279
1910,1910,ses1911,usd1911,2025-04-14,Mobile,Edge,iOS,Organic search,UK,Bangalore,Pricing,Pricing,No,New Visitor,No,86,47,9,45,3832
1911,1911,ses1912,usd1912,2025-07-02,Mobile,Edge,Windows,Referral,UK,Delhi,Services,Contact,Yes,New Visitor,Yes,62,41,11,49,4783
1912,1912,ses1913,usd1913,2025-06-03,Tablet,Edge,iOS,Referral,Singapore,Mumbai,Services,Contact,Yes,New Visitor,Yes,47,52,13,41,3136
1913,1913,ses1914,usd1914,2025-03-24,Mobile,Firefox,MacOS,Paid search,Australia,Chennai,Pricing,Products,Yes,New Visitor,No,13,53,5,31,9991
1914,1914,ses1915,usd1915,2025-12-11,Mobile,Firefox,iOS,Social media,UK,New York,About us,Pricing,Yes,New Visitor,No,60,8,15,49,8572
1915,1915,ses1916,usd1916,2025-05-31,Tablet,Opera,Android,Referral,Singapore,Mumbai,Blog,Services,Yes,Returning Visitor,No,4,40,8,38,4973
1916,1916,ses1917,usd1917,2025-10-30,Desktop,Firefox,Android,Organic search,Germany,Hyderabad,About us,Home,Yes,Returning Visitor,Yes,55,9,16,42,4817
1917,1917,ses1918,usd1918,2025-08-18,Mobile,Edge,MacOS,Paid search,Canada,Bangalore,Services,Products,No,New Visitor,No,58,38,19,19,3007
1918,1918,ses1919,usd1919,2025-01-10,Mobile,Firefox,MacOS,Direct,India,London,Blog,Products,No,New Visitor,Yes,38,58,20,14,426
1919,1919,ses1920,usd1920,2025-08-26,Desktop,Opera,Android,Organic search,Singapore,New York,Login,Contact,Yes,New Visitor,No,59,51,4,28,1095
1920,1920,ses1921,usd1921,2025-05-27,Desktop,Edge,Linux,Organic search,Canada,Bangalore,Contact,Pricing,Yes,Returning Visitor,Yes,28,30,24,29,9092
1921,1921,ses1922,usd1922,2025-12-14,Tablet,Edge,Linux,Referral,Singapore,Hyderabad,Blog,Services,No,New Visitor,Yes,34,49,15,28,8222
1922,1922,ses1923,usd1923,2025-08-09,Desktop,Opera,Android,Organic search,India,Hyderabad,About us,Services,Yes,New Visitor,Yes,98,46,8,47,200
1923,1923,ses1924,usd1924,2025-05-30,Mobile,Chrome,Android,Organic search,India,New York,Login,Contact,Yes,New Visitor,Yes,68,46,15,26,9058
1924,1924,ses1925,usd1925,2025-12-27,Mobile,Safari,iOS,Direct,India,Delhi,Contact,Contact,Yes,New Visitor,Yes,6,32,6,25,6212
1925,1925,ses1926,usd1926,2025-09-04,Desktop,Chrome,Linux,Social media,US,Mumbai,Blog,Home,No,Returning Visitor,No,92,8,21,10,4733
1926,1926,ses1927,usd1927,2025-02-01,Mobile,Chrome,iOS,Organic search,UK,Chennai,Login,Contact,Yes,New Visitor,No,87,7,17,12,8109
1927,1927,ses1928,usd1928,2025-11-08,Desktop,Firefox,Linux,Referral,Canada,Mumbai,Home,Contact,Yes,Returning Visitor,Yes,97,1,13,16,195
1928,1928,ses1929,usd1929,2025-02-09,Desktop,Chrome,Windows,Organic search,Singapore,New York,About us,Blog,No,New Visitor,No,99,7,14,4,388
1929,1929,ses1930,usd1930,2025-05-17,Tablet,Chrome,MacOS,Referral,India,New York,About us,Services,Yes,Returning Visitor,No,90,52,22,14,999
1930,1930,ses1931,usd1931,2025-03-25,Mobile,Edge,Linux,Paid search,Australia,Mumbai,Login,Contact,No,Returning Visitor,Yes,15,22,18,45,132
1931,1931,ses1932,usd1932,2025-06-06,Mobile,Safari,iOS,Referral,Australia,Mumbai,About us,Contact,Yes,New Visitor,Yes,52,44,3,25,4204
1932,1932,ses1933,usd1933,2025-12-19,Tablet,Safari,Android,Social media,Canada,Singapore,Pricing,Home,Yes,New Visitor,Yes,53,4,13,39,1363
1933,1933,ses1934,usd1934,2025-02-18,Mobile,Opera,iOS,Email marketing,Canada,Delhi,Pricing,Contact,Yes,New Visitor,Yes,79,43,15,33,3118
1934,1934,ses1935,usd1935,2025-10-12,Mobile,Safari,MacOS,Social media,Australia,Chennai,Contact,Blog,Yes,New Visitor,No,6,36,2,15,5033
1935,1935,ses1936,usd1936,2025-08-26,Mobile,Chrome,Windows,Referral,Canada,London,Products,Services,No,New Visitor,Yes,55,18,13,17,3905
1936,1936,ses1937,usd1937,2025-06-01,Desktop,Edge,iOS,Direct,US,Mumbai,Login,Pricing,Yes,Returning Visitor,No,71,22,9,26,3030
1937,1937,ses1938,usd1938,2025-05-09,Tablet,Firefox,MacOS,Paid search,Canada,Sydney,About us,Services,Yes,Returning Visitor,No,7,24,15,40,4807
1938,1938,ses1939,usd1939,2025-03-07,Desktop,Firefox,MacOS,Social media,Singapore,Bangalore,Products,Contact,No,New Visitor,Yes,67,28,1,13,9263
1939,1939,ses1940,usd1940,2025-12-22,Tablet,Safari,MacOS,Direct,India,Hyderabad,Home,Products,Yes,New Visitor,No,6,1,2,6,939
1940,1940,ses1941,usd1941,2025-04-30,Desktop,Opera,Windows,Social media,Germany,New York,Products,Services,No,Returning Visitor,Yes,69,59,3,35,7036
1941,1941,ses1942,usd1942,2025-07-29,Desktop,Safari,Linux,Social media,India,Singapore,Login,Home,No,Returning Visitor,Yes,17,49,21,19,8065
1942,1942,ses1943,usd1943,2025-11-04,Tablet,Edge,iOS,Direct,UK,New York,Home,Contact,No,New Visitor,Yes,49,28,5,42,6748
1943,1943,ses1944,usd1944,2025-04-08,Desktop,Firefox,Linux,Referral,India,New York,Login,Home,No,New Visitor,No,15,52,11,41,3638
1944,1944,ses1945,usd1945,2025-01-22,Mobile,Firefox,Linux,Referral,India,Hyderabad,Blog,Services,Yes,New Visitor,Yes,17,48,13,12,9892
1945,1945,ses1946,usd1946,2025-01-17,Desktop,Chrome,Linux,Paid search,Germany,Chennai,Blog,Home,Yes,New Visitor,Yes,54,26,1,13,5564
1946,1946,ses1947,usd1947,2025-04-15,Desktop,Opera,MacOS,Paid search,US,London,Services,Contact,No,Returning Visitor,Yes,85,3,10,19,2664
1947,1947,ses1948,usd1948,2025-02-03,Tablet,Firefox,Windows,Paid search,UK,London,Home,Home,Yes,Returning Visitor,Yes,19,41,2,33,445
1948,1948,ses1949,usd1949,2025-10-15,Tablet,Edge,Android,Paid search,UK,Mumbai,Contact,Contact,No,Returning Visitor,Yes,11,33,1,22,4967
1949,1949,ses1950,usd1950,2025-11-30,Mobile,Chrome,Windows,Social media,Canada,Hyderabad,Services,Products,No,New Visitor,No,97,29,5,15,2272
1950,1950,ses1951,usd1951,2025-08-13,Desktop,Opera,MacOS,Direct,India,Sydney,Products,Products,No,Returning Visitor,No,26,1,18,20,3715
1951,1951,ses1952,usd1952,2025-04-15,Desktop,Safari,Android,Organic search,Germany,Chennai,Home,Home,No,Returning Visitor,No,64,27,13,41,6770
1952,1952,ses1953,usd1953,2025-12-28,Tablet,Opera,Windows,Email marketing,US,Hyderabad,Pricing,Products,Yes,New Visitor,No,53,36,3,30,5722
1953,1953,ses1954,usd1954,2025-01-17,Desktop,Firefox,Linux,Email marketing,India,Bangalore,Products,Pricing,Yes,New Visitor,Yes,25,39,9,1,5885
1954,1954,ses1955,usd1955,2025-07-01,Mobile,Safari,MacOS,Referral,Canada,Delhi,Pricing,Contact,No,New Visitor,Yes,21,9,14,39,5671
1955,1955,ses1956,usd1956,2025-06-23,Tablet,Edge,iOS,Email marketing,US,Hyderabad,Home,Contact,No,Returning Visitor,No,63,57,24,26,3578
1956,1956,ses1957,usd1957,2025-04-04,Mobile,Firefox,iOS,Organic search,Australia,Hyderabad,Pricing,Contact,Yes,New Visitor,Yes,27,33,7,16,3725
1957,1957,ses1958,usd1958,2025-07-12,Tablet,Firefox,Linux,Social media,India,Mumbai,Contact,Contact,Yes,Returning Visitor,Yes,18,9,9,18,4689
1958,1958,ses1959,usd1959,2025-04-05,Desktop,Opera,Linux,Social media,US,Chennai,Pricing,Home,Yes,New Visitor,Yes,69,54,20,34,5390
1959,1959,ses1960,usd1960,2025-02-07,Mobile,Firefox,Android,Organic search,Canada,Mumbai,About us,Services,Yes,New Visitor,No,48,25,15,19,4131
1960,1960,ses1961,usd1961,2025-10-16,Tablet,Chrome,Linux,Organic search,Singapore,Delhi,Pricing,Pricing,Yes,Returning Visitor,No,41,45,9,11,2569
1961,1961,ses1962,usd1962,2025-12-14,Tablet,Edge,iOS,Paid search,UK,Delhi,Login,Services,No,Returning Visitor,No,78,7,10,7,9282
1962,1962,ses1963,usd1963,2025-02-03,Desktop,Safari,MacOS,Organic search,US,Bangalore,Blog,Services,No,New Visitor,No,1,25,4,35,7832
1963,1963,ses1964,usd1964,2025-03-02,Mobile,Opera,Android,Paid search,Canada,Sydney,Blog,Services,Yes,Returning Visitor,No,46,59,3,13,8963
1964,1964,ses1965,usd1965,2025-12-08,Tablet,Chrome,MacOS,Organic search,US,London,Contact,Pricing,Yes,Returning Visitor,No,87,39,3,34,9482
1965,1965,ses1966,usd1966,2025-10-19,Desktop,Firefox,Linux,Social media,UK,Bangalore,Login,Home,No,New Visitor,Yes,50,26,22,45,4655
1966,1966,ses1967,usd1967,2025-10-16,Mobile,Edge,Android,Direct,Singapore,Mumbai,Blog,Products,Yes,Returning Visitor,Yes,11,38,10,43,5076
1967,1967,ses1968,usd1968,2025-06-19,Mobile,Firefox,iOS,Direct,Australia,Hyderabad,Blog,Contact,No,Returning Visitor,No,65,40,19,30,82
1968,1968,ses1969,usd1969,2025-05-07,Tablet,Safari,Windows,Referral,Australia,New York,About us,Pricing,No,New Visitor,Yes,39,2,18,9,9868
1969,1969,ses1970,usd1970,2025-11-17,Desktop,Opera,MacOS,Paid search,UK,Sydney,Home,Services,No,Returning Visitor,No,2,44,13,32,5757
1970,1970,ses1971,usd1971,2025-01-23,Tablet,Firefox,Android,Referral,US,New York,Services,Contact,Yes,New Visitor,Yes,83,9,2,20,5545
1971,1971,ses1972,usd1972,2025-10-12,Desktop,Opera,MacOS,Referral,India,Hyderabad,Products,Contact,No,Returning Visitor,Yes,88,41,7,1,4991
1972,1972,ses1973,usd1973,2025-07-06,Mobile,Firefox,Linux,Referral,Australia,Chennai,Home,Products,No,Returning Visitor,Yes,35,4,23,39,8692
1973,1973,ses1974,usd1974,2025-03-14,Desktop,Edge,Android,Organic search,Australia,Singapore,Blog,Home,No,Returning Visitor,Yes,17,38,11,36,8300
1974,1974,ses1975,usd1975,2025-12-16,Mobile,Safari,Windows,Referral,Canada,Delhi,Services,Products,No,Returning Visitor,No,17,23,12,30,7044
1975,1975,ses1976,usd1976,2025-05-14,Desktop,Edge,Android,Social media,India,Mumbai,Login,Products,Yes,Returning Visitor,Yes,1,4,3,29,5753
1976,1976,ses1977,usd1977,2025-04-22,Tablet,Safari,Android,Paid search,Germany,Bangalore,Blog,Products,Yes,New Visitor,Yes,71,57,7,42,861
1977,1977,ses1978,usd1978,2025-10-27,Tablet,Chrome,Android,Direct,India,London,About us,Services,No,New Visitor,No,53,41,21,30,3950
1978,1978,ses1979,usd1979,2025-03-29,Desktop,Chrome,iOS,Organic search,UK,Bangalore,Blog,Pricing,Yes,Returning Visitor,Yes,92,21,12,8,1846
1979,1979,ses1980,usd1980,2025-01-09,Tablet,Edge,Android,Direct,Germany,Singapore,Blog,Products,No,Returning Visitor,Yes,80,44,17,4,4068
1980,1980,ses1981,usd1981,2025-04-17,Mobile,Opera,MacOS,Referral,US,Delhi,Login,Home,Yes,Returning Visitor,Yes,46,8,2,47,5639
1981,1981,ses1982,usd1982,2025-12-27,Tablet,Chrome,Windows,Organic search,Canada,Bangalore,About us,Blog,Yes,New Visitor,Yes,29,6,12,5,7181
1982,1982,ses1983,usd1983,2025-07-07,Tablet,Safari,Linux,Organic search,Germany,Chennai,Pricing,Home,No,New Visitor,Yes,36,43,17,25,299
1983,1983,ses1984,usd1984,2025-07-22,Desktop,Opera,Android,Paid search,Singapore,Sydney,Login,Home,No,Returning Visitor,No,76,2,19,11,9291
1984,1984,ses1985,usd1985,2025-03-13,Desktop,Edge,Windows,Email marketing,Singapore,Sydney,About us,Contact,Yes,New Visitor,No,89,58,9,31,3966
1985,1985,ses1986,usd1986,2025-09-11,Desktop,Opera,MacOS,Paid search,Singapore,Chennai,Pricing,Pricing,No,Returning Visitor,Yes,93,52,12,7,6462
1986,1986,ses1987,usd1987,2025-08-04,Mobile,Edge,Windows,Referral,Germany,New York,Home,Services,Yes,New Visitor,Yes,26,7,14,39,4692
1987,1987,ses1988,usd1988,2025-07-25,Mobile,Opera,MacOS,Email marketing,Canada,Singapore,Pricing,Home,No,New Visitor,No,34,13,3,5,7145
1988,1988,ses1989,usd1989,2025-06-22,Mobile,Firefox,iOS,Referral,Canada,Bangalore,Products,Contact,No,New Visitor,No,6,4,21,6,3582
1989,1989,ses1990,usd1990,2025-11-12,Tablet,Safari,Linux,Direct,US,Mumbai,Products,Contact,Yes,New Visitor,Yes,35,40,18,34,3619
1990,1990,ses1991,usd1991,2025-05-29,Desktop,Opera,MacOS,Email marketing,Canada,Bangalore,Pricing,Home,Yes,New Visitor,Yes,8,24,4,18,1295
1991,1991,ses1992,usd1992,2025-05-15,Tablet,Opera,Linux,Referral,Singapore,Sydney,Products,Contact,Yes,New Visitor,No,72,18,8,31,3887
1992,1992,ses1993,usd1993,2025-08-09,Mobile,Opera,MacOS,Referral,Australia,Hyderabad,Blog,Blog,No,New Visitor,Yes,80,55,19,2,1670
1993,1993,ses1994,usd1994,2025-03-07,Desktop,Opera,MacOS,Social media,US,Mumbai,Pricing,Pricing,Yes,New Visitor,Yes,67,15,5,35,1598
1994,1994,ses1995,usd1995,2025-02-05,Desktop,Chrome,Linux,Referral,Singapore,Mumbai,Login,Home,No,Returning Visitor,Yes,84,53,20,9,585
1995,1995,ses1996,usd1996,2025-09-09,Tablet,Chrome,iOS,Social media,Germany,Mumbai,Pricing,Contact,Yes,Returning Visitor,No,70,21,15,31,1626
1996,1996,ses1997,usd1997,2025-05-20,Mobile,Edge,Android,Direct,Germany,Chennai,Services,Contact,Yes,Returning Visitor,Yes,74,29,16,27,1038
1997,1997,ses1998,usd1998,2025-05-18,Desktop,Safari,iOS,Paid search,Germany,New York,Pricing,Services,Yes,New Visitor,Yes,28,17,9,8,3018
1998,1998,ses1999,usd1999,2025-06-28,Tablet,Edge,Linux,Organic search,UK,Hyderabad,Login,Products,Yes,New Visitor,No,70,20,10,12,2220
1999,1999,ses2000,usd2000,2025-06-16,Tablet,Safari,MacOS,Paid search,Australia,Sydney,Home,Contact,No,New Visitor,Yes,87,40,24,30,8197
2000,2000,ses2001,usd2001,2025-01-12,Tablet,Safari,Windows,Paid search,Australia,New York,Login,Contact,Yes,Returning Visitor,Yes,73,27,11,41,3902
2001,2001,ses2002,usd2002,2025-04-21,Desktop,Opera,MacOS,Email marketing,Australia,New York,Products,Services,Yes,New Visitor,No,38,27,15,41,7236
2002,2002,ses2003,usd2003,2025-11-19,Tablet,Chrome,Windows,Direct,Germany,Bangalore,Products,Blog,Yes,Returning Visitor,No,39,54,3,20,5946
2003,2003,ses2004,usd2004,2025-12-23,Desktop,Opera,Windows,Organic search,Australia,New York,Products,Pricing,No,Returning Visitor,No,37,9,19,42,6510
2004,2004,ses2005,usd2005,2025-05-09,Mobile,Firefox,Android,Email marketing,Canada,Singapore,Pricing,Contact,Yes,Returning Visitor,No,65,10,18,20,184
2005,2005,ses2006,usd2006,2025-08-31,Mobile,Safari,Windows,Organic search,Canada,Mumbai,About us,Contact,Yes,Returning Visitor,No,18,7,16,19,7249
2006,2006,ses2007,usd2007,2025-06-09,Tablet,Chrome,Windows,Email marketing,Singapore,Mumbai,Home,Blog,No,Returning Visitor,No,44,14,7,21,9833
2007,2007,ses2008,usd2008,2025-11-14,Tablet,Opera,Android,Direct,India,London,Services,Pricing,Yes,New Visitor,Yes,65,35,3,28,4859
2008,2008,ses2009,usd2009,2025-03-20,Tablet,Firefox,Android,Paid search,US,Singapore,About us,Home,Yes,New Visitor,No,20,23,2,38,6918
2009,2009,ses2010,usd2010,2025-06-18,Desktop,Opera,Android,Referral,Australia,Chennai,Home,Home,Yes,Returning Visitor,No,93,50,24,17,2052
2010,2010,ses2011,usd2011,2025-11-26,Mobile,Firefox,Android,Referral,UK,Singapore,About us,Services,No,New Visitor,No,25,10,15,26,2237
2011,2011,ses2012,usd2012,2025-11-22,Mobile,Chrome,MacOS,Social media,Singapore,Chennai,Home,Services,Yes,Returning Visitor,No,57,32,20,23,8854
2012,2012,ses2013,usd2013,2025-08-09,Desktop,Firefox,Linux,Direct,US,Mumbai,Products,Products,No,New Visitor,Yes,76,18,9,5,5
2013,2013,ses2014,usd2014,2025-10-22,Tablet,Firefox,Windows,Direct,India,Hyderabad,About us,Pricing,No,New Visitor,Yes,98,36,7,12,2694
2014,2014,ses2015,usd2015,2025-05-02,Desktop,Chrome,Windows,Email marketing,US,Singapore,Login,Contact,Yes,New Visitor,No,43,38,11,47,2805
2015,2015,ses2016,usd2016,2025-07-04,Mobile,Chrome,iOS,Organic search,US,Delhi,Contact,Home,No,Returning Visitor,No,12,15,18,20,8151
2016,2016,ses2017,usd2017,2025-01-19,Tablet,Firefox,Windows,Referral,India,New York,Login,Blog,No,New Visitor,Yes,76,36,23,26,8019
2017,2017,ses2018,usd2018,2025-03-28,Desktop,Opera,iOS,Referral,Australia,Chennai,Products,Blog,No,Returning Visitor,Yes,5,5,7,20,2481
2018,2018,ses2019,usd2019,2025-11-26,Mobile,Chrome,Windows,Organic search,UK,London,Pricing,Home,Yes,Returning Visitor,No,48,9,6,45,4632
2019,2019,ses2020,usd2020,2025-02-22,Tablet,Safari,Android,Social media,Germany,Delhi,Home,Services,No,New Visitor,No,92,38,9,9,5363
2020,2020,ses2021,usd2021,2025-11-05,Tablet,Safari,Linux,Direct,US,New York,Services,Products,No,New Visitor,Yes,18,7,2,14,2932
2021,2021,ses2022,usd2022,2025-02-03,Desktop,Opera,Linux,Direct,Australia,Singapore,Contact,Products,Yes,Returning Visitor,No,23,6,22,5,4265
2022,2022,ses2023,usd2023,2025-12-23,Mobile,Firefox,MacOS,Organic search,India,Mumbai,Pricing,Pricing,No,Returning Visitor,No,36,41,16,24,6871
2023,2023,ses2024,usd2024,2025-10-31,Mobile,Chrome,Android,Email marketing,Australia,Delhi,Blog,Pricing,No,New Visitor,No,99,9,2,34,2400
2024,2024,ses2025,usd2025,2025-02-14,Mobile,Opera,Android,Organic search,UK,London,Pricing,Pricing,No,New Visitor,Yes,59,10,24,31,7885
2025,2025,ses2026,usd2026,2025-10-20,Desktop,Safari,iOS,Email marketing,US,London,About us,Pricing,No,New Visitor,No,45,15,19,23,8720
2026,2026,ses2027,usd2027,2025-11-07,Tablet,Firefox,Linux,Direct,Singapore,London,About us,Contact,Yes,New Visitor,No,93,28,17,40,150
2027,2027,ses2028,usd2028,2025-12-31,Mobile,Safari,MacOS,Referral,Singapore,Singapore,About us,Pricing,No,Returning Visitor,No,99,58,9,35,9058
2028,2028,ses2029,usd2029,2025-08-09,Tablet,Opera,Windows,Direct,Germany,Mumbai,Products,Blog,Yes,Returning Visitor,No,13,46,6,35,2949
2029,2029,ses2030,usd2030,2025-04-27,Tablet,Firefox,Linux,Paid search,Singapore,Sydney,Home,Home,No,Returning Visitor,Yes,30,14,1,11,7300
2030,2030,ses2031,usd2031,2025-11-23,Mobile,Firefox,Windows,Referral,US,New York,Products,Home,No,Returning Visitor,No,78,45,20,21,4688
2031,2031,ses2032,usd2032,2025-05-26,Tablet,Chrome,iOS,Social media,Canada,Chennai,Blog,Home,Yes,New Visitor,Yes,8,3,24,11,1942
2032,2032,ses2033,usd2033,2025-05-21,Tablet,Chrome,Linux,Paid search,Canada,Delhi,Products,Blog,Yes,Returning Visitor,Yes,3,39,11,46,3332
2033,2033,ses2034,usd2034,2025-03-16,Tablet,Chrome,iOS,Social media,Singapore,Chennai,Blog,Products,Yes,New Visitor,Yes,43,45,17,32,1501
2034,2034,ses2035,usd2035,2025-05-20,Desktop,Firefox,Linux,Referral,India,Mumbai,Home,Contact,No,Returning Visitor,Yes,8,55,10,20,7556
2035,2035,ses2036,usd2036,2025-12-24,Tablet,Chrome,Android,Referral,Canada,New York,Products,Blog,Yes,Returning Visitor,No,83,55,21,4,1085
2036,2036,ses2037,usd2037,2025-10-16,Mobile,Safari,MacOS,Direct,Australia,London,Contact,Pricing,No,Returning Visitor,No,38,44,2,47,943
2037,2037,ses2038,usd2038,2025-11-19,Desktop,Opera,Windows,Email marketing,UK,Sydney,Home,Home,No,Returning Visitor,Yes,87,15,17,11,8435
2038,2038,ses2039,usd2039,2025-06-30,Mobile,Edge,Windows,Referral,US,Chennai,Blog,Services,No,Returning Visitor,Yes,48,40,8,23,40
2039,2039,ses2040,usd2040,2025-05-18,Desktop,Safari,Windows,Referral,India,New York,Products,Products,Yes,New Visitor,Yes,52,48,11,27,4764
2040,2040,ses2041,usd2041,2025-11-10,Desktop,Safari,Android,Direct,Singapore,Hyderabad,Login,Home,Yes,Returning Visitor,No,77,41,15,5,2846
2041,2041,ses2042,usd2042,2025-07-07,Tablet,Firefox,iOS,Direct,Singapore,Hyderabad,Pricing,Home,Yes,New Visitor,No,98,12,16,12,7407
2042,2042,ses2043,usd2043,2025-12-07,Mobile,Chrome,Linux,Organic search,India,New York,Pricing,Contact,Yes,Returning Visitor,Yes,43,34,22,3,4991
2043,2043,ses2044,usd2044,2025-11-21,Tablet,Safari,Linux,Social media,UK,Delhi,Login,Contact,Yes,Returning Visitor,No,70,52,2,25,7353
2044,2044,ses2045,usd2045,2025-01-29,Desktop,Safari,MacOS,Social media,India,Singapore,Products,Pricing,No,New Visitor,Yes,31,10,2,23,4377
2045,2045,ses2046,usd2046,2025-04-05,Desktop,Firefox,Windows,Direct,US,Mumbai,Blog,Home,Yes,Returning Visitor,No,90,27,17,9,8003
2046,2046,ses2047,usd2047,2025-01-08,Desktop,Firefox,MacOS,Referral,Germany,Sydney,Login,Contact,Yes,New Visitor,Yes,44,1,5,21,5022
2047,2047,ses2048,usd2048,2025-02-12,Mobile,Edge,Linux,Paid search,Canada,Chennai,Blog,Services,Yes,New Visitor,Yes,11,3,22,30,5315
2048,2048,ses2049,usd2049,2025-06-30,Tablet,Edge,Windows,Social media,US,New York,Services,Contact,Yes,Returning Visitor,No,43,51,15,36,6364
2049,2049,ses2050,usd2050,2025-09-11,Tablet,Firefox,Windows,Referral,Canada,Bangalore,About us,Products,Yes,New Visitor,Yes,93,33,12,44,4666
2050,2050,ses2051,usd2051,2025-03-29,Mobile,Edge,Linux,Direct,US,Chennai,Contact,Contact,Yes,Returning Visitor,No,4,37,8,28,5682
2051,2051,ses2052,usd2052,2025-12-01,Tablet,Edge,iOS,Referral,Germany,Bangalore,Home,Contact,No,Returning Visitor,Yes,64,7,12,41,2805
2052,2052,ses2053,usd2053,2025-06-27,Mobile,Chrome,iOS,Email marketing,US,Chennai,Home,Services,Yes,New Visitor,No,13,6,16,2,2367
2053,2053,ses2054,usd2054,2025-11-11,Tablet,Edge,iOS,Email marketing,UK,Hyderabad,Home,Contact,Yes,New Visitor,No,83,37,14,16,1808
2054,2054,ses2055,usd2055,2025-03-17,Desktop,Opera,iOS,Referral,Singapore,Chennai,Contact,Services,Yes,New Visitor,No,19,31,17,32,8661
2055,2055,ses2056,usd2056,2025-09-01,Desktop,Firefox,iOS,Organic search,Canada,Sydney,Blog,Contact,Yes,Returning Visitor,No,28,34,19,30,9509
2056,2056,ses2057,usd2057,2025-11-11,Mobile,Firefox,Windows,Referral,UK,New York,Services,Products,Yes,New Visitor,No,48,45,19,6,1172
2057,2057,ses2058,usd2058,2025-11-30,Desktop,Safari,Windows,Email marketing,US,Hyderabad,Services,Contact,Yes,Returning Visitor,Yes,62,58,22,34,9188
2058,2058,ses2059,usd2059,2025-05-20,Mobile,Chrome,Linux,Organic search,Germany,Sydney,About us,Services,No,Returning Visitor,No,5,44,18,37,4701
2059,2059,ses2060,usd2060,2025-04-30,Mobile,Chrome,iOS,Email marketing,Canada,Bangalore,Services,Home,No,Returning Visitor,No,81,28,20,31,8459
2060,2060,ses2061,usd2061,2025-07-13,Desktop,Edge,iOS,Email marketing,India,New York,Pricing,Products,Yes,Returning Visitor,No,95,40,15,17,3618
2061,2061,ses2062,usd2062,2025-03-05,Mobile,Opera,Windows,Social media,UK,Hyderabad,Contact,Home,Yes,New Visitor,No,92,15,5,39,9620
2062,2062,ses2063,usd2063,2025-06-13,Desktop,Edge,Windows,Direct,India,Singapore,Login,Contact,No,Returning Visitor,Yes,68,33,7,9,8172
2063,2063,ses2064,usd2064,2025-11-29,Mobile,Chrome,Linux,Email marketing,US,Sydney,Login,Pricing,Yes,New Visitor,No,43,47,7,18,4509
2064,2064,ses2065,usd2065,2025-01-05,Mobile,Opera,MacOS,Email marketing,UK,Delhi,Login,Home,Yes,Returning Visitor,Yes,8,1,3,14,1455
2065,2065,ses2066,usd2066,2025-12-16,Tablet,Chrome,Linux,Referral,Canada,Singapore,Login,Products,No,New Visitor,Yes,30,48,3,13,3338
2066,2066,ses2067,usd2067,2025-01-17,Desktop,Chrome,Android,Paid search,US,Sydney,About us,Contact,No,Returning Visitor,No,8,32,3,26,5468
2067,2067,ses2068,usd2068,2025-12-03,Desktop,Edge,iOS,Paid search,India,Hyderabad,Pricing,Products,Yes,Returning Visitor,No,78,17,18,24,7346
2068,2068,ses2069,usd2069,2025-06-21,Mobile,Edge,MacOS,Paid search,Canada,Delhi,Blog,Services,Yes,New Visitor,Yes,38,37,19,20,3596
2069,2069,ses2070,usd2070,2025-02-27,Tablet,Safari,Windows,Referral,Canada,Hyderabad,Blog,Services,Yes,New Visitor,No,26,20,4,2,6712
2070,2070,ses2071,usd2071,2025-09-23,Mobile,Chrome,MacOS,Organic search,Germany,London,Contact,Contact,Yes,Returning Visitor,Yes,78,21,6,12,7102
2071,2071,ses2072,usd2072,2025-06-02,Desktop,Opera,iOS,Social media,UK,Singapore,Contact,Blog,Yes,New Visitor,No,4,27,21,24,3704
2072,2072,ses2073,usd2073,2025-09-02,Mobile,Opera,iOS,Paid search,US,London,Contact,Blog,No,Returning Visitor,Yes,49,5,18,19,5396
2073,2073,ses2074,usd2074,2025-09-29,Tablet,Safari,Linux,Paid search,Canada,Chennai,Pricing,Blog,Yes,New Visitor,Yes,79,43,17,23,8754
2074,2074,ses2075,usd2075,2025-11-11,Desktop,Chrome,Android,Referral,US,London,Contact,Blog,No,Returning Visitor,Yes,29,8,8,6,1393
2075,2075,ses2076,usd2076,2025-06-01,Mobile,Chrome,Linux,Organic search,US,Bangalore,Services,Pricing,Yes,New Visitor,No,67,37,1,11,2304
2076,2076,ses2077,usd2077,2025-08-08,Tablet,Edge,Linux,Paid search,Canada,New York,Pricing,Blog,Yes,New Visitor,No,32,40,3,12,9322
2077,2077,ses2078,usd2078,2025-04-11,Tablet,Opera,Linux,Organic search,US,Mumbai,Contact,Products,No,Returning Visitor,Yes,5,46,1,18,256
2078,2078,ses2079,usd2079,2025-08-07,Tablet,Opera,Windows,Paid search,Singapore,London,Blog,Home,No,New Visitor,Yes,59,43,12,46,4805
2079,2079,ses2080,usd2080,2025-10-14,Mobile,Safari,Android,Paid search,Germany,Sydney,Login,Blog,No,New Visitor,No,14,48,19,32,1308
2080,2080,ses2081,usd2081,2025-10-23,Desktop,Firefox,Android,Email marketing,Singapore,Delhi,Home,Contact,No,New Visitor,No,25,23,9,10,4921
2081,2081,ses2082,usd2082,2025-11-05,Mobile,Safari,Windows,Referral,UK,Hyderabad,Products,Pricing,No,Returning Visitor,No,44,44,9,18,9737
2082,2082,ses2083,usd2083,2025-02-13,Tablet,Safari,Linux,Email marketing,UK,Chennai,Blog,Contact,No,New Visitor,No,46,59,3,39,2917
2083,2083,ses2084,usd2084,2025-04-24,Mobile,Firefox,MacOS,Email marketing,Canada,Bangalore,Pricing,Products,No,New Visitor,No,33,19,4,49,2903
2084,2084,ses2085,usd2085,2025-07-28,Mobile,Edge,iOS,Direct,Australia,Chennai,Pricing,Services,Yes,New Visitor,Yes,22,4,7,7,1829
2085,2085,ses2086,usd2086,2025-04-02,Mobile,Firefox,Linux,Referral,Canada,Hyderabad,Products,Contact,No,New Visitor,No,39,37,24,28,217
2086,2086,ses2087,usd2087,2025-02-05,Tablet,Edge,iOS,Referral,Australia,Delhi,Services,Services,Yes,New Visitor,No,95,57,16,47,8742
2087,2087,ses2088,usd2088,2025-03-28,Mobile,Safari,iOS,Organic search,Australia,Delhi,Pricing,Blog,No,New Visitor,Yes,66,27,5,17,482
2088,2088,ses2089,usd2089,2025-06-25,Mobile,Chrome,Android,Paid search,US,Hyderabad,Products,Services,No,New Visitor,No,88,3,20,14,9169
2089,2089,ses2090,usd2090,2025-01-02,Mobile,Edge,Windows,Paid search,Singapore,Delhi,Products,Services,Yes,New Visitor,No,80,2,3,15,2552
2090,2090,ses2091,usd2091,2025-04-13,Mobile,Safari,Windows,Referral,India,New York,Services,Home,Yes,Returning Visitor,No,62,52,16,30,5413
2091,2091,ses2092,usd2092,2025-09-24,Mobile,Edge,Windows,Social media,Australia,Chennai,About us,Contact,Yes,Returning Visitor,No,83,49,19,43,1555
2092,2092,ses2093,usd2093,2025-03-24,Tablet,Safari,Android,Organic search,Singapore,London,Pricing,Home,Yes,Returning Visitor,Yes,74,19,24,36,6288
2093,2093,ses2094,usd2094,2025-01-18,Tablet,Firefox,Linux,Social media,UK,London,Services,Contact,No,New Visitor,No,53,54,17,47,4264
2094,2094,ses2095,usd2095,2025-06-05,Mobile,Chrome,Linux,Email marketing,Germany,Hyderabad,Services,Contact,Yes,Returning Visitor,No,19,28,19,39,6990
2095,2095,ses2096,usd2096,2025-06-19,Desktop,Edge,iOS,Email marketing,Singapore,Sydney,Services,Products,Yes,Returning Visitor,Yes,87,50,5,25,1615
2096,2096,ses2097,usd2097,2025-08-21,Desktop,Opera,Android,Direct,Canada,London,About us,Home,No,New Visitor,Yes,8,42,2,21,5546
2097,2097,ses2098,usd2098,2025-07-13,Mobile,Firefox,iOS,Direct,US,New York,Login,Services,No,New Visitor,No,36,26,15,11,5553
2098,2098,ses2099,usd2099,2025-11-24,Tablet,Edge,MacOS,Organic search,UK,Bangalore,Pricing,Services,Yes,Returning Visitor,Yes,43,11,16,38,7307
2099,2099,ses2100,usd2100,2025-12-15,Mobile,Edge,Linux,Organic search,UK,Delhi,About us,Services,Yes,Returning Visitor,Yes,41,39,10,48,9206
2100,2100,ses2101,usd2101,2025-03-11,Mobile,Opera,iOS,Social media,Australia,Delhi,Products,Contact,Yes,New Visitor,No,52,48,24,45,2310
2101,2101,ses2102,usd2102,2025-01-17,Tablet,Edge,Linux,Direct,Germany,New York,Products,Contact,No,Returning Visitor,No,73,16,14,38,3521
2102,2102,ses2103,usd2103,2025-05-16,Tablet,Opera,Linux,Referral,UK,Delhi,Home,Blog,No,New Visitor,Yes,40,24,24,33,518
2103,2103,ses2104,usd2104,2025-05-17,Tablet,Edge,iOS,Email marketing,Singapore,Delhi,Blog,Home,Yes,Returning Visitor,No,82,45,20,11,4781
2104,2104,ses2105,usd2105,2025-04-02,Desktop,Edge,Android,Direct,UK,Mumbai,Contact,Pricing,Yes,New Visitor,Yes,33,36,2,43,7255
2105,2105,ses2106,usd2106,2025-02-04,Tablet,Edge,Linux,Direct,Singapore,Singapore,Blog,Contact,No,Returning Visitor,No,27,14,6,49,9861
2106,2106,ses2107,usd2107,2025-07-24,Mobile,Firefox,MacOS,Social media,US,Hyderabad,Login,Blog,No,New Visitor,No,68,12,14,30,1607
2107,2107,ses2108,usd2108,2025-05-11,Desktop,Edge,Android,Social media,India,Sydney,Login,Pricing,Yes,Returning Visitor,Yes,50,49,7,47,3701
2108,2108,ses2109,usd2109,2025-01-15,Tablet,Opera,iOS,Direct,US,Mumbai,Pricing,Services,No,New Visitor,Yes,18,39,7,5,1369
2109,2109,ses2110,usd2110,2025-01-18,Desktop,Edge,Android,Paid search,UK,New York,Products,Blog,No,Returning Visitor,Yes,60,18,13,26,7021
2110,2110,ses2111,usd2111,2025-06-22,Mobile,Edge,Android,Referral,UK,Sydney,Contact,Home,No,New Visitor,Yes,18,31,19,49,9382
2111,2111,ses2112,usd2112,2025-05-03,Tablet,Chrome,MacOS,Organic search,India,London,Pricing,Pricing,Yes,New Visitor,Yes,64,51,18,13,9340
2112,2112,ses2113,usd2113,2025-06-08,Desktop,Firefox,Android,Referral,India,Chennai,Pricing,Blog,No,New Visitor,Yes,48,53,17,27,3773
2113,2113,ses2114,usd2114,2025-07-20,Tablet,Safari,MacOS,Social media,Singapore,New York,Login,Products,Yes,New Visitor,Yes,16,10,23,41,7528
2114,2114,ses2115,usd2115,2025-04-14,Tablet,Edge,Linux,Email marketing,Canada,Chennai,About us,Contact,No,New Visitor,No,56,27,2,28,7687
2115,2115,ses2116,usd2116,2025-09-12,Mobile,Safari,Linux,Organic search,Australia,Bangalore,About us,Contact,Yes,New Visitor,Yes,37,6,6,4,2679
2116,2116,ses2117,usd2117,2025-03-19,Tablet,Edge,iOS,Direct,Canada,London,Blog,Pricing,Yes,Returning Visitor,No,81,45,18,42,7962
2117,2117,ses2118,usd2118,2025-01-15,Desktop,Edge,Linux,Paid search,Singapore,Hyderabad,Contact,Blog,No,New Visitor,No,15,37,7,9,9899
2118,2118,ses2119,usd2119,2025-01-05,Desktop,Safari,iOS,Social media,Canada,Bangalore,Contact,Products,Yes,Returning Visitor,No,5,16,19,26,9724
2119,2119,ses2120,usd2120,2025-02-08,Tablet,Opera,MacOS,Social media,Singapore,Singapore,About us,Contact,Yes,New Visitor,No,98,19,10,15,3489
2120,2120,ses2121,usd2121,2025-08-30,Desktop,Edge,Android,Direct,Singapore,Chennai,Services,Blog,Yes,Returning Visitor,No,64,30,4,14,6765
2121,2121,ses2122,usd2122,2025-01-26,Mobile,Firefox,Android,Email marketing,Germany,Sydney,Contact,Contact,No,Returning Visitor,Yes,40,1,16,32,5873
2122,2122,ses2123,usd2123,2025-02-03,Desktop,Edge,MacOS,Organic search,Germany,Delhi,Login,Blog,Yes,New Visitor,No,86,28,24,27,4255
2123,2123,ses2124,usd2124,2025-08-17,Tablet,Edge,Linux,Organic search,Germany,Singapore,Products,Products,Yes,New Visitor,Yes,96,52,22,49,9858
2124,2124,ses2125,usd2125,2025-11-09,Mobile,Firefox,MacOS,Direct,Australia,New York,Services,Blog,No,Returning Visitor,No,31,16,8,19,6056
2125,2125,ses2126,usd2126,2025-05-21,Tablet,Edge,Android,Direct,UK,Mumbai,Contact,Contact,Yes,New Visitor,Yes,87,22,3,19,8361
2126,2126,ses2127,usd2127,2025-06-03,Mobile,Opera,Android,Direct,UK,Bangalore,Blog,Contact,No,New Visitor,No,24,49,4,12,2569
2127,2127,ses2128,usd2128,2025-07-15,Tablet,Opera,Android,Social media,Australia,Hyderabad,Home,Home,Yes,Returning Visitor,Yes,80,2,10,24,4316
2128,2128,ses2129,usd2129,2025-08-07,Mobile,Edge,Windows,Paid search,US,New York,Pricing,Services,No,Returning Visitor,Yes,35,27,5,29,4697
2129,2129,ses2130,usd2130,2025-04-08,Mobile,Chrome,iOS,Email marketing,Canada,Hyderabad,Contact,Products,No,Returning Visitor,No,57,17,6,42,1616
2130,2130,ses2131,usd2131,2025-03-13,Tablet,Safari,Linux,Direct,Germany,Chennai,Pricing,Contact,Yes,Returning Visitor,No,32,48,12,26,581
2131,2131,ses2132,usd2132,2025-08-06,Desktop,Opera,MacOS,Paid search,UK,Mumbai,About us,Contact,No,Returning Visitor,Yes,88,19,22,21,2162
2132,2132,ses2133,usd2133,2025-01-25,Tablet,Opera,Linux,Email marketing,Germany,Mumbai,Home,Services,Yes,Returning Visitor,Yes,1,17,2,46,4422
2133,2133,ses2134,usd2134,2025-07-22,Desktop,Chrome,iOS,Paid search,US,Singapore,Login,Blog,No,Returning Visitor,No,54,54,6,16,3090
2134,2134,ses2135,usd2135,2025-11-11,Tablet,Edge,Windows,Direct,US,Delhi,Services,Services,No,Returning Visitor,No,89,1,21,34,6756
2135,2135,ses2136,usd2136,2025-05-21,Desktop,Firefox,Windows,Paid search,US,New York,Services,Products,Yes,New Visitor,No,41,15,16,25,9584
2136,2136,ses2137,usd2137,2025-03-31,Tablet,Chrome,Android,Organic search,Singapore,Delhi,Contact,Products,No,New Visitor,No,5,54,20,14,2149
2137,2137,ses2138,usd2138,2025-10-26,Mobile,Edge,MacOS,Paid search,Canada,New York,Services,Contact,Yes,Returning Visitor,Yes,33,5,5,23,4599
2138,2138,ses2139,usd2139,2025-01-04,Mobile,Firefox,iOS,Referral,Canada,Hyderabad,Home,Products,Yes,New Visitor,Yes,83,56,9,31,1086
2139,2139,ses2140,usd2140,2025-11-27,Mobile,Firefox,MacOS,Referral,Canada,Bangalore,Products,Blog,No,New Visitor,Yes,42,29,4,17,1523
2140,2140,ses2141,usd2141,2025-11-15,Tablet,Edge,MacOS,Paid search,UK,London,About us,Products,No,Returning Visitor,No,25,33,21,27,8611
2141,2141,ses2142,usd2142,2025-04-25,Mobile,Edge,Android,Direct,Canada,Mumbai,About us,Services,No,New Visitor,No,90,15,24,19,2639
2142,2142,ses2143,usd2143,2025-03-15,Tablet,Safari,Windows,Paid search,Germany,New York,About us,Blog,No,Returning Visitor,No,16,32,24,30,1531
2143,2143,ses2144,usd2144,2025-01-23,Desktop,Chrome,iOS,Email marketing,Australia,Chennai,Pricing,Products,No,Returning Visitor,No,83,21,12,29,2755
2144,2144,ses2145,usd2145,2025-10-12,Tablet,Firefox,MacOS,Referral,Australia,Chennai,Contact,Contact,No,New Visitor,Yes,31,27,12,32,5519
2145,2145,ses2146,usd2146,2025-12-27,Desktop,Opera,Linux,Email marketing,Germany,Hyderabad,Login,Contact,No,New Visitor,No,93,34,24,15,4164
2146,2146,ses2147,usd2147,2025-04-15,Tablet,Safari,MacOS,Social media,UK,New York,Contact,Pricing,Yes,Returning Visitor,No,71,37,15,29,7185
2147,2147,ses2148,usd2148,2025-12-08,Mobile,Opera,MacOS,Social media,Australia,Hyderabad,Services,Home,Yes,New Visitor,Yes,29,46,2,40,2279
2148,2148,ses2149,usd2149,2025-09-16,Desktop,Safari,MacOS,Organic search,UK,Sydney,Login,Home,No,New Visitor,Yes,7,13,21,14,8199
2149,2149,ses2150,usd2150,2025-02-04,Tablet,Safari,Windows,Referral,India,Hyderabad,Services,Contact,Yes,New Visitor,Yes,32,55,24,33,1318
2150,2150,ses2151,usd2151,2025-09-12,Desktop,Firefox,iOS,Referral,UK,Hyderabad,Services,Services,No,New Visitor,Yes,12,37,24,38,7650
2151,2151,ses2152,usd2152,2025-04-28,Desktop,Safari,Windows,Paid search,Germany,Delhi,Services,Contact,Yes,New Visitor,Yes,37,40,15,12,7580
2152,2152,ses2153,usd2153,2025-11-03,Mobile,Opera,Windows,Organic search,Canada,Mumbai,Home,Pricing,Yes,New Visitor,Yes,94,54,24,29,9254
2153,2153,ses2154,usd2154,2025-12-16,Tablet,Firefox,Windows,Social media,Germany,Singapore,About us,Products,Yes,Returning Visitor,No,62,32,18,2,7867
2154,2154,ses2155,usd2155,2025-11-23,Desktop,Opera,Android,Referral,Australia,Bangalore,Home,Contact,No,Returning Visitor,No,43,50,17,31,5787
2155,2155,ses2156,usd2156,2025-05-29,Mobile,Firefox,MacOS,Referral,Canada,Singapore,Login,Contact,No,Returning Visitor,Yes,81,42,1,24,1492
2156,2156,ses2157,usd2157,2025-12-06,Desktop,Safari,MacOS,Email marketing,Germany,Singapore,Login,Products,No,New Visitor,Yes,55,25,5,31,4831
2157,2157,ses2158,usd2158,2025-05-18,Tablet,Chrome,Windows,Social media,Canada,Sydney,Pricing,Services,Yes,New Visitor,No,32,52,10,20,4977
2158,2158,ses2159,usd2159,2025-08-09,Mobile,Chrome,Android,Social media,US,New York,Pricing,Pricing,No,New Visitor,No,35,22,11,2,3670
2159,2159,ses2160,usd2160,2025-12-28,Tablet,Chrome,iOS,Organic search,Germany,New York,Products,Blog,Yes,New Visitor,Yes,7,54,5,36,3035
2160,2160,ses2161,usd2161,2025-03-20,Mobile,Edge,Android,Paid search,UK,Chennai,Contact,Contact,No,New Visitor,Yes,73,55,16,5,6980
2161,2161,ses2162,usd2162,2025-11-27,Tablet,Chrome,Android,Social media,India,Hyderabad,About us,Contact,No,New Visitor,No,96,21,16,43,3971
2162,2162,ses2163,usd2163,2025-12-24,Tablet,Chrome,Linux,Email marketing,UK,Bangalore,Blog,Home,Yes,New Visitor,Yes,7,41,17,11,1966
2163,2163,ses2164,usd2164,2025-01-17,Mobile,Edge,Windows,Email marketing,Australia,Chennai,Blog,Blog,Yes,New Visitor,Yes,68,33,4,27,9126
2164,2164,ses2165,usd2165,2025-01-14,Mobile,Safari,Windows,Referral,US,Hyderabad,Pricing,Products,No,Returning Visitor,No,28,36,13,43,1938
2165,2165,ses2166,usd2166,2025-12-20,Desktop,Edge,MacOS,Direct,Singapore,Bangalore,Pricing,Contact,No,New Visitor,No,16,13,18,4,3429
2166,2166,ses2167,usd2167,2025-06-27,Desktop,Edge,Windows,Referral,US,Delhi,About us,Contact,No,New Visitor,Yes,96,16,7,16,3556
2167,2167,ses2168,usd2168,2025-06-29,Mobile,Edge,MacOS,Social media,Singapore,Chennai,Blog,Contact,Yes,Returning Visitor,Yes,95,7,10,38,6825
2168,2168,ses2169,usd2169,2025-01-19,Desktop,Opera,Windows,Referral,Singapore,Singapore,Blog,Services,Yes,Returning Visitor,Yes,4,27,20,44,8902
2169,2169,ses2170,usd2170,2025-07-24,Desktop,Edge,Linux,Email marketing,Australia,London,Products,Pricing,No,New Visitor,No,44,57,18,37,7175
2170,2170,ses2171,usd2171,2025-01-29,Tablet,Safari,MacOS,Email marketing,Australia,Mumbai,Pricing,Pricing,No,New Visitor,Yes,74,58,22,28,9074
2171,2171,ses2172,usd2172,2025-03-01,Desktop,Chrome,Windows,Organic search,UK,Hyderabad,Products,Home,No,Returning Visitor,Yes,83,34,16,31,3802
2172,2172,ses2173,usd2173,2025-04-07,Tablet,Chrome,Linux,Organic search,India,Chennai,Pricing,Services,No,New Visitor,Yes,61,44,12,29,2453
2173,2173,ses2174,usd2174,2025-01-15,Desktop,Safari,Linux,Social media,Singapore,Delhi,Contact,Blog,Yes,New Visitor,No,37,49,22,2,3630
2174,2174,ses2175,usd2175,2025-02-06,Tablet,Edge,Windows,Paid search,Australia,Chennai,Blog,Pricing,Yes,Returning Visitor,No,94,46,16,42,1522
2175,2175,ses2176,usd2176,2025-04-16,Tablet,Firefox,iOS,Social media,UK,Bangalore,Home,Blog,No,New Visitor,Yes,83,56,5,45,7140
2176,2176,ses2177,usd2177,2025-06-17,Desktop,Chrome,Linux,Organic search,India,Delhi,Services,Contact,No,Returning Visitor,Yes,97,41,22,13,6318
2177,2177,ses2178,usd2178,2025-11-16,Tablet,Edge,Android,Referral,Singapore,Singapore,Home,Pricing,No,New Visitor,No,47,11,18,25,907
2178,2178,ses2179,usd2179,2025-08-26,Mobile,Firefox,Android,Email marketing,US,Hyderabad,Products,Contact,Yes,Returning Visitor,Yes,17,56,16,25,4177
2179,2179,ses2180,usd2180,2025-06-02,Mobile,Edge,Android,Organic search,Singapore,Sydney,Products,Contact,Yes,Returning Visitor,No,33,14,15,45,6044
2180,2180,ses2181,usd2181,2025-03-19,Mobile,Firefox,Linux,Referral,UK,Bangalore,Products,Products,No,New Visitor,Yes,91,1,22,30,4039
2181,2181,ses2182,usd2182,2025-05-13,Mobile,Firefox,MacOS,Referral,Australia,Sydney,Services,Pricing,Yes,New Visitor,Yes,73,41,14,19,217
2182,2182,ses2183,usd2183,2025-07-13,Desktop,Opera,Linux,Paid search,India,Delhi,Blog,Blog,No,Returning Visitor,Yes,12,34,19,18,2097
2183,2183,ses2184,usd2184,2025-07-05,Mobile,Edge,MacOS,Email marketing,Canada,Mumbai,Products,Home,Yes,Returning Visitor,No,55,16,9,43,4041
2184,2184,ses2185,usd2185,2025-03-30,Tablet,Edge,Windows,Direct,Singapore,London,Blog,Contact,No,Returning Visitor,Yes,63,53,9,38,5411
2185,2185,ses2186,usd2186,2025-12-19,Desktop,Edge,Linux,Email marketing,Singapore,Sydney,Contact,Contact,Yes,New Visitor,Yes,19,34,10,12,6456
2186,2186,ses2187,usd2187,2025-02-27,Mobile,Edge,Windows,Organic search,Germany,Mumbai,About us,Services,No,New Visitor,Yes,31,42,8,49,2333
2187,2187,ses2188,usd2188,2025-05-04,Tablet,Chrome,Android,Paid search,India,Mumbai,Products,Contact,Yes,New Visitor,Yes,33,36,20,43,2151
2188,2188,ses2189,usd2189,2025-06-28,Desktop,Opera,Windows,Paid search,Canada,Bangalore,Login,Contact,Yes,New Visitor,Yes,74,56,1,27,7392
2189,2189,ses2190,usd2190,2025-10-12,Tablet,Chrome,iOS,Social media,UK,Hyderabad,Pricing,Home,No,Returning Visitor,Yes,5,43,17,44,4305
2190,2190,ses2191,usd2191,2025-05-11,Tablet,Firefox,Linux,Direct,Germany,Singapore,Pricing,Home,No,New Visitor,No,21,49,3,21,5460
2191,2191,ses2192,usd2192,2025-03-15,Desktop,Safari,MacOS,Direct,Australia,Mumbai,Contact,Home,Yes,Returning Visitor,No,78,4,21,27,9606
2192,2192,ses2193,usd2193,2025-06-18,Mobile,Firefox,iOS,Referral,India,New York,Contact,Pricing,Yes,Returning Visitor,Yes,4,59,22,15,2844
2193,2193,ses2194,usd2194,2025-01-11,Desktop,Edge,iOS,Email marketing,Germany,Delhi,About us,Pricing,Yes,New Visitor,Yes,33,53,24,12,9874
2194,2194,ses2195,usd2195,2025-10-06,Mobile,Chrome,Linux,Social media,Australia,Sydney,About us,Blog,Yes,New Visitor,Yes,72,45,6,13,7154
2195,2195,ses2196,usd2196,2025-03-22,Tablet,Chrome,Linux,Paid search,US,New York,Contact,Pricing,Yes,Returning Visitor,No,97,54,11,34,9243
2196,2196,ses2197,usd2197,2025-08-05,Mobile,Opera,iOS,Social media,Canada,New York,Pricing,Pricing,Yes,New Visitor,Yes,92,24,18,26,6208
2197,2197,ses2198,usd2198,2025-12-16,Desktop,Edge,Android,Organic search,India,Delhi,Contact,Contact,Yes,Returning Visitor,Yes,81,29,8,29,9409
2198,2198,ses2199,usd2199,2025-04-14,Tablet,Chrome,iOS,Email marketing,Australia,New York,Login,Contact,Yes,New Visitor,Yes,87,50,19,4,3952
2199,2199,ses2200,usd2200,2025-01-06,Mobile,Firefox,Linux,Organic search,US,London,Blog,Home,Yes,New Visitor,Yes,55,55,8,33,6138
2200,2200,ses2201,usd2201,2025-05-12,Mobile,Firefox,Linux,Referral,UK,Delhi,Contact,Blog,Yes,Returning Visitor,Yes,83,6,9,6,768
2201,2201,ses2202,usd2202,2025-09-21,Tablet,Safari,iOS,Direct,Canada,London,Login,Contact,No,Returning Visitor,Yes,93,45,17,20,1690
2202,2202,ses2203,usd2203,2025-08-15,Tablet,Edge,MacOS,Organic search,US,Bangalore,Products,Services,No,New Visitor,Yes,30,22,19,19,8628
2203,2203,ses2204,usd2204,2025-02-03,Tablet,Edge,Linux,Paid search,UK,Sydney,Pricing,Products,No,New Visitor,No,79,58,5,33,7657
2204,2204,ses2205,usd2205,2025-04-01,Mobile,Opera,iOS,Referral,Germany,Chennai,Login,Home,Yes,New Visitor,No,11,46,2,30,6188
2205,2205,ses2206,usd2206,2025-09-16,Tablet,Chrome,Windows,Direct,UK,Hyderabad,Login,Home,Yes,Returning Visitor,Yes,90,27,21,5,5782
2206,2206,ses2207,usd2207,2025-07-23,Mobile,Edge,MacOS,Organic search,India,Delhi,Home,Contact,No,Returning Visitor,Yes,7,12,17,49,5268
2207,2207,ses2208,usd2208,2025-11-07,Desktop,Firefox,Android,Referral,Singapore,Sydney,Products,Home,No,Returning Visitor,Yes,47,31,17,15,2059
2208,2208,ses2209,usd2209,2025-12-10,Mobile,Safari,Linux,Social media,Australia,Hyderabad,About us,Home,No,New Visitor,No,12,10,23,43,427
2209,2209,ses2210,usd2210,2025-06-06,Mobile,Edge,Windows,Social media,Germany,Delhi,Contact,Pricing,Yes,New Visitor,No,80,42,15,2,5172
2210,2210,ses2211,usd2211,2025-10-09,Tablet,Firefox,Android,Paid search,Australia,Mumbai,Pricing,Home,No,New Visitor,No,39,28,7,28,1308
2211,2211,ses2212,usd2212,2025-11-15,Tablet,Firefox,Android,Email marketing,India,Mumbai,Pricing,Contact,Yes,New Visitor,No,62,50,18,20,692
2212,2212,ses2213,usd2213,2025-09-03,Mobile,Firefox,iOS,Email marketing,Singapore,Hyderabad,Contact,Products,Yes,Returning Visitor,Yes,13,45,13,26,2752
2213,2213,ses2214,usd2214,2025-07-24,Mobile,Firefox,MacOS,Paid search,US,London,Products,Pricing,No,New Visitor,No,87,34,16,34,9301
2214,2214,ses2215,usd2215,2025-04-23,Tablet,Opera,Android,Referral,US,Singapore,Products,Pricing,Yes,New Visitor,No,11,1,3,22,7815
2215,2215,ses2216,usd2216,2025-08-16,Desktop,Firefox,Linux,Social media,Canada,Bangalore,Contact,Services,Yes,New Visitor,No,57,41,7,24,1671
2216,2216,ses2217,usd2217,2025-08-10,Tablet,Edge,iOS,Social media,Singapore,London,Login,Products,No,Returning Visitor,Yes,87,4,10,44,2116
2217,2217,ses2218,usd2218,2025-02-05,Mobile,Edge,MacOS,Referral,Australia,Chennai,Contact,Contact,Yes,Returning Visitor,No,17,43,2,8,5687
2218,2218,ses2219,usd2219,2025-01-04,Desktop,Chrome,Android,Organic search,Australia,Sydney,Pricing,Contact,No,Returning Visitor,Yes,22,8,11,41,4433
2219,2219,ses2220,usd2220,2025-10-04,Tablet,Safari,Windows,Email marketing,India,Bangalore,Contact,Blog,Yes,New Visitor,Yes,34,11,10,49,4867
2220,2220,ses2221,usd2221,2025-12-28,Mobile,Edge,Android,Referral,India,Mumbai,Pricing,Pricing,Yes,New Visitor,No,94,29,21,27,3226
2221,2221,ses2222,usd2222,2025-04-14,Mobile,Chrome,MacOS,Paid search,UK,Chennai,Services,Products,No,Returning Visitor,No,57,9,9,46,8530
2222,2222,ses2223,usd2223,2025-12-12,Mobile,Firefox,MacOS,Referral,Australia,Mumbai,Services,Home,No,New Visitor,Yes,34,2,9,30,2571
2223,2223,ses2224,usd2224,2025-05-16,Mobile,Chrome,iOS,Email marketing,Canada,Sydney,About us,Services,No,New Visitor,No,72,42,10,47,6131
2224,2224,ses2225,usd2225,2025-06-27,Mobile,Safari,Linux,Referral,UK,Hyderabad,Services,Pricing,No,Returning Visitor,Yes,22,12,3,26,9578
2225,2225,ses2226,usd2226,2025-10-07,Desktop,Edge,Android,Paid search,Singapore,London,Home,Home,No,Returning Visitor,No,21,55,4,5,6870
2226,2226,ses2227,usd2227,2025-01-03,Tablet,Safari,Android,Referral,Australia,Bangalore,Contact,Contact,Yes,New Visitor,Yes,27,24,18,17,4316
2227,2227,ses2228,usd2228,2025-05-04,Desktop,Chrome,Android,Referral,Germany,Hyderabad,Products,Services,No,Returning Visitor,No,50,52,14,2,5401
2228,2228,ses2229,usd2229,2025-06-08,Mobile,Firefox,Android,Direct,UK,Hyderabad,Pricing,Services,No,New Visitor,No,35,5,9,4,6908
2229,2229,ses2230,usd2230,2025-02-14,Desktop,Edge,MacOS,Email marketing,Canada,Delhi,Pricing,Contact,No,Returning Visitor,Yes,93,37,24,26,5824
2230,2230,ses2231,usd2231,2025-06-26,Tablet,Firefox,Linux,Organic search,Australia,Delhi,Home,Products,Yes,Returning Visitor,No,95,55,5,16,7164
2231,2231,ses2232,usd2232,2025-02-02,Desktop,Safari,Android,Social media,Germany,Singapore,Blog,Services,No,New Visitor,Yes,85,3,22,25,7769
2232,2232,ses2233,usd2233,2025-12-31,Tablet,Opera,Windows,Referral,Singapore,Chennai,Contact,Contact,No,Returning Visitor,No,34,25,1,37,3206
2233,2233,ses2234,usd2234,2025-08-29,Mobile,Chrome,Android,Direct,US,Delhi,Products,Home,No,Returning Visitor,Yes,87,58,22,22,8731
2234,2234,ses2235,usd2235,2025-08-19,Desktop,Opera,Android,Referral,Germany,Chennai,Pricing,Contact,Yes,Returning Visitor,No,87,50,10,1,2626
2235,2235,ses2236,usd2236,2025-03-12,Tablet,Edge,Linux,Direct,UK,Chennai,Contact,Contact,No,New Visitor,No,67,10,9,32,1032
2236,2236,ses2237,usd2237,2025-02-01,Tablet,Chrome,Windows,Email marketing,Australia,Singapore,Contact,Products,Yes,New Visitor,Yes,11,52,11,16,9366
2237,2237,ses2238,usd2238,2025-04-25,Mobile,Firefox,Linux,Email marketing,Canada,Hyderabad,Home,Home,Yes,New Visitor,No,72,24,6,41,5549
2238,2238,ses2239,usd2239,2025-07-16,Tablet,Chrome,Windows,Email marketing,Germany,Sydney,Pricing,Contact,Yes,Returning Visitor,No,62,50,24,7,6428
2239,2239,ses2240,usd2240,2025-12-14,Desktop,Opera,Windows,Direct,UK,Bangalore,Contact,Blog,No,Returning Visitor,No,40,18,1,23,6254
2240,2240,ses2241,usd2241,2025-07-07,Mobile,Chrome,Linux,Email marketing,India,Bangalore,About us,Blog,Yes,New Visitor,Yes,99,3,6,31,486
2241,2241,ses2242,usd2242,2025-06-29,Desktop,Firefox,MacOS,Direct,Australia,London,Contact,Services,No,New Visitor,No,77,30,6,30,4816
2242,2242,ses2243,usd2243,2025-05-02,Mobile,Firefox,iOS,Organic search,Singapore,Chennai,Products,Home,No,New Visitor,Yes,22,16,18,23,1589
2243,2243,ses2244,usd2244,2025-04-27,Mobile,Firefox,Linux,Referral,Germany,Singapore,About us,Blog,Yes,Returning Visitor,No,4,56,14,13,8468
2244,2244,ses2245,usd2245,2025-02-22,Tablet,Safari,Windows,Email marketing,India,Bangalore,Products,Contact,No,New Visitor,No,16,4,16,27,7010
2245,2245,ses2246,usd2246,2025-11-14,Mobile,Firefox,Android,Email marketing,US,New York,About us,Services,Yes,Returning Visitor,Yes,15,40,6,35,3528
2246,2246,ses2247,usd2247,2025-01-02,Mobile,Opera,Windows,Email marketing,UK,London,Login,Products,No,Returning Visitor,Yes,32,58,4,27,8579
2247,2247,ses2248,usd2248,2025-10-21,Desktop,Chrome,Android,Referral,Singapore,Chennai,Home,Contact,No,New Visitor,Yes,91,9,11,15,6390
2248,2248,ses2249,usd2249,2025-11-07,Mobile,Opera,Linux,Referral,US,Hyderabad,Home,Products,No,New Visitor,No,34,21,14,37,1723
2249,2249,ses2250,usd2250,2025-04-28,Desktop,Opera,Linux,Social media,US,Bangalore,Login,Contact,Yes,Returning Visitor,Yes,98,29,12,6,8925
2250,2250,ses2251,usd2251,2025-03-29,Mobile,Opera,MacOS,Email marketing,UK,London,About us,Contact,No,Returning Visitor,No,89,46,1,2,7433
2251,2251,ses2252,usd2252,2025-06-30,Desktop,Firefox,Windows,Email marketing,Australia,Mumbai,About us,Products,Yes,Returning Visitor,No,75,54,22,35,4413
2252,2252,ses2253,usd2253,2025-06-23,Desktop,Chrome,Windows,Referral,India,Sydney,Pricing,Products,No,Returning Visitor,No,55,45,4,43,3540
2253,2253,ses2254,usd2254,2025-11-26,Mobile,Safari,Linux,Social media,US,Sydney,Blog,Contact,No,Returning Visitor,Yes,19,58,2,20,7091
2254,2254,ses2255,usd2255,2025-11-02,Tablet,Safari,Windows,Referral,Germany,London,Login,Contact,No,New Visitor,Yes,33,44,8,3,1258
2255,2255,ses2256,usd2256,2025-10-08,Tablet,Safari,Android,Email marketing,India,London,Home,Products,Yes,New Visitor,No,88,40,17,39,9616
2256,2256,ses2257,usd2257,2025-11-04,Desktop,Opera,Linux,Paid search,US,New York,About us,Blog,Yes,New Visitor,No,80,19,3,2,5188
2257,2257,ses2258,usd2258,2025-02-22,Mobile,Firefox,Android,Direct,India,Singapore,Products,Contact,Yes,New Visitor,No,40,7,14,48,4713
2258,2258,ses2259,usd2259,2025-07-02,Mobile,Chrome,Android,Paid search,India,Bangalore,About us,Products,No,Returning Visitor,No,56,5,20,3,2960
2259,2259,ses2260,usd2260,2025-10-10,Tablet,Firefox,Android,Paid search,India,Bangalore,Products,Contact,Yes,New Visitor,Yes,62,3,20,6,3436
2260,2260,ses2261,usd2261,2026-01-01,Mobile,Edge,iOS,Direct,Singapore,Hyderabad,Login,Contact,Yes,Returning Visitor,No,41,6,22,27,3383
2261,2261,ses2262,usd2262,2025-03-20,Tablet,Chrome,Android,Referral,Australia,New York,Blog,Pricing,No,New Visitor,No,37,55,1,37,9856
2262,2262,ses2263,usd2263,2025-03-11,Tablet,Safari,Android,Referral,India,Hyderabad,Pricing,Blog,Yes,Returning Visitor,Yes,9,22,15,15,2135
2263,2263,ses2264,usd2264,2025-10-08,Desktop,Chrome,Windows,Referral,US,New York,Pricing,Products,No,Returning Visitor,No,32,24,17,31,4682
2264,2264,ses2265,usd2265,2025-03-05,Mobile,Opera,Linux,Referral,UK,Mumbai,Pricing,Contact,Yes,New Visitor,Yes,23,25,15,5,9067
2265,2265,ses2266,usd2266,2025-12-13,Desktop,Chrome,Android,Direct,Singapore,Mumbai,About us,Products,Yes,Returning Visitor,No,93,12,10,19,4875
2266,2266,ses2267,usd2267,2025-08-20,Tablet,Edge,Windows,Paid search,Germany,Mumbai,About us,Contact,Yes,New Visitor,No,89,59,8,12,3322
2267,2267,ses2268,usd2268,2025-05-07,Desktop,Chrome,Windows,Organic search,Germany,Mumbai,Contact,Contact,No,Returning Visitor,Yes,85,51,18,45,8523
2268,2268,ses2269,usd2269,2025-05-03,Mobile,Safari,MacOS,Social media,Canada,London,Services,Contact,No,New Visitor,Yes,39,53,10,31,4255
2269,2269,ses2270,usd2270,2025-11-03,Mobile,Opera,Windows,Referral,US,New York,Pricing,Contact,No,Returning Visitor,Yes,19,50,12,35,2036
2270,2270,ses2271,usd2271,2025-06-07,Desktop,Edge,MacOS,Organic search,Canada,Hyderabad,Services,Contact,No,New Visitor,Yes,33,51,3,1,1573
2271,2271,ses2272,usd2272,2025-07-17,Mobile,Opera,MacOS,Social media,UK,Bangalore,Services,Services,Yes,New Visitor,No,31,13,2,27,7304
2272,2272,ses2273,usd2273,2025-10-31,Tablet,Edge,Linux,Social media,India,Sydney,About us,Blog,No,New Visitor,No,49,6,16,46,8519
2273,2273,ses2274,usd2274,2025-09-27,Tablet,Chrome,Linux,Referral,Singapore,Mumbai,Blog,Products,Yes,New Visitor,Yes,39,54,18,24,9657
2274,2274,ses2275,usd2275,2025-04-17,Desktop,Edge,Windows,Organic search,US,Bangalore,Pricing,Home,No,Returning Visitor,No,33,31,6,14,6227
2275,2275,ses2276,usd2276,2025-06-03,Mobile,Chrome,Android,Email marketing,UK,London,Blog,Services,No,Returning Visitor,Yes,66,55,16,14,3271
2276,2276,ses2277,usd2277,2025-09-05,Desktop,Safari,MacOS,Email marketing,UK,New York,Home,Contact,Yes,Returning Visitor,No,58,59,5,17,8634
2277,2277,ses2278,usd2278,2025-11-10,Mobile,Safari,Linux,Organic search,Australia,Chennai,Contact,Blog,Yes,Returning Visitor,Yes,58,19,5,34,7314
2278,2278,ses2279,usd2279,2025-09-01,Desktop,Opera,iOS,Referral,UK,Mumbai,Contact,Pricing,Yes,New Visitor,Yes,91,35,21,25,6585
2279,2279,ses2280,usd2280,2025-05-21,Tablet,Firefox,Linux,Paid search,Australia,Mumbai,About us,Contact,Yes,Returning Visitor,No,54,17,8,42,5804
2280,2280,ses2281,usd2281,2025-11-29,Mobile,Safari,Windows,Paid search,Germany,Mumbai,Contact,Pricing,Yes,Returning Visitor,Yes,96,49,23,34,3878
2281,2281,ses2282,usd2282,2025-03-14,Tablet,Edge,iOS,Referral,India,Sydney,Blog,Pricing,Yes,Returning Visitor,No,6,19,16,40,6274
2282,2282,ses2283,usd2283,2025-03-31,Tablet,Chrome,Linux,Referral,UK,Chennai,Products,Pricing,Yes,Returning Visitor,No,14,25,22,22,6529
2283,2283,ses2284,usd2284,2025-12-29,Tablet,Chrome,Android,Social media,Germany,Mumbai,Home,Contact,No,Returning Visitor,Yes,70,25,17,9,4008
2284,2284,ses2285,usd2285,2025-01-23,Tablet,Firefox,Linux,Email marketing,Singapore,London,Services,Home,Yes,New Visitor,No,44,19,6,23,9371
2285,2285,ses2286,usd2286,2025-06-16,Tablet,Edge,Android,Organic search,Germany,London,Blog,Pricing,No,Returning Visitor,Yes,34,33,4,42,6217
2286,2286,ses2287,usd2287,2025-04-27,Mobile,Safari,Linux,Organic search,Germany,Singapore,Contact,Home,No,New Visitor,No,84,5,12,17,5305
2287,2287,ses2288,usd2288,2025-04-18,Mobile,Firefox,MacOS,Direct,Germany,Singapore,Blog,Products,Yes,Returning Visitor,No,45,11,18,9,1235
2288,2288,ses2289,usd2289,2025-12-09,Mobile,Safari,Linux,Referral,Singapore,Chennai,About us,Services,No,New Visitor,No,13,31,24,36,2465
2289,2289,ses2290,usd2290,2025-08-05,Mobile,Firefox,iOS,Referral,US,Hyderabad,Blog,Pricing,No,Returning Visitor,No,17,52,13,37,9908
2290,2290,ses2291,usd2291,2025-05-30,Tablet,Edge,MacOS,Social media,Germany,New York,Home,Products,No,Returning Visitor,Yes,46,5,18,23,4735
2291,2291,ses2292,usd2292,2025-04-10,Mobile,Safari,iOS,Social media,UK,Delhi,Pricing,Pricing,Yes,Returning Visitor,No,86,53,14,9,2050
2292,2292,ses2293,usd2293,2025-12-18,Desktop,Opera,Linux,Email marketing,Australia,Bangalore,About us,Blog,Yes,New Visitor,Yes,97,25,18,25,8298
2293,2293,ses2294,usd2294,2025-02-22,Tablet,Chrome,Android,Direct,Singapore,Singapore,Blog,Home,No,Returning Visitor,Yes,23,43,6,43,3336
2294,2294,ses2295,usd2295,2025-01-17,Desktop,Safari,iOS,Referral,Singapore,Chennai,Contact,Home,Yes,New Visitor,No,42,23,3,18,6079
2295,2295,ses2296,usd2296,2025-01-29,Desktop,Opera,Windows,Email marketing,Singapore,Mumbai,Services,Products,No,Returning Visitor,No,2,43,6,29,5116
2296,2296,ses2297,usd2297,2025-10-25,Desktop,Edge,Windows,Email marketing,Germany,Singapore,Home,Pricing,Yes,Returning Visitor,No,19,48,2,15,9019
2297,2297,ses2298,usd2298,2025-07-03,Mobile,Edge,Windows,Referral,Canada,Bangalore,Login,Contact,Yes,Returning Visitor,Yes,38,24,2,42,8040
2298,2298,ses2299,usd2299,2025-02-09,Mobile,Firefox,MacOS,Email marketing,Australia,London,Home,Products,No,New Visitor,No,99,31,24,17,3895
2299,2299,ses2300,usd2300,2025-08-30,Mobile,Safari,Linux,Paid search,Canada,Bangalore,Contact,Contact,No,Returning Visitor,Yes,36,22,1,44,165
2300,2300,ses2301,usd2301,2025-09-24,Desktop,Safari,Windows,Email marketing,India,Mumbai,Contact,Products,Yes,Returning Visitor,Yes,4,47,16,13,9354
2301,2301,ses2302,usd2302,2025-05-11,Desktop,Chrome,iOS,Email marketing,UK,New York,Blog,Contact,No,Returning Visitor,No,89,55,24,7,6001
2302,2302,ses2303,usd2303,2025-02-01,Desktop,Safari,Windows,Direct,Canada,London,Home,Contact,Yes,New Visitor,Yes,58,41,24,16,6717
2303,2303,ses2304,usd2304,2025-04-24,Mobile,Chrome,iOS,Referral,India,London,Blog,Blog,No,Returning Visitor,No,47,49,11,17,8463
2304,2304,ses2305,usd2305,2025-07-19,Mobile,Edge,MacOS,Referral,US,Hyderabad,About us,Services,No,New Visitor,No,52,28,14,35,1408
2305,2305,ses2306,usd2306,2025-10-10,Mobile,Edge,Windows,Social media,Germany,Bangalore,Home,Services,No,Returning Visitor,Yes,83,38,5,23,2902
2306,2306,ses2307,usd2307,2025-01-18,Mobile,Chrome,Linux,Organic search,India,New York,Pricing,Blog,Yes,Returning Visitor,Yes,78,42,9,36,4707
2307,2307,ses2308,usd2308,2025-10-27,Mobile,Edge,Linux,Referral,Australia,London,Home,Contact,No,New Visitor,Yes,55,49,9,37,2580
2308,2308,ses2309,usd2309,2025-03-26,Desktop,Edge,Linux,Social media,Germany,Sydney,Products,Pricing,Yes,Returning Visitor,No,95,7,6,33,7312
2309,2309,ses2310,usd2310,2025-06-08,Desktop,Opera,MacOS,Organic search,Singapore,Singapore,Products,Blog,Yes,Returning Visitor,Yes,21,24,5,2,6971
2310,2310,ses2311,usd2311,2025-10-27,Tablet,Firefox,MacOS,Paid search,India,Delhi,About us,Blog,Yes,Returning Visitor,Yes,38,27,17,21,7694
2311,2311,ses2312,usd2312,2025-07-12,Mobile,Edge,MacOS,Social media,Canada,Mumbai,Blog,Contact,No,New Visitor,No,32,59,10,47,6258
2312,2312,ses2313,usd2313,2025-12-29,Mobile,Safari,iOS,Email marketing,US,Hyderabad,Contact,Products,Yes,Returning Visitor,No,2,44,23,28,7786
2313,2313,ses2314,usd2314,2025-12-10,Desktop,Firefox,Linux,Email marketing,Canada,Chennai,Blog,Blog,No,New Visitor,Yes,80,42,8,46,4694
2314,2314,ses2315,usd2315,2025-11-21,Tablet,Opera,Android,Email marketing,India,Chennai,About us,Services,No,New Visitor,No,68,56,9,17,9348
2315,2315,ses2316,usd2316,2025-02-26,Mobile,Firefox,Android,Referral,Germany,Bangalore,Contact,Contact,Yes,Returning Visitor,No,26,6,1,5,4916
2316,2316,ses2317,usd2317,2025-10-26,Desktop,Firefox,Windows,Referral,Australia,Mumbai,Pricing,Products,Yes,New Visitor,No,74,23,8,45,2803
2317,2317,ses2318,usd2318,2025-09-13,Tablet,Opera,Windows,Referral,Singapore,Bangalore,Blog,Contact,Yes,Returning Visitor,No,12,51,7,36,7158
2318,2318,ses2319,usd2319,2025-09-03,Tablet,Firefox,Windows,Paid search,India,Bangalore,Services,Pricing,Yes,New Visitor,Yes,68,10,18,5,740
2319,2319,ses2320,usd2320,2025-06-05,Tablet,Opera,Windows,Email marketing,Australia,London,Products,Contact,No,Returning Visitor,No,15,39,18,35,8185
2320,2320,ses2321,usd2321,2025-04-16,Desktop,Opera,MacOS,Referral,US,Sydney,Home,Services,Yes,New Visitor,No,20,56,15,1,5207
2321,2321,ses2322,usd2322,2025-05-13,Mobile,Safari,Windows,Social media,Australia,New York,Services,Home,No,New Visitor,No,99,3,12,37,1647
2322,2322,ses2323,usd2323,2025-07-10,Mobile,Firefox,Android,Organic search,India,New York,Pricing,Blog,No,Returning Visitor,No,31,49,18,36,5191
2323,2323,ses2324,usd2324,2025-11-03,Tablet,Firefox,MacOS,Social media,UK,London,Products,Products,No,Returning Visitor,Yes,37,8,3,26,3286
2324,2324,ses2325,usd2325,2025-12-10,Desktop,Opera,Android,Email marketing,Canada,Singapore,Contact,Blog,Yes,New Visitor,Yes,50,16,24,27,742
2325,2325,ses2326,usd2326,2025-10-01,Tablet,Edge,MacOS,Direct,UK,Chennai,Products,Blog,Yes,Returning Visitor,No,21,37,20,27,809
2326,2326,ses2327,usd2327,2025-01-29,Tablet,Opera,iOS,Social media,UK,Delhi,Services,Home,No,New Visitor,No,76,46,6,7,5389
2327,2327,ses2328,usd2328,2025-06-17,Desktop,Safari,Windows,Paid search,Singapore,Mumbai,Blog,Contact,No,New Visitor,Yes,93,30,8,32,5903
2328,2328,ses2329,usd2329,2025-11-20,Mobile,Edge,Android,Email marketing,US,Sydney,About us,Products,Yes,New Visitor,Yes,29,33,5,25,9808
2329,2329,ses2330,usd2330,2025-01-04,Mobile,Opera,iOS,Referral,India,Bangalore,Blog,Contact,No,Returning Visitor,No,11,12,3,32,1876
2330,2330,ses2331,usd2331,2025-09-20,Mobile,Chrome,iOS,Email marketing,Canada,Bangalore,Contact,Services,Yes,New Visitor,No,75,44,8,9,9283
2331,2331,ses2332,usd2332,2025-07-10,Mobile,Safari,Linux,Social media,UK,Chennai,Home,Blog,Yes,New Visitor,Yes,14,50,9,30,7143
2332,2332,ses2333,usd2333,2025-05-08,Mobile,Firefox,MacOS,Referral,UK,Delhi,Contact,Contact,Yes,New Visitor,No,39,6,5,22,976
2333,2333,ses2334,usd2334,2025-03-11,Mobile,Safari,MacOS,Organic search,Canada,Singapore,Home,Pricing,Yes,Returning Visitor,No,98,18,8,42,8493
2334,2334,ses2335,usd2335,2025-04-17,Tablet,Chrome,Android,Organic search,Germany,Delhi,Blog,Products,Yes,New Visitor,No,37,41,5,1,9133
2335,2335,ses2336,usd2336,2025-10-14,Mobile,Firefox,iOS,Organic search,Canada,London,Login,Home,Yes,Returning Visitor,No,31,11,11,3,7805
2336,2336,ses2337,usd2337,2025-03-11,Tablet,Firefox,iOS,Social media,UK,New York,Pricing,Pricing,No,New Visitor,No,13,38,9,33,5613
2337,2337,ses2338,usd2338,2025-02-17,Desktop,Firefox,Linux,Social media,Germany,Sydney,Blog,Products,Yes,Returning Visitor,No,26,26,3,14,1542
2338,2338,ses2339,usd2339,2025-08-10,Mobile,Edge,iOS,Social media,US,Bangalore,About us,Contact,No,New Visitor,No,49,42,12,42,8009
2339,2339,ses2340,usd2340,2025-09-22,Desktop,Opera,iOS,Direct,Singapore,Chennai,Products,Pricing,Yes,New Visitor,No,25,1,6,4,373
2340,2340,ses2341,usd2341,2025-04-10,Tablet,Chrome,Android,Referral,Singapore,Delhi,Blog,Home,No,New Visitor,No,77,39,8,25,8886
2341,2341,ses2342,usd2342,2025-04-07,Tablet,Chrome,Linux,Referral,Australia,New York,Services,Products,Yes,New Visitor,Yes,18,8,20,30,5820
2342,2342,ses2343,usd2343,2025-01-21,Tablet,Firefox,Windows,Email marketing,Singapore,Sydney,Login,Pricing,Yes,Returning Visitor,Yes,85,53,11,25,2388
2343,2343,ses2344,usd2344,2025-01-10,Tablet,Firefox,Windows,Direct,Germany,London,Services,Contact,Yes,Returning Visitor,Yes,48,30,19,14,9692
2344,2344,ses2345,usd2345,2025-02-14,Mobile,Safari,iOS,Social media,Germany,Mumbai,About us,Products,Yes,New Visitor,No,47,27,3,27,1194
2345,2345,ses2346,usd2346,2025-09-11,Tablet,Firefox,Linux,Organic search,India,Delhi,Services,Products,No,New Visitor,No,3,14,2,25,9254
2346,2346,ses2347,usd2347,2025-08-29,Tablet,Chrome,Windows,Referral,UK,Singapore,Pricing,Pricing,No,New Visitor,No,57,58,14,5,7084
2347,2347,ses2348,usd2348,2025-05-14,Desktop,Opera,Linux,Email marketing,Singapore,Sydney,Pricing,Contact,Yes,Returning Visitor,Yes,21,51,11,1,8915
2348,2348,ses2349,usd2349,2025-09-06,Tablet,Firefox,MacOS,Referral,Australia,London,Pricing,Home,Yes,New Visitor,Yes,56,39,15,19,9773
2349,2349,ses2350,usd2350,2025-12-29,Desktop,Safari,MacOS,Social media,Singapore,Chennai,Blog,Services,Yes,Returning Visitor,Yes,66,53,12,28,4728
2350,2350,ses2351,usd2351,2025-02-12,Desktop,Opera,Linux,Paid search,Australia,Hyderabad,Contact,Services,Yes,Returning Visitor,No,37,34,14,12,5019
2351,2351,ses2352,usd2352,2025-07-21,Mobile,Edge,Linux,Social media,Germany,Sydney,Pricing,Home,No,New Visitor,No,1,25,9,21,8283
2352,2352,ses2353,usd2353,2025-03-05,Desktop,Chrome,Android,Paid search,Canada,New York,About us,Contact,No,New Visitor,No,39,27,21,43,4202
2353,2353,ses2354,usd2354,2025-03-11,Tablet,Chrome,MacOS,Paid search,Germany,New York,About us,Products,Yes,New Visitor,No,15,5,16,26,8687
2354,2354,ses2355,usd2355,2025-11-20,Mobile,Edge,Windows,Referral,India,London,Products,Contact,Yes,New Visitor,Yes,45,47,6,27,3521
2355,2355,ses2356,usd2356,2025-03-21,Mobile,Firefox,Windows,Organic search,US,London,Login,Home,Yes,Returning Visitor,No,10,11,12,48,4930
2356,2356,ses2357,usd2357,2025-08-23,Tablet,Chrome,Linux,Email marketing,Canada,New York,Pricing,Contact,No,New Visitor,No,80,22,20,10,1297
2357,2357,ses2358,usd2358,2025-09-30,Desktop,Firefox,iOS,Referral,UK,Hyderabad,Login,Blog,No,New Visitor,No,81,19,15,12,9174
2358,2358,ses2359,usd2359,2025-06-03,Desktop,Safari,MacOS,Direct,UK,Delhi,About us,Products,No,New Visitor,Yes,92,16,6,2,4151
2359,2359,ses2360,usd2360,2025-04-23,Tablet,Safari,Android,Referral,Australia,Singapore,Blog,Contact,No,New Visitor,No,39,3,15,40,4979
2360,2360,ses2361,usd2361,2025-09-02,Tablet,Opera,Linux,Social media,Germany,London,Login,Contact,Yes,New Visitor,No,40,41,6,21,6500
2361,2361,ses2362,usd2362,2025-08-27,Mobile,Chrome,Windows,Email marketing,Germany,Sydney,About us,Contact,No,New Visitor,Yes,66,30,21,32,7174
2362,2362,ses2363,usd2363,2025-11-13,Desktop,Chrome,iOS,Paid search,Germany,Delhi,Pricing,Contact,No,New Visitor,Yes,59,30,20,18,1225
2363,2363,ses2364,usd2364,2025-09-06,Desktop,Chrome,iOS,Email marketing,US,Delhi,About us,Services,Yes,Returning Visitor,No,43,16,21,10,7460
2364,2364,ses2365,usd2365,2025-07-23,Mobile,Edge,Windows,Direct,Germany,Sydney,Contact,Products,Yes,Returning Visitor,No,49,47,15,18,2784
2365,2365,ses2366,usd2366,2025-06-29,Mobile,Safari,Linux,Email marketing,Canada,Delhi,Home,Contact,No,Returning Visitor,No,39,56,22,26,4555
2366,2366,ses2367,usd2367,2025-11-26,Mobile,Edge,Android,Email marketing,India,Singapore,Home,Contact,Yes,New Visitor,Yes,89,45,23,25,4537
2367,2367,ses2368,usd2368,2025-11-08,Desktop,Chrome,iOS,Social media,Canada,Mumbai,Products,Services,No,New Visitor,No,48,4,17,32,8018
2368,2368,ses2369,usd2369,2025-01-31,Desktop,Opera,iOS,Social media,Canada,Mumbai,Pricing,Products,No,New Visitor,Yes,29,20,19,12,6216
2369,2369,ses2370,usd2370,2025-06-03,Desktop,Chrome,Android,Direct,Germany,Chennai,Contact,Contact,No,New Visitor,Yes,16,27,2,10,2818
2370,2370,ses2371,usd2371,2025-08-06,Desktop,Edge,MacOS,Organic search,UK,Bangalore,Blog,Blog,Yes,New Visitor,No,91,14,23,19,4351
2371,2371,ses2372,usd2372,2025-06-12,Desktop,Firefox,Windows,Organic search,India,New York,Contact,Home,Yes,New Visitor,No,92,2,12,49,5036
2372,2372,ses2373,usd2373,2025-10-09,Tablet,Edge,Linux,Paid search,India,Bangalore,Login,Home,Yes,Returning Visitor,No,81,2,12,28,9448
2373,2373,ses2374,usd2374,2025-07-25,Mobile,Chrome,MacOS,Paid search,Australia,Delhi,About us,Contact,Yes,New Visitor,No,36,17,6,18,4511
2374,2374,ses2375,usd2375,2025-10-30,Desktop,Edge,iOS,Email marketing,Australia,London,Blog,Services,No,Returning Visitor,Yes,82,14,1,20,146
2375,2375,ses2376,usd2376,2025-04-29,Tablet,Firefox,Android,Social media,UK,Hyderabad,Contact,Home,No,Returning Visitor,No,50,24,16,1,9554
2376,2376,ses2377,usd2377,2025-01-09,Mobile,Edge,Linux,Email marketing,Australia,Sydney,Blog,Contact,Yes,Returning Visitor,Yes,65,55,3,44,3094
2377,2377,ses2378,usd2378,2025-03-07,Desktop,Opera,Linux,Direct,Canada,Singapore,Services,Pricing,Yes,Returning Visitor,Yes,86,48,5,10,290
2378,2378,ses2379,usd2379,2025-03-19,Mobile,Edge,MacOS,Direct,UK,New York,Blog,Blog,No,Returning Visitor,Yes,2,24,12,25,4470
2379,2379,ses2380,usd2380,2025-09-23,Tablet,Safari,Windows,Paid search,Singapore,Bangalore,Pricing,Services,No,New Visitor,No,63,12,4,4,1107
2380,2380,ses2381,usd2381,2025-12-15,Desktop,Firefox,iOS,Social media,Canada,Mumbai,Products,Pricing,Yes,Returning Visitor,Yes,37,43,24,49,5389
2381,2381,ses2382,usd2382,2025-07-12,Mobile,Firefox,Android,Referral,India,Chennai,Blog,Pricing,Yes,New Visitor,Yes,85,31,16,36,9631
2382,2382,ses2383,usd2383,2025-11-29,Desktop,Chrome,MacOS,Paid search,UK,Chennai,About us,Blog,Yes,New Visitor,Yes,11,46,16,16,4150
2383,2383,ses2384,usd2384,2025-03-25,Tablet,Opera,Windows,Organic search,UK,London,Pricing,Blog,Yes,New Visitor,No,72,1,6,36,9647
2384,2384,ses2385,usd2385,2025-10-28,Tablet,Chrome,Windows,Organic search,India,Mumbai,Services,Services,No,Returning Visitor,No,84,54,21,21,3441
2385,2385,ses2386,usd2386,2025-01-20,Tablet,Chrome,Linux,Social media,US,Singapore,Home,Contact,No,Returning Visitor,Yes,90,35,4,27,5924
2386,2386,ses2387,usd2387,2025-02-07,Tablet,Firefox,Linux,Paid search,Australia,Bangalore,Blog,Home,No,New Visitor,No,24,37,16,13,21
2387,2387,ses2388,usd2388,2025-08-27,Mobile,Opera,iOS,Organic search,Australia,Delhi,Pricing,Pricing,Yes,Returning Visitor,No,22,56,5,16,5399
2388,2388,ses2389,usd2389,2025-07-29,Desktop,Chrome,Android,Social media,Germany,Chennai,Pricing,Blog,Yes,New Visitor,No,81,16,3,26,8890
2389,2389,ses2390,usd2390,2025-11-23,Tablet,Firefox,Linux,Social media,Germany,London,Pricing,Contact,Yes,New Visitor,Yes,73,42,13,37,2678
2390,2390,ses2391,usd2391,2025-08-13,Mobile,Safari,Windows,Email marketing,Germany,Mumbai,Contact,Pricing,Yes,Returning Visitor,No,73,2,23,17,9615
2391,2391,ses2392,usd2392,2025-09-19,Tablet,Opera,iOS,Referral,UK,New York,Pricing,Contact,Yes,Returning Visitor,No,98,37,18,47,4085
2392,2392,ses2393,usd2393,2025-09-02,Desktop,Safari,Windows,Direct,Singapore,Mumbai,Products,Home,No,New Visitor,No,52,22,3,40,5906
2393,2393,ses2394,usd2394,2025-10-16,Tablet,Chrome,MacOS,Email marketing,Canada,Chennai,Login,Services,Yes,New Visitor,No,67,56,6,11,2656
2394,2394,ses2395,usd2395,2025-09-20,Mobile,Edge,iOS,Referral,US,Singapore,Contact,Services,No,New Visitor,No,37,48,9,25,7451
2395,2395,ses2396,usd2396,2025-10-30,Mobile,Opera,iOS,Paid search,Germany,Delhi,Products,Pricing,No,New Visitor,Yes,56,54,2,39,514
2396,2396,ses2397,usd2397,2025-08-04,Mobile,Chrome,iOS,Referral,Australia,New York,Blog,Pricing,Yes,New Visitor,Yes,12,21,24,21,2414
2397,2397,ses2398,usd2398,2025-12-24,Tablet,Chrome,MacOS,Organic search,UK,Singapore,Login,Pricing,No,Returning Visitor,Yes,25,54,22,26,160
2398,2398,ses2399,usd2399,2025-10-26,Tablet,Chrome,MacOS,Email marketing,India,New York,Home,Blog,Yes,New Visitor,Yes,82,18,2,4,702
2399,2399,ses2400,usd2400,2025-02-25,Tablet,Firefox,MacOS,Organic search,Singapore,Hyderabad,About us,Home,No,Returning Visitor,No,26,43,12,32,9008
2400,2400,ses2401,usd2401,2025-05-26,Mobile,Opera,Android,Referral,India,Delhi,About us,Products,No,New Visitor,Yes,50,41,11,39,335
2401,2401,ses2402,usd2402,2025-12-27,Desktop,Opera,iOS,Email marketing,India,Sydney,About us,Blog,No,Returning Visitor,No,66,48,14,7,3375
2402,2402,ses2403,usd2403,2025-02-17,Tablet,Edge,Android,Referral,UK,London,Login,Pricing,Yes,Returning Visitor,No,27,41,20,1,8835
2403,2403,ses2404,usd2404,2025-12-31,Tablet,Chrome,Linux,Direct,UK,Bangalore,About us,Blog,No,Returning Visitor,No,14,43,2,1,6384
2404,2404,ses2405,usd2405,2025-08-12,Mobile,Edge,Linux,Paid search,Australia,Chennai,Login,Contact,Yes,Returning Visitor,Yes,3,28,5,19,9092
2405,2405,ses2406,usd2406,2025-01-16,Mobile,Firefox,Windows,Email marketing,India,Sydney,Home,Pricing,Yes,New Visitor,No,51,37,23,45,6565
2406,2406,ses2407,usd2407,2025-03-14,Tablet,Opera,Android,Email marketing,Singapore,Bangalore,Blog,Home,No,New Visitor,No,7,6,6,12,5099
2407,2407,ses2408,usd2408,2025-11-08,Desktop,Chrome,MacOS,Referral,Singapore,New York,Services,Home,Yes,New Visitor,Yes,72,6,16,15,9013
2408,2408,ses2409,usd2409,2025-07-11,Mobile,Firefox,Windows,Organic search,Australia,Bangalore,Pricing,Pricing,Yes,Returning Visitor,No,99,4,9,18,747
2409,2409,ses2410,usd2410,2025-02-07,Mobile,Chrome,Linux,Organic search,Singapore,Hyderabad,Home,Pricing,No,Returning Visitor,Yes,92,56,3,15,34
2410,2410,ses2411,usd2411,2025-05-10,Mobile,Opera,Android,Social media,US,Bangalore,Products,Pricing,Yes,Returning Visitor,Yes,76,56,21,1,5664
2411,2411,ses2412,usd2412,2025-05-09,Mobile,Firefox,Linux,Direct,US,Hyderabad,Pricing,Blog,Yes,New Visitor,Yes,42,39,13,23,6444
2412,2412,ses2413,usd2413,2025-07-30,Tablet,Safari,Linux,Referral,Germany,Mumbai,Blog,Contact,No,Returning Visitor,Yes,58,36,13,49,2967
2413,2413,ses2414,usd2414,2025-09-29,Mobile,Edge,Android,Referral,India,Bangalore,Products,Pricing,Yes,Returning Visitor,Yes,89,32,18,42,3449
2414,2414,ses2415,usd2415,2025-06-12,Tablet,Firefox,Android,Direct,UK,Bangalore,About us,Services,Yes,Returning Visitor,Yes,56,6,15,31,6337
2415,2415,ses2416,usd2416,2025-01-17,Mobile,Edge,Linux,Direct,Canada,Hyderabad,Home,Home,Yes,New Visitor,No,69,15,7,22,8847
2416,2416,ses2417,usd2417,2025-12-22,Tablet,Firefox,Android,Social media,Australia,Chennai,Blog,Contact,No,Returning Visitor,Yes,88,21,14,2,6847
2417,2417,ses2418,usd2418,2025-02-07,Desktop,Safari,Android,Referral,UK,Delhi,Login,Pricing,Yes,New Visitor,Yes,11,6,17,22,703
2418,2418,ses2419,usd2419,2025-07-28,Desktop,Opera,Linux,Email marketing,Canada,Sydney,Services,Home,Yes,Returning Visitor,No,92,55,12,39,72
2419,2419,ses2420,usd2420,2025-05-07,Mobile,Edge,MacOS,Direct,UK,Delhi,Login,Services,No,New Visitor,No,32,51,24,16,3867
2420,2420,ses2421,usd2421,2025-09-18,Mobile,Firefox,Android,Referral,US,New York,Contact,Home,Yes,Returning Visitor,Yes,78,5,17,10,3412
2421,2421,ses2422,usd2422,2025-10-21,Mobile,Firefox,iOS,Organic search,US,London,About us,Pricing,No,New Visitor,Yes,52,25,5,21,7940
2422,2422,ses2423,usd2423,2025-05-15,Mobile,Safari,Windows,Social media,Germany,London,Services,Pricing,Yes,Returning Visitor,Yes,48,38,9,40,2315
2423,2423,ses2424,usd2424,2025-12-19,Mobile,Firefox,Linux,Direct,UK,Delhi,About us,Pricing,No,Returning Visitor,No,99,27,5,5,3975
2424,2424,ses2425,usd2425,2025-08-16,Tablet,Chrome,MacOS,Direct,Singapore,Bangalore,About us,Contact,No,Returning Visitor,No,67,53,7,32,1414
2425,2425,ses2426,usd2426,2025-12-10,Mobile,Edge,MacOS,Direct,Germany,Chennai,Blog,Home,No,Returning Visitor,No,10,15,19,5,9128
2426,2426,ses2427,usd2427,2025-05-22,Tablet,Chrome,iOS,Social media,US,Singapore,Pricing,Blog,No,Returning Visitor,Yes,98,42,11,29,4619
2427,2427,ses2428,usd2428,2025-08-07,Mobile,Safari,Android,Email marketing,Singapore,New York,Products,Pricing,No,New Visitor,No,30,13,16,23,7489
2428,2428,ses2429,usd2429,2025-02-23,Mobile,Safari,MacOS,Paid search,UK,Singapore,Contact,Pricing,Yes,Returning Visitor,Yes,77,5,11,18,9522
2429,2429,ses2430,usd2430,2025-07-27,Desktop,Chrome,Android,Social media,UK,London,Home,Services,Yes,New Visitor,Yes,47,46,12,21,1387
2430,2430,ses2431,usd2431,2025-08-14,Tablet,Opera,Linux,Referral,Canada,Chennai,About us,Products,No,Returning Visitor,Yes,4,52,15,30,5930
2431,2431,ses2432,usd2432,2025-10-06,Tablet,Chrome,MacOS,Paid search,US,New York,Home,Products,Yes,New Visitor,No,40,9,8,31,3670
2432,2432,ses2433,usd2433,2025-06-05,Desktop,Safari,MacOS,Social media,India,Mumbai,Contact,Blog,Yes,New Visitor,Yes,64,50,5,14,6565
2433,2433,ses2434,usd2434,2025-04-16,Tablet,Chrome,Android,Email marketing,India,Delhi,Home,Services,Yes,Returning Visitor,No,58,7,3,34,1765
2434,2434,ses2435,usd2435,2025-08-20,Desktop,Edge,MacOS,Social media,Singapore,Chennai,Blog,Contact,Yes,New Visitor,No,35,5,18,4,1763
2435,2435,ses2436,usd2436,2025-02-04,Desktop,Firefox,Linux,Organic search,Australia,London,Pricing,Pricing,No,New Visitor,No,5,40,17,18,7384
2436,2436,ses2437,usd2437,2025-12-31,Tablet,Opera,Windows,Referral,Singapore,Sydney,Home,Pricing,No,New Visitor,No,92,5,14,23,4664
2437,2437,ses2438,usd2438,2025-11-10,Mobile,Opera,Android,Email marketing,UK,Bangalore,Products,Services,No,Returning Visitor,Yes,98,7,2,44,2226
2438,2438,ses2439,usd2439,2025-07-25,Tablet,Opera,Windows,Paid search,Singapore,Singapore,Blog,Pricing,No,Returning Visitor,Yes,69,50,14,43,6517
2439,2439,ses2440,usd2440,2025-02-08,Mobile,Edge,iOS,Organic search,Singapore,Hyderabad,Blog,Services,No,Returning Visitor,Yes,72,30,6,16,2825
2440,2440,ses2441,usd2441,2025-11-06,Desktop,Edge,Android,Organic search,UK,Sydney,Contact,Services,Yes,Returning Visitor,No,73,48,12,40,9474
2441,2441,ses2442,usd2442,2025-10-28,Tablet,Firefox,Windows,Referral,Germany,Delhi,Contact,Contact,No,New Visitor,No,4,46,7,17,8354
2442,2442,ses2443,usd2443,2025-08-01,Mobile,Chrome,iOS,Email marketing,Canada,Chennai,Home,Pricing,No,Returning Visitor,Yes,42,28,9,18,4594
2443,2443,ses2444,usd2444,2025-06-01,Tablet,Safari,iOS,Paid search,Canada,Delhi,Login,Contact,Yes,New Visitor,No,10,21,13,13,4037
2444,2444,ses2445,usd2445,2025-01-11,Desktop,Safari,Windows,Referral,US,Chennai,About us,Products,No,Returning Visitor,No,87,15,23,39,2871
2445,2445,ses2446,usd2446,2025-10-25,Desktop,Chrome,Windows,Organic search,US,Hyderabad,Contact,Contact,No,Returning Visitor,Yes,36,33,1,15,9619
2446,2446,ses2447,usd2447,2025-04-16,Desktop,Chrome,Android,Email marketing,Canada,Chennai,About us,Home,Yes,Returning Visitor,No,24,49,21,27,7353
2447,2447,ses2448,usd2448,2025-07-04,Desktop,Chrome,Android,Social media,Canada,Sydney,Blog,Home,No,Returning Visitor,No,2,51,20,2,612
2448,2448,ses2449,usd2449,2025-11-05,Tablet,Chrome,iOS,Email marketing,India,New York,Contact,Home,Yes,Returning Visitor,No,69,22,21,20,1989
2449,2449,ses2450,usd2450,2025-01-23,Mobile,Safari,iOS,Organic search,Germany,London,About us,Contact,Yes,New Visitor,No,8,35,21,39,7165
2450,2450,ses2451,usd2451,2025-10-28,Desktop,Chrome,Windows,Organic search,UK,Mumbai,About us,Products,Yes,Returning Visitor,Yes,46,51,13,20,4074
2451,2451,ses2452,usd2452,2025-03-04,Desktop,Safari,Android,Paid search,Australia,Sydney,Contact,Home,No,Returning Visitor,Yes,12,37,6,47,3702
2452,2452,ses2453,usd2453,2025-05-31,Mobile,Chrome,Linux,Direct,Australia,Sydney,Home,Pricing,No,Returning Visitor,Yes,80,4,15,7,8145
2453,2453,ses2454,usd2454,2025-02-11,Mobile,Firefox,iOS,Organic search,Canada,Sydney,Products,Services,No,Returning Visitor,Yes,74,22,3,44,1528
2454,2454,ses2455,usd2455,2025-08-17,Mobile,Firefox,iOS,Organic search,UK,Hyderabad,About us,Contact,No,Returning Visitor,No,34,35,24,1,5600
2455,2455,ses2456,usd2456,2025-01-21,Tablet,Firefox,MacOS,Direct,Canada,London,Services,Home,No,New Visitor,Yes,51,28,8,13,5410
2456,2456,ses2457,usd2457,2025-02-18,Mobile,Chrome,Linux,Organic search,US,Chennai,Services,Services,No,Returning Visitor,Yes,3,6,11,11,5198
2457,2457,ses2458,usd2458,2025-10-02,Desktop,Chrome,iOS,Social media,Singapore,Singapore,Pricing,Pricing,No,New Visitor,Yes,39,45,1,15,8174
2458,2458,ses2459,usd2459,2025-04-24,Tablet,Firefox,Linux,Direct,Canada,Singapore,About us,Products,No,New Visitor,Yes,95,47,2,22,3265
2459,2459,ses2460,usd2460,2025-07-01,Mobile,Edge,iOS,Referral,India,Sydney,Services,Services,No,Returning Visitor,No,17,41,2,24,1448
2460,2460,ses2461,usd2461,2025-04-02,Tablet,Opera,iOS,Social media,UK,Sydney,Login,Contact,Yes,New Visitor,No,9,25,21,38,2751
2461,2461,ses2462,usd2462,2025-12-21,Mobile,Edge,iOS,Direct,Singapore,London,About us,Services,Yes,New Visitor,Yes,39,48,19,43,3485
2462,2462,ses2463,usd2463,2025-07-24,Desktop,Opera,Windows,Email marketing,Germany,Chennai,About us,Contact,No,New Visitor,No,19,26,15,42,9969
2463,2463,ses2464,usd2464,2025-10-30,Mobile,Firefox,iOS,Social media,Canada,Singapore,Products,Contact,Yes,Returning Visitor,Yes,78,16,22,35,130
2464,2464,ses2465,usd2465,2025-01-23,Desktop,Chrome,Windows,Email marketing,Singapore,London,Pricing,Pricing,Yes,New Visitor,No,10,1,20,42,4684
2465,2465,ses2466,usd2466,2025-05-23,Desktop,Chrome,Windows,Email marketing,Germany,Bangalore,About us,Home,Yes,Returning Visitor,Yes,36,53,16,48,2388
2466,2466,ses2467,usd2467,2025-07-22,Mobile,Opera,Android,Direct,Germany,Bangalore,About us,Products,Yes,Returning Visitor,No,5,59,8,28,8210
2467,2467,ses2468,usd2468,2025-09-05,Desktop,Chrome,MacOS,Paid search,Germany,New York,Home,Blog,No,New Visitor,No,55,15,21,36,933
2468,2468,ses2469,usd2469,2025-12-09,Tablet,Chrome,Linux,Paid search,US,Singapore,Contact,Home,No,New Visitor,Yes,48,11,10,49,6480
2469,2469,ses2470,usd2470,2025-10-15,Mobile,Safari,iOS,Referral,UK,Singapore,Blog,Services,Yes,Returning Visitor,Yes,52,21,1,42,5701
2470,2470,ses2471,usd2471,2025-09-19,Mobile,Edge,Windows,Email marketing,Australia,Chennai,Blog,Home,No,Returning Visitor,Yes,24,28,20,19,3600
2471,2471,ses2472,usd2472,2025-01-10,Tablet,Edge,Android,Referral,India,London,About us,Home,Yes,New Visitor,No,23,29,21,34,6513
2472,2472,ses2473,usd2473,2025-04-06,Tablet,Firefox,Android,Organic search,India,Delhi,Blog,Blog,No,New Visitor,No,90,52,10,48,3408
2473,2473,ses2474,usd2474,2025-11-21,Mobile,Safari,MacOS,Social media,India,London,Home,Contact,Yes,Returning Visitor,Yes,42,32,10,5,6506
2474,2474,ses2475,usd2475,2025-04-13,Mobile,Safari,Android,Direct,Canada,London,Products,Contact,Yes,New Visitor,No,4,37,3,20,2965
2475,2475,ses2476,usd2476,2025-03-25,Desktop,Chrome,Linux,Paid search,UK,Mumbai,Contact,Contact,Yes,Returning Visitor,No,53,22,18,5,7675
2476,2476,ses2477,usd2477,2025-03-21,Desktop,Chrome,iOS,Email marketing,Canada,London,Home,Home,Yes,New Visitor,Yes,15,22,16,22,1734
2477,2477,ses2478,usd2478,2025-05-08,Mobile,Safari,Linux,Email marketing,Canada,Bangalore,Login,Contact,No,Returning Visitor,No,72,37,10,23,1783
2478,2478,ses2479,usd2479,2025-04-04,Desktop,Chrome,iOS,Email marketing,Germany,New York,Login,Blog,Yes,New Visitor,No,22,3,10,9,1950
2479,2479,ses2480,usd2480,2025-03-31,Desktop,Edge,MacOS,Paid search,Singapore,Hyderabad,Blog,Products,Yes,Returning Visitor,No,99,54,9,15,2405
2480,2480,ses2481,usd2481,2025-07-14,Desktop,Opera,Linux,Email marketing,UK,Singapore,Products,Pricing,Yes,New Visitor,Yes,31,55,22,30,6972
2481,2481,ses2482,usd2482,2025-10-13,Mobile,Firefox,Android,Referral,Germany,Sydney,Blog,Contact,No,New Visitor,No,74,52,17,18,7078
2482,2482,ses2483,usd2483,2025-07-30,Mobile,Chrome,Windows,Referral,India,Chennai,Home,Services,No,Returning Visitor,No,22,53,23,20,2338
2483,2483,ses2484,usd2484,2025-12-20,Tablet,Opera,Android,Referral,Australia,New York,Login,Services,No,New Visitor,Yes,36,59,18,19,8442
2484,2484,ses2485,usd2485,2025-03-16,Desktop,Opera,Windows,Social media,Singapore,London,Contact,Products,Yes,New Visitor,Yes,44,35,4,20,5215
2485,2485,ses2486,usd2486,2025-11-23,Mobile,Chrome,MacOS,Social media,UK,Delhi,Login,Blog,Yes,New Visitor,No,85,58,12,21,1747
2486,2486,ses2487,usd2487,2025-11-29,Desktop,Chrome,iOS,Referral,Germany,Hyderabad,Services,Services,Yes,New Visitor,No,97,16,18,3,4544
2487,2487,ses2488,usd2488,2025-02-01,Mobile,Chrome,Android,Social media,Australia,Chennai,Login,Blog,Yes,New Visitor,No,35,34,24,1,1456
2488,2488,ses2489,usd2489,2025-03-09,Tablet,Opera,iOS,Paid search,Singapore,Singapore,Products,Services,Yes,Returning Visitor,No,93,13,10,23,5151
2489,2489,ses2490,usd2490,2025-09-04,Desktop,Opera,iOS,Direct,Australia,London,About us,Contact,Yes,Returning Visitor,No,30,57,21,7,1133
2490,2490,ses2491,usd2491,2025-07-25,Mobile,Opera,Linux,Organic search,Singapore,Hyderabad,Blog,Services,Yes,Returning Visitor,Yes,92,25,11,24,8623
2491,2491,ses2492,usd2492,2025-05-01,Tablet,Safari,Android,Direct,US,Chennai,Pricing,Blog,No,New Visitor,No,82,11,11,11,9667
2492,2492,ses2493,usd2493,2025-07-19,Tablet,Edge,MacOS,Organic search,UK,Delhi,Pricing,Contact,No,Returning Visitor,Yes,22,37,24,49,3454
2493,2493,ses2494,usd2494,2025-08-23,Mobile,Chrome,Windows,Email marketing,Singapore,Mumbai,Contact,Blog,Yes,New Visitor,No,96,49,9,43,8555
2494,2494,ses2495,usd2495,2025-10-15,Desktop,Chrome,Android,Referral,US,New York,Contact,Pricing,No,Returning Visitor,No,82,29,24,36,5694
2495,2495,ses2496,usd2496,2025-03-28,Desktop,Firefox,iOS,Direct,Germany,Hyderabad,Contact,Home,Yes,New Visitor,No,50,38,16,17,5153
2496,2496,ses2497,usd2497,2025-06-23,Desktop,Firefox,iOS,Social media,Australia,New York,Contact,Home,No,New Visitor,Yes,98,45,19,39,6443
2497,2497,ses2498,usd2498,2025-04-24,Mobile,Firefox,Windows,Organic search,Germany,Hyderabad,About us,Contact,No,New Visitor,Yes,17,31,6,40,1683
2498,2498,ses2499,usd2499,2025-12-12,Mobile,Opera,iOS,Email marketing,Canada,Chennai,Home,Pricing,No,Returning Visitor,No,56,49,4,12,7391
2499,2499,ses2500,usd2500,2025-03-17,Mobile,Safari,Windows,Organic search,Singapore,Sydney,Blog,Services,Yes,Returning Visitor,Yes,39,57,15,36,2494
2500,2500,ses2501,usd2501,2025-10-23,Desktop,Chrome,Windows,Email marketing,Australia,Singapore,Products,Home,No,New Visitor,Yes,22,19,22,41,9217
2501,2501,ses2502,usd2502,2025-09-14,Desktop,Edge,MacOS,Paid search,Singapore,London,Products,Contact,Yes,New Visitor,No,42,49,11,34,9537
2502,2502,ses2503,usd2503,2025-06-23,Tablet,Opera,Linux,Email marketing,India,New York,About us,Pricing,Yes,Returning Visitor,Yes,72,15,16,40,4205
2503,2503,ses2504,usd2504,2025-06-16,Mobile,Safari,MacOS,Referral,India,Mumbai,Services,Blog,Yes,Returning Visitor,No,18,4,24,46,2118
2504,2504,ses2505,usd2505,2025-05-30,Mobile,Chrome,Linux,Paid search,Germany,Chennai,Blog,Contact,No,Returning Visitor,No,84,25,20,26,2757
2505,2505,ses2506,usd2506,2025-02-26,Tablet,Opera,iOS,Paid search,Australia,Singapore,About us,Services,Yes,Returning Visitor,No,97,38,19,8,2216
2506,2506,ses2507,usd2507,2025-07-11,Mobile,Firefox,Windows,Paid search,Canada,London,Home,Contact,No,Returning Visitor,Yes,15,32,16,5,7352
2507,2507,ses2508,usd2508,2025-11-18,Desktop,Opera,iOS,Organic search,Australia,Mumbai,About us,Pricing,Yes,New Visitor,No,87,51,21,46,807
2508,2508,ses2509,usd2509,2025-09-23,Tablet,Firefox,Windows,Paid search,Australia,London,Login,Blog,Yes,Returning Visitor,No,22,7,19,10,5425
2509,2509,ses2510,usd2510,2025-03-24,Tablet,Firefox,Linux,Paid search,Germany,Sydney,Products,Contact,Yes,New Visitor,Yes,4,43,18,36,1096
2510,2510,ses2511,usd2511,2025-07-12,Desktop,Edge,Linux,Email marketing,Singapore,London,Blog,Contact,Yes,Returning Visitor,Yes,65,46,6,16,9992
2511,2511,ses2512,usd2512,2025-08-22,Desktop,Chrome,MacOS,Direct,India,Hyderabad,Contact,Contact,No,New Visitor,No,63,1,1,17,1954
2512,2512,ses2513,usd2513,2025-06-03,Tablet,Firefox,MacOS,Referral,UK,London,Login,Home,No,Returning Visitor,Yes,39,29,10,2,6388
2513,2513,ses2514,usd2514,2025-02-09,Mobile,Opera,Android,Social media,Canada,Hyderabad,Login,Contact,No,New Visitor,Yes,29,12,4,1,4416
2514,2514,ses2515,usd2515,2025-01-28,Mobile,Firefox,Linux,Social media,Canada,Mumbai,Services,Contact,Yes,Returning Visitor,No,34,22,14,10,2754
2515,2515,ses2516,usd2516,2025-03-04,Mobile,Opera,Windows,Email marketing,US,Delhi,Pricing,Contact,No,New Visitor,No,56,33,17,36,8219
2516,2516,ses2517,usd2517,2025-06-05,Mobile,Edge,MacOS,Social media,UK,Singapore,Login,Home,Yes,Returning Visitor,No,48,36,11,44,6271
2517,2517,ses2518,usd2518,2025-09-27,Desktop,Opera,iOS,Social media,Canada,Sydney,Products,Pricing,No,New Visitor,Yes,49,29,1,11,4831
2518,2518,ses2519,usd2519,2025-09-26,Desktop,Chrome,Linux,Referral,US,Sydney,Products,Blog,Yes,Returning Visitor,No,25,3,4,32,2242
2519,2519,ses2520,usd2520,2025-08-25,Mobile,Opera,MacOS,Organic search,Germany,New York,About us,Products,Yes,New Visitor,No,11,54,20,24,9740
2520,2520,ses2521,usd2521,2025-08-25,Mobile,Chrome,MacOS,Email marketing,Australia,Mumbai,Products,Services,No,New Visitor,Yes,32,28,1,22,6581
2521,2521,ses2522,usd2522,2025-04-05,Desktop,Opera,Linux,Referral,US,Hyderabad,Services,Home,No,Returning Visitor,Yes,5,33,23,22,2763
2522,2522,ses2523,usd2523,2025-06-11,Tablet,Opera,Linux,Referral,UK,New York,Login,Home,Yes,Returning Visitor,Yes,37,28,21,11,5575
2523,2523,ses2524,usd2524,2025-09-05,Desktop,Firefox,iOS,Organic search,US,Mumbai,Services,Blog,No,Returning Visitor,Yes,9,14,21,42,4682
2524,2524,ses2525,usd2525,2025-03-10,Desktop,Firefox,iOS,Social media,India,Bangalore,Products,Contact,No,Returning Visitor,Yes,5,34,16,45,304
2525,2525,ses2526,usd2526,2025-11-16,Mobile,Edge,Android,Referral,Australia,Chennai,Services,Products,No,Returning Visitor,No,95,15,9,28,8196
2526,2526,ses2527,usd2527,2025-12-18,Mobile,Opera,iOS,Social media,Singapore,Bangalore,Contact,Products,No,New Visitor,Yes,93,57,19,14,5579
2527,2527,ses2528,usd2528,2025-12-02,Mobile,Firefox,Windows,Direct,Australia,New York,Contact,Home,Yes,New Visitor,Yes,39,13,15,36,2382
2528,2528,ses2529,usd2529,2025-08-20,Mobile,Safari,Linux,Email marketing,Singapore,New York,About us,Blog,No,New Visitor,No,29,53,9,20,8328
2529,2529,ses2530,usd2530,2025-03-23,Desktop,Safari,Windows,Direct,UK,Singapore,Home,Contact,Yes,Returning Visitor,No,39,46,19,13,5704
2530,2530,ses2531,usd2531,2025-12-01,Tablet,Edge,Android,Organic search,Australia,Singapore,Contact,Blog,Yes,New Visitor,No,65,37,14,23,442
2531,2531,ses2532,usd2532,2025-10-29,Tablet,Safari,MacOS,Paid search,India,Delhi,Home,Blog,No,Returning Visitor,No,46,5,24,4,9675
2532,2532,ses2533,usd2533,2025-09-02,Tablet,Firefox,Android,Referral,US,Delhi,Products,Pricing,Yes,New Visitor,Yes,54,39,7,39,9374
2533,2533,ses2534,usd2534,2025-02-24,Mobile,Safari,iOS,Social media,US,New York,Home,Contact,Yes,Returning Visitor,No,85,5,11,48,7675
2534,2534,ses2535,usd2535,2025-12-13,Mobile,Safari,Linux,Organic search,Canada,London,Blog,Blog,Yes,Returning Visitor,No,39,30,17,18,8451
2535,2535,ses2536,usd2536,2025-06-04,Desktop,Firefox,MacOS,Social media,Canada,Chennai,Pricing,Home,No,Returning Visitor,No,29,49,17,42,5233
2536,2536,ses2537,usd2537,2025-10-18,Mobile,Edge,Linux,Email marketing,Singapore,Sydney,About us,Services,Yes,New Visitor,Yes,65,1,14,4,9373
2537,2537,ses2538,usd2538,2025-12-17,Tablet,Firefox,MacOS,Organic search,Australia,Chennai,Services,Pricing,Yes,Returning Visitor,Yes,6,47,17,36,2805
2538,2538,ses2539,usd2539,2025-03-09,Mobile,Opera,Android,Organic search,India,Mumbai,Login,Home,No,New Visitor,Yes,30,21,2,14,1108
2539,2539,ses2540,usd2540,2025-09-08,Desktop,Edge,Windows,Referral,Canada,Hyderabad,Blog,Contact,No,New Visitor,Yes,88,57,8,14,9448
2540,2540,ses2541,usd2541,2025-07-26,Desktop,Safari,Linux,Social media,UK,New York,Products,Pricing,Yes,New Visitor,No,65,10,23,6,179
2541,2541,ses2542,usd2542,2025-11-08,Mobile,Safari,Android,Referral,Canada,Delhi,Login,Home,Yes,New Visitor,No,98,15,9,6,5885
2542,2542,ses2543,usd2543,2025-09-28,Desktop,Edge,MacOS,Email marketing,UK,Delhi,Blog,Pricing,Yes,Returning Visitor,No,82,16,18,10,8539
2543,2543,ses2544,usd2544,2025-02-12,Desktop,Chrome,Android,Email marketing,Singapore,Sydney,Services,Contact,No,New Visitor,No,2,23,10,20,5541
2544,2544,ses2545,usd2545,2025-08-01,Tablet,Opera,Android,Email marketing,US,Mumbai,About us,Services,Yes,New Visitor,Yes,72,36,24,10,7615
2545,2545,ses2546,usd2546,2025-08-15,Tablet,Opera,Windows,Direct,Australia,Sydney,Products,Services,No,New Visitor,Yes,71,7,12,32,486
2546,2546,ses2547,usd2547,2025-07-30,Mobile,Safari,MacOS,Email marketing,Germany,Bangalore,Blog,Blog,No,New Visitor,No,17,21,16,18,3238
2547,2547,ses2548,usd2548,2025-01-03,Desktop,Firefox,Windows,Referral,Canada,Delhi,Login,Home,No,New Visitor,No,68,43,4,33,7437
2548,2548,ses2549,usd2549,2025-02-19,Tablet,Opera,Android,Email marketing,Germany,New York,Home,Blog,Yes,New Visitor,No,56,14,10,39,5315
2549,2549,ses2550,usd2550,2025-09-06,Desktop,Chrome,Windows,Organic search,Germany,Mumbai,Contact,Services,Yes,Returning Visitor,Yes,66,37,6,46,9924
2550,2550,ses2551,usd2551,2025-03-04,Mobile,Opera,Android,Social media,Australia,London,Blog,Contact,No,New Visitor,No,71,58,24,32,770
2551,2551,ses2552,usd2552,2025-04-07,Desktop,Chrome,MacOS,Organic search,Singapore,Delhi,About us,Services,No,New Visitor,Yes,65,16,19,26,2873
2552,2552,ses2553,usd2553,2025-01-08,Mobile,Safari,MacOS,Direct,Canada,Hyderabad,Products,Services,Yes,New Visitor,No,54,1,14,46,119
2553,2553,ses2554,usd2554,2025-02-06,Desktop,Edge,Windows,Paid search,Canada,Mumbai,Blog,Contact,No,New Visitor,No,50,53,22,10,1650
2554,2554,ses2555,usd2555,2025-11-08,Desktop,Chrome,Windows,Direct,Australia,Mumbai,Products,Services,Yes,New Visitor,No,50,8,23,21,1048
2555,2555,ses2556,usd2556,2025-07-25,Desktop,Opera,MacOS,Direct,Canada,Hyderabad,Pricing,Services,Yes,New Visitor,Yes,60,58,14,23,4182
2556,2556,ses2557,usd2557,2025-09-05,Tablet,Edge,MacOS,Organic search,Germany,Delhi,Home,Contact,Yes,New Visitor,Yes,20,51,10,10,822
2557,2557,ses2558,usd2558,2025-07-24,Desktop,Firefox,Linux,Referral,Singapore,New York,Contact,Pricing,No,New Visitor,Yes,73,29,22,15,9541
2558,2558,ses2559,usd2559,2025-10-01,Desktop,Chrome,Android,Referral,Canada,London,Home,Contact,No,Returning Visitor,No,69,59,13,9,6625
2559,2559,ses2560,usd2560,2025-03-05,Tablet,Firefox,iOS,Referral,Australia,Delhi,Pricing,Pricing,No,New Visitor,No,3,56,18,47,8028
2560,2560,ses2561,usd2561,2025-12-11,Mobile,Opera,iOS,Paid search,Canada,Chennai,Services,Services,No,Returning Visitor,No,90,10,2,28,4746
2561,2561,ses2562,usd2562,2025-03-01,Mobile,Chrome,Android,Social media,UK,Delhi,Pricing,Contact,Yes,Returning Visitor,No,81,14,11,43,9249
2562,2562,ses2563,usd2563,2025-11-08,Mobile,Firefox,Windows,Direct,Australia,Delhi,Login,Contact,Yes,Returning Visitor,Yes,27,58,11,45,5997
2563,2563,ses2564,usd2564,2025-11-26,Mobile,Chrome,Linux,Social media,Germany,Chennai,About us,Products,No,New Visitor,Yes,87,6,7,17,2979
2564,2564,ses2565,usd2565,2025-06-20,Desktop,Edge,MacOS,Referral,Canada,Mumbai,Services,Services,No,New Visitor,No,17,8,23,15,1753
2565,2565,ses2566,usd2566,2025-09-26,Mobile,Chrome,MacOS,Organic search,UK,Hyderabad,Services,Services,Yes,New Visitor,No,74,17,14,26,5311
2566,2566,ses2567,usd2567,2025-09-11,Tablet,Firefox,Android,Referral,Germany,Singapore,Products,Services,Yes,Returning Visitor,Yes,52,33,1,49,5097
2567,2567,ses2568,usd2568,2025-07-30,Tablet,Safari,Linux,Social media,Australia,Mumbai,Login,Products,No,Returning Visitor,Yes,56,15,5,32,9699
2568,2568,ses2569,usd2569,2025-08-31,Mobile,Edge,Windows,Email marketing,US,Mumbai,Products,Contact,Yes,New Visitor,No,99,51,2,47,6454
2569,2569,ses2570,usd2570,2025-04-10,Mobile,Edge,Android,Email marketing,Germany,Delhi,Contact,Home,Yes,New Visitor,Yes,64,30,16,13,7006
2570,2570,ses2571,usd2571,2025-02-27,Desktop,Safari,Android,Referral,Canada,Bangalore,Contact,Contact,Yes,Returning Visitor,Yes,70,41,14,48,2626
2571,2571,ses2572,usd2572,2025-01-23,Tablet,Safari,Android,Email marketing,Canada,Singapore,Blog,Contact,No,New Visitor,Yes,91,35,6,46,6118
2572,2572,ses2573,usd2573,2025-12-29,Tablet,Safari,MacOS,Direct,Australia,Mumbai,Login,Services,No,New Visitor,No,75,38,10,45,7844
2573,2573,ses2574,usd2574,2025-09-10,Desktop,Chrome,iOS,Social media,Singapore,Singapore,Pricing,Products,Yes,Returning Visitor,Yes,74,1,10,34,8790
2574,2574,ses2575,usd2575,2025-04-21,Desktop,Safari,Windows,Email marketing,Germany,London,Services,Blog,Yes,Returning Visitor,Yes,25,15,18,30,4118
2575,2575,ses2576,usd2576,2025-04-11,Tablet,Safari,MacOS,Paid search,US,Chennai,Login,Contact,No,New Visitor,No,98,27,8,39,6648
2576,2576,ses2577,usd2577,2025-08-21,Mobile,Firefox,Linux,Email marketing,India,Delhi,Blog,Products,No,New Visitor,No,11,32,8,40,1775
2577,2577,ses2578,usd2578,2025-01-11,Mobile,Chrome,Windows,Referral,Germany,Hyderabad,Services,Pricing,Yes,New Visitor,Yes,12,23,8,32,9579
2578,2578,ses2579,usd2579,2025-05-19,Desktop,Edge,MacOS,Email marketing,US,Singapore,Home,Home,No,New Visitor,Yes,27,36,22,31,9572
2579,2579,ses2580,usd2580,2025-03-04,Tablet,Edge,Windows,Paid search,India,Chennai,Products,Contact,No,New Visitor,No,1,15,24,3,206
2580,2580,ses2581,usd2581,2025-05-31,Mobile,Opera,Windows,Email marketing,India,Sydney,About us,Contact,Yes,Returning Visitor,No,30,27,2,17,7486
2581,2581,ses2582,usd2582,2025-01-28,Desktop,Edge,Android,Referral,US,Delhi,Pricing,Services,Yes,Returning Visitor,Yes,86,37,12,12,6015
2582,2582,ses2583,usd2583,2025-06-01,Tablet,Firefox,iOS,Email marketing,India,Delhi,Pricing,Blog,Yes,Returning Visitor,No,18,45,17,27,9895
2583,2583,ses2584,usd2584,2025-06-28,Tablet,Chrome,MacOS,Paid search,Germany,Mumbai,Contact,Home,Yes,Returning Visitor,No,3,55,23,37,997
2584,2584,ses2585,usd2585,2025-06-06,Desktop,Safari,Android,Paid search,US,Singapore,Services,Services,No,Returning Visitor,Yes,49,26,15,13,3356
2585,2585,ses2586,usd2586,2025-12-27,Tablet,Chrome,MacOS,Paid search,US,London,Pricing,Pricing,No,Returning Visitor,Yes,50,45,15,9,7559
2586,2586,ses2587,usd2587,2025-12-23,Tablet,Safari,Linux,Paid search,Singapore,New York,About us,Blog,Yes,Returning Visitor,Yes,30,24,14,21,3563
2587,2587,ses2588,usd2588,2025-03-29,Tablet,Opera,iOS,Social media,India,Singapore,Contact,Home,Yes,Returning Visitor,No,70,47,20,41,572
2588,2588,ses2589,usd2589,2025-08-25,Desktop,Safari,Windows,Social media,Canada,Bangalore,Login,Contact,Yes,New Visitor,No,45,58,9,32,4611
2589,2589,ses2590,usd2590,2025-09-21,Mobile,Safari,Linux,Direct,US,New York,Blog,Products,No,Returning Visitor,No,11,42,9,41,998
2590,2590,ses2591,usd2591,2025-02-07,Mobile,Firefox,MacOS,Referral,UK,New York,Home,Blog,No,New Visitor,Yes,62,2,22,10,520
2591,2591,ses2592,usd2592,2025-08-18,Desktop,Opera,Android,Email marketing,Singapore,Bangalore,Login,Products,No,Returning Visitor,Yes,4,20,8,27,1914
2592,2592,ses2593,usd2593,2025-08-13,Tablet,Opera,Windows,Social media,Australia,Hyderabad,Products,Blog,Yes,New Visitor,Yes,89,39,14,48,4545
2593,2593,ses2594,usd2594,2025-12-28,Mobile,Safari,MacOS,Direct,Singapore,Singapore,Contact,Contact,Yes,Returning Visitor,Yes,46,27,12,27,4092
2594,2594,ses2595,usd2595,2025-05-29,Desktop,Chrome,Linux,Referral,India,Chennai,Services,Home,No,New Visitor,No,19,51,14,37,9004
2595,2595,ses2596,usd2596,2025-10-17,Desktop,Safari,Linux,Organic search,US,Mumbai,Contact,Home,No,Returning Visitor,No,8,30,2,2,3063
2596,2596,ses2597,usd2597,2025-09-04,Mobile,Safari,Windows,Paid search,Singapore,Sydney,Blog,Contact,No,Returning Visitor,No,25,55,6,31,8539
2597,2597,ses2598,usd2598,2025-05-06,Mobile,Safari,Android,Organic search,Australia,Mumbai,Home,Contact,Yes,Returning Visitor,No,81,40,3,32,9036
2598,2598,ses2599,usd2599,2025-03-12,Tablet,Edge,iOS,Referral,Australia,Singapore,Home,Home,Yes,Returning Visitor,No,99,3,17,23,7818
2599,2599,ses2600,usd2600,2025-11-30,Desktop,Chrome,Linux,Direct,Canada,Chennai,Blog,Blog,Yes,Returning Visitor,No,40,48,19,49,6063
2600,2600,ses2601,usd2601,2025-10-07,Mobile,Chrome,iOS,Referral,Australia,New York,About us,Home,No,Returning Visitor,Yes,49,21,1,31,4500
2601,2601,ses2602,usd2602,2025-09-05,Desktop,Safari,MacOS,Referral,India,Mumbai,About us,Blog,No,New Visitor,Yes,16,25,11,17,8413
2602,2602,ses2603,usd2603,2025-10-29,Tablet,Firefox,Windows,Email marketing,Germany,Sydney,Products,Products,Yes,Returning Visitor,Yes,6,20,14,14,1780
2603,2603,ses2604,usd2604,2025-02-15,Tablet,Edge,iOS,Email marketing,Australia,New York,Login,Pricing,Yes,New Visitor,No,48,14,22,13,886
2604,2604,ses2605,usd2605,2025-04-10,Tablet,Chrome,Linux,Referral,Germany,New York,Services,Pricing,Yes,Returning Visitor,Yes,10,52,8,29,6993
2605,2605,ses2606,usd2606,2025-04-17,Tablet,Opera,iOS,Social media,India,Bangalore,Login,Blog,Yes,Returning Visitor,No,45,47,20,34,1940
2606,2606,ses2607,usd2607,2025-05-09,Desktop,Opera,Android,Organic search,US,Hyderabad,Products,Services,Yes,New Visitor,No,74,36,24,11,8851
2607,2607,ses2608,usd2608,2025-01-04,Mobile,Safari,MacOS,Organic search,Australia,Hyderabad,Services,Services,Yes,New Visitor,Yes,94,26,24,31,6288
2608,2608,ses2609,usd2609,2025-11-07,Mobile,Opera,MacOS,Organic search,Canada,Bangalore,Pricing,Pricing,Yes,Returning Visitor,Yes,1,54,20,10,6617
2609,2609,ses2610,usd2610,2025-09-02,Desktop,Chrome,MacOS,Referral,UK,New York,Services,Blog,No,New Visitor,No,37,50,4,25,5966
2610,2610,ses2611,usd2611,2025-02-25,Mobile,Firefox,Android,Organic search,Canada,Delhi,Blog,Services,No,New Visitor,Yes,13,13,11,48,8205
2611,2611,ses2612,usd2612,2025-05-04,Tablet,Chrome,Linux,Direct,Australia,Mumbai,Pricing,Home,No,Returning Visitor,Yes,89,6,1,8,5797
2612,2612,ses2613,usd2613,2025-04-08,Desktop,Safari,Windows,Direct,India,Hyderabad,Services,Contact,No,Returning Visitor,Yes,78,56,21,11,850
2613,2613,ses2614,usd2614,2025-08-08,Desktop,Chrome,Linux,Social media,Singapore,Mumbai,About us,Pricing,Yes,Returning Visitor,Yes,59,44,17,39,7614
2614,2614,ses2615,usd2615,2025-01-25,Tablet,Opera,iOS,Paid search,US,London,Products,Services,No,New Visitor,Yes,86,23,20,45,5912
2615,2615,ses2616,usd2616,2025-01-10,Desktop,Edge,Windows,Email marketing,India,London,Blog,Pricing,No,New Visitor,Yes,67,42,9,6,752
2616,2616,ses2617,usd2617,2025-02-26,Mobile,Edge,MacOS,Paid search,US,London,Login,Pricing,Yes,Returning Visitor,Yes,87,22,23,12,4764
2617,2617,ses2618,usd2618,2025-12-13,Desktop,Firefox,Windows,Referral,Germany,Mumbai,Services,Services,Yes,New Visitor,Yes,99,37,11,19,5733
2618,2618,ses2619,usd2619,2025-09-29,Desktop,Chrome,Android,Paid search,Germany,Delhi,Products,Contact,No,New Visitor,No,64,42,20,22,774
2619,2619,ses2620,usd2620,2025-04-06,Desktop,Opera,Linux,Referral,Canada,Chennai,Services,Contact,Yes,Returning Visitor,Yes,94,33,2,25,3105
2620,2620,ses2621,usd2621,2025-08-28,Desktop,Edge,iOS,Email marketing,UK,Delhi,Home,Contact,No,Returning Visitor,Yes,30,46,5,22,1815
2621,2621,ses2622,usd2622,2025-01-10,Mobile,Opera,iOS,Email marketing,Canada,Delhi,Home,Contact,Yes,New Visitor,No,53,30,18,45,3497
2622,2622,ses2623,usd2623,2025-02-24,Desktop,Firefox,iOS,Organic search,Canada,Singapore,Services,Contact,Yes,New Visitor,No,44,13,1,49,5822
2623,2623,ses2624,usd2624,2025-04-11,Mobile,Safari,iOS,Organic search,Australia,Mumbai,Products,Services,No,Returning Visitor,No,78,33,5,11,3440
2624,2624,ses2625,usd2625,2025-11-16,Tablet,Safari,iOS,Social media,Singapore,Singapore,Contact,Contact,No,Returning Visitor,No,63,30,18,19,6779
2625,2625,ses2626,usd2626,2025-01-28,Tablet,Safari,Linux,Organic search,Canada,Delhi,Products,Products,No,Returning Visitor,No,71,11,21,45,2661
2626,2626,ses2627,usd2627,2025-07-11,Mobile,Safari,MacOS,Email marketing,UK,Delhi,Login,Contact,No,Returning Visitor,Yes,5,2,16,41,9913
2627,2627,ses2628,usd2628,2025-11-20,Mobile,Opera,Android,Paid search,US,Mumbai,Products,Services,No,New Visitor,Yes,42,31,22,7,4624
2628,2628,ses2629,usd2629,2025-02-15,Mobile,Firefox,iOS,Direct,UK,Hyderabad,About us,Pricing,Yes,Returning Visitor,Yes,2,2,16,16,2626
2629,2629,ses2630,usd2630,2025-08-17,Tablet,Firefox,Linux,Organic search,Canada,Chennai,Contact,Contact,No,Returning Visitor,Yes,7,58,7,12,7333
2630,2630,ses2631,usd2631,2025-11-05,Desktop,Safari,Windows,Paid search,Australia,Mumbai,Home,Products,Yes,Returning Visitor,No,5,2,22,22,3738
2631,2631,ses2632,usd2632,2025-10-17,Desktop,Safari,Linux,Referral,Singapore,Bangalore,Blog,Services,No,New Visitor,Yes,10,45,8,12,5329
2632,2632,ses2633,usd2633,2025-06-01,Tablet,Opera,MacOS,Paid search,Canada,London,Login,Products,No,New Visitor,Yes,93,14,19,48,3267
2633,2633,ses2634,usd2634,2025-09-10,Desktop,Chrome,Windows,Direct,India,Hyderabad,Services,Pricing,Yes,New Visitor,Yes,52,5,6,42,9655
2634,2634,ses2635,usd2635,2025-07-16,Tablet,Edge,Linux,Referral,Australia,Sydney,Login,Pricing,Yes,Returning Visitor,Yes,42,1,9,22,3688
2635,2635,ses2636,usd2636,2025-08-04,Tablet,Chrome,Windows,Direct,US,Chennai,About us,Home,Yes,New Visitor,No,34,2,1,47,4585
2636,2636,ses2637,usd2637,2025-02-18,Desktop,Safari,MacOS,Social media,Singapore,Singapore,Login,Services,Yes,Returning Visitor,No,45,56,6,41,6452
2637,2637,ses2638,usd2638,2025-11-20,Desktop,Chrome,MacOS,Paid search,US,New York,Home,Products,No,New Visitor,No,98,11,19,20,932
2638,2638,ses2639,usd2639,2025-08-06,Desktop,Firefox,iOS,Referral,Australia,Mumbai,Blog,Contact,No,Returning Visitor,No,69,55,16,27,5639
2639,2639,ses2640,usd2640,2025-04-11,Tablet,Firefox,Linux,Referral,UK,Hyderabad,Login,Pricing,No,New Visitor,Yes,61,23,4,47,6572
2640,2640,ses2641,usd2641,2025-05-07,Mobile,Opera,Linux,Email marketing,India,Singapore,Login,Contact,Yes,New Visitor,Yes,31,47,10,30,425
2641,2641,ses2642,usd2642,2025-10-03,Desktop,Safari,Android,Organic search,US,Bangalore,Login,Contact,Yes,Returning Visitor,No,62,51,3,38,4837
2642,2642,ses2643,usd2643,2025-07-29,Tablet,Opera,MacOS,Email marketing,Singapore,Singapore,Contact,Home,No,New Visitor,Yes,54,21,4,15,6366
2643,2643,ses2644,usd2644,2025-12-02,Desktop,Edge,Linux,Social media,UK,London,Blog,Contact,Yes,Returning Visitor,No,21,57,4,10,7735
2644,2644,ses2645,usd2645,2025-08-14,Tablet,Edge,Windows,Referral,Canada,Bangalore,Products,Products,No,New Visitor,No,25,15,6,5,1253
2645,2645,ses2646,usd2646,2025-01-05,Desktop,Opera,Android,Organic search,Australia,Delhi,Home,Products,Yes,Returning Visitor,No,89,42,2,35,2122
2646,2646,ses2647,usd2647,2025-01-08,Tablet,Chrome,Windows,Referral,US,Chennai,Contact,Contact,No,New Visitor,No,98,30,10,10,4348
2647,2647,ses2648,usd2648,2025-03-02,Desktop,Edge,Windows,Direct,Singapore,Chennai,Services,Pricing,No,Returning Visitor,Yes,4,47,17,37,6301
2648,2648,ses2649,usd2649,2025-05-23,Tablet,Opera,Android,Referral,Singapore,Bangalore,Home,Contact,No,Returning Visitor,No,47,2,11,10,3150
2649,2649,ses2650,usd2650,2025-04-19,Desktop,Opera,Linux,Organic search,Canada,New York,Blog,Contact,Yes,Returning Visitor,Yes,59,53,18,14,7941
2650,2650,ses2651,usd2651,2025-09-16,Tablet,Chrome,Linux,Social media,Australia,London,Blog,Contact,Yes,Returning Visitor,No,92,31,22,48,2749
2651,2651,ses2652,usd2652,2025-10-12,Mobile,Edge,Windows,Referral,Canada,Singapore,Services,Pricing,No,New Visitor,Yes,62,14,7,2,1038
2652,2652,ses2653,usd2653,2025-04-21,Tablet,Edge,Linux,Direct,Canada,Hyderabad,Contact,Contact,Yes,New Visitor,Yes,94,40,10,19,6870
2653,2653,ses2654,usd2654,2025-07-05,Mobile,Edge,MacOS,Referral,Singapore,Mumbai,Services,Services,Yes,Returning Visitor,No,57,3,9,6,9390
2654,2654,ses2655,usd2655,2025-12-23,Mobile,Edge,iOS,Referral,Germany,Sydney,Services,Services,No,New Visitor,No,17,28,22,4,552
2655,2655,ses2656,usd2656,2025-08-04,Mobile,Firefox,iOS,Paid search,India,Mumbai,Products,Blog,No,Returning Visitor,No,79,4,13,44,1007
2656,2656,ses2657,usd2657,2025-05-30,Tablet,Edge,Linux,Email marketing,Germany,Delhi,Pricing,Contact,Yes,New Visitor,No,94,45,24,8,3484
2657,2657,ses2658,usd2658,2025-12-26,Tablet,Chrome,Windows,Email marketing,Singapore,Mumbai,Login,Home,Yes,Returning Visitor,No,40,47,10,38,6065
2658,2658,ses2659,usd2659,2025-04-22,Desktop,Opera,MacOS,Social media,Australia,Bangalore,Contact,Home,Yes,Returning Visitor,No,15,28,2,15,7219
2659,2659,ses2660,usd2660,2025-01-26,Tablet,Opera,Windows,Referral,India,Sydney,Blog,Contact,Yes,New Visitor,Yes,64,35,15,14,348
2660,2660,ses2661,usd2661,2025-10-13,Tablet,Firefox,iOS,Email marketing,Germany,London,Products,Services,No,Returning Visitor,Yes,36,49,21,6,5190
2661,2661,ses2662,usd2662,2025-01-02,Desktop,Firefox,Linux,Organic search,Singapore,New York,Blog,Products,Yes,Returning Visitor,Yes,86,57,22,29,4149
2662,2662,ses2663,usd2663,2025-07-06,Desktop,Safari,MacOS,Social media,India,Hyderabad,Home,Pricing,No,Returning Visitor,No,80,18,21,26,8346
2663,2663,ses2664,usd2664,2025-12-10,Mobile,Safari,Linux,Social media,India,Hyderabad,Services,Blog,No,Returning Visitor,No,9,23,22,16,9083
2664,2664,ses2665,usd2665,2025-11-05,Tablet,Chrome,iOS,Email marketing,India,Mumbai,Services,Blog,Yes,Returning Visitor,Yes,99,17,14,27,4156
2665,2665,ses2666,usd2666,2025-05-12,Desktop,Safari,iOS,Paid search,Singapore,Mumbai,Contact,Pricing,No,Returning Visitor,Yes,74,15,14,40,1443
2666,2666,ses2667,usd2667,2025-08-10,Tablet,Edge,Windows,Referral,Australia,London,Pricing,Home,No,Returning Visitor,No,68,33,11,2,4934
2667,2667,ses2668,usd2668,2025-12-15,Tablet,Edge,iOS,Organic search,UK,Sydney,Contact,Services,Yes,Returning Visitor,Yes,11,32,3,27,6988
2668,2668,ses2669,usd2669,2025-07-26,Tablet,Chrome,Windows,Direct,Germany,New York,About us,Services,Yes,Returning Visitor,No,18,20,16,12,7779
2669,2669,ses2670,usd2670,2025-02-25,Tablet,Firefox,Windows,Email marketing,Singapore,Mumbai,About us,Products,No,New Visitor,Yes,4,11,12,9,9020
2670,2670,ses2671,usd2671,2025-12-27,Tablet,Chrome,iOS,Social media,Germany,Mumbai,Home,Home,No,New Visitor,Yes,47,58,5,33,362
2671,2671,ses2672,usd2672,2025-01-24,Tablet,Opera,Linux,Social media,Australia,Chennai,Contact,Blog,No,Returning Visitor,No,64,19,10,18,8252
2672,2672,ses2673,usd2673,2025-03-26,Mobile,Firefox,iOS,Social media,Germany,Delhi,About us,Pricing,No,Returning Visitor,No,62,59,21,13,1984
2673,2673,ses2674,usd2674,2025-03-16,Tablet,Safari,MacOS,Paid search,Australia,London,Home,Products,No,New Visitor,No,68,17,17,35,7045
2674,2674,ses2675,usd2675,2025-10-06,Desktop,Opera,iOS,Direct,India,Hyderabad,Contact,Services,Yes,New Visitor,No,86,46,2,15,226
2675,2675,ses2676,usd2676,2025-07-04,Desktop,Firefox,MacOS,Email marketing,Canada,Bangalore,Home,Contact,Yes,Returning Visitor,Yes,91,16,1,14,1401
2676,2676,ses2677,usd2677,2025-08-05,Mobile,Safari,Windows,Referral,UK,Sydney,About us,Services,No,New Visitor,Yes,84,28,13,10,9759
2677,2677,ses2678,usd2678,2025-06-17,Mobile,Chrome,MacOS,Organic search,UK,Hyderabad,Login,Blog,No,Returning Visitor,No,7,16,16,31,1479
2678,2678,ses2679,usd2679,2025-04-26,Desktop,Opera,MacOS,Organic search,Australia,London,Home,Services,No,New Visitor,Yes,24,52,1,13,5999
2679,2679,ses2680,usd2680,2025-08-20,Mobile,Firefox,iOS,Referral,US,London,Home,Pricing,Yes,New Visitor,Yes,54,23,15,21,4586
2680,2680,ses2681,usd2681,2025-11-20,Mobile,Edge,Linux,Organic search,Germany,Hyderabad,Login,Services,No,Returning Visitor,Yes,35,41,11,27,538
2681,2681,ses2682,usd2682,2025-07-19,Tablet,Chrome,Android,Organic search,Australia,London,Contact,Home,Yes,New Visitor,Yes,91,44,15,15,3900
2682,2682,ses2683,usd2683,2025-03-26,Desktop,Firefox,Android,Organic search,Singapore,Mumbai,Pricing,Contact,No,Returning Visitor,No,20,15,2,46,1367
2683,2683,ses2684,usd2684,2025-01-17,Desktop,Firefox,MacOS,Referral,Australia,Singapore,Services,Contact,No,New Visitor,Yes,46,48,11,22,6823
2684,2684,ses2685,usd2685,2025-06-20,Desktop,Chrome,iOS,Paid search,Germany,Delhi,Blog,Contact,No,New Visitor,Yes,24,31,6,40,1702
2685,2685,ses2686,usd2686,2025-01-10,Tablet,Firefox,MacOS,Referral,India,Bangalore,Pricing,Home,No,New Visitor,No,66,10,10,9,5312
2686,2686,ses2687,usd2687,2025-09-25,Desktop,Safari,Linux,Direct,Australia,Mumbai,About us,Pricing,No,Returning Visitor,No,59,27,15,22,7567
2687,2687,ses2688,usd2688,2025-10-21,Desktop,Safari,Linux,Direct,US,Singapore,Blog,Products,Yes,New Visitor,Yes,52,10,6,24,2306
2688,2688,ses2689,usd2689,2025-06-07,Mobile,Safari,Android,Email marketing,Singapore,New York,Blog,Contact,Yes,Returning Visitor,No,93,1,20,12,4201
2689,2689,ses2690,usd2690,2025-10-09,Desktop,Opera,Android,Paid search,India,Singapore,Pricing,Blog,Yes,Returning Visitor,Yes,43,11,16,29,4726
2690,2690,ses2691,usd2691,2025-12-23,Desktop,Chrome,Linux,Organic search,India,Singapore,About us,Pricing,No,Returning Visitor,Yes,23,14,1,26,6169
2691,2691,ses2692,usd2692,2025-12-21,Mobile,Firefox,iOS,Referral,Canada,Bangalore,Login,Pricing,Yes,New Visitor,Yes,33,49,5,1,9183
2692,2692,ses2693,usd2693,2025-12-28,Desktop,Safari,Linux,Direct,UK,Mumbai,Home,Products,Yes,Returning Visitor,No,6,21,1,11,7109
2693,2693,ses2694,usd2694,2025-12-18,Desktop,Chrome,MacOS,Organic search,US,Bangalore,Products,Products,Yes,New Visitor,Yes,92,12,5,24,9626
2694,2694,ses2695,usd2695,2025-02-16,Desktop,Firefox,MacOS,Social media,US,Singapore,Contact,Blog,Yes,New Visitor,No,48,25,7,9,6707
2695,2695,ses2696,usd2696,2025-09-14,Tablet,Chrome,Android,Social media,UK,New York,About us,Products,No,Returning Visitor,Yes,32,30,12,15,9589
2696,2696,ses2697,usd2697,2025-11-28,Mobile,Safari,Android,Direct,UK,Sydney,Blog,Products,No,New Visitor,Yes,85,48,4,31,2458
2697,2697,ses2698,usd2698,2025-08-16,Mobile,Chrome,Linux,Referral,India,London,Login,Home,No,Returning Visitor,Yes,96,19,16,24,8166
2698,2698,ses2699,usd2699,2025-04-06,Tablet,Opera,Android,Organic search,India,Sydney,Services,Blog,No,Returning Visitor,No,83,31,15,22,172
2699,2699,ses2700,usd2700,2025-01-24,Desktop,Edge,Windows,Organic search,Canada,Sydney,Pricing,Blog,Yes,Returning Visitor,No,20,57,14,14,349
2700,2700,ses2701,usd2701,2025-12-30,Mobile,Opera,Linux,Paid search,Germany,Hyderabad,Services,Home,Yes,New Visitor,No,46,48,15,41,2370
2701,2701,ses2702,usd2702,2025-08-24,Mobile,Edge,Android,Social media,India,New York,Login,Pricing,No,Returning Visitor,No,62,40,12,5,9486
2702,2702,ses2703,usd2703,2025-10-17,Desktop,Chrome,MacOS,Social media,Canada,London,About us,Services,Yes,New Visitor,No,34,10,5,3,1326
2703,2703,ses2704,usd2704,2025-03-21,Mobile,Firefox,MacOS,Paid search,Canada,Singapore,Contact,Contact,Yes,New Visitor,Yes,32,13,19,21,1326
2704,2704,ses2705,usd2705,2025-08-23,Desktop,Opera,iOS,Direct,UK,Hyderabad,Blog,Products,Yes,New Visitor,No,96,4,22,5,3498
2705,2705,ses2706,usd2706,2025-03-12,Mobile,Edge,Windows,Referral,US,Chennai,About us,Services,Yes,Returning Visitor,No,41,24,8,12,7711
2706,2706,ses2707,usd2707,2025-07-08,Desktop,Safari,MacOS,Paid search,Singapore,Singapore,Products,Pricing,No,Returning Visitor,No,42,22,22,19,5283
2707,2707,ses2708,usd2708,2025-08-01,Mobile,Safari,Linux,Paid search,Australia,London,Home,Services,Yes,New Visitor,No,85,39,1,35,3760
2708,2708,ses2709,usd2709,2025-09-06,Desktop,Edge,Linux,Organic search,Australia,London,Contact,Pricing,Yes,Returning Visitor,Yes,30,21,15,39,1499
2709,2709,ses2710,usd2710,2025-04-21,Mobile,Edge,Windows,Email marketing,India,Mumbai,Pricing,Contact,No,Returning Visitor,Yes,93,49,2,15,8535
2710,2710,ses2711,usd2711,2025-05-24,Desktop,Edge,Windows,Referral,Singapore,Hyderabad,Pricing,Pricing,No,New Visitor,Yes,91,1,21,8,2428
2711,2711,ses2712,usd2712,2025-05-13,Desktop,Safari,Linux,Paid search,Germany,Bangalore,Contact,Pricing,No,New Visitor,Yes,11,33,15,1,9620
2712,2712,ses2713,usd2713,2025-02-28,Desktop,Firefox,MacOS,Referral,Germany,New York,Products,Home,No,New Visitor,Yes,53,24,14,7,5798
2713,2713,ses2714,usd2714,2025-08-07,Mobile,Safari,Linux,Email marketing,Australia,Chennai,Products,Blog,Yes,Returning Visitor,No,50,3,8,20,6938
2714,2714,ses2715,usd2715,2025-12-31,Tablet,Firefox,Android,Organic search,Singapore,Chennai,Services,Home,Yes,New Visitor,Yes,19,22,7,35,1641
2715,2715,ses2716,usd2716,2025-09-07,Tablet,Safari,Windows,Social media,UK,Hyderabad,Services,Contact,Yes,Returning Visitor,No,67,32,13,10,8380
2716,2716,ses2717,usd2717,2025-04-07,Tablet,Edge,Windows,Email marketing,Australia,Delhi,Pricing,Products,No,New Visitor,No,88,18,6,44,9951
2717,2717,ses2718,usd2718,2025-01-26,Desktop,Chrome,Android,Direct,US,Sydney,Contact,Services,Yes,Returning Visitor,Yes,75,46,21,16,3443
2718,2718,ses2719,usd2719,2025-08-17,Mobile,Firefox,MacOS,Social media,US,Delhi,Home,Services,Yes,Returning Visitor,No,86,43,24,35,9439
2719,2719,ses2720,usd2720,2025-10-13,Desktop,Safari,Android,Social media,UK,Singapore,Login,Home,Yes,Returning Visitor,Yes,55,55,2,22,8680
2720,2720,ses2721,usd2721,2025-06-04,Desktop,Safari,Linux,Social media,Australia,Delhi,Home,Blog,Yes,Returning Visitor,Yes,3,44,13,6,5275
2721,2721,ses2722,usd2722,2025-10-06,Tablet,Safari,iOS,Email marketing,Singapore,New York,Services,Contact,No,New Visitor,Yes,4,53,1,41,4508
2722,2722,ses2723,usd2723,2025-07-04,Desktop,Firefox,Linux,Email marketing,UK,Bangalore,Contact,Contact,Yes,Returning Visitor,No,11,40,9,33,96
2723,2723,ses2724,usd2724,2025-05-26,Mobile,Opera,MacOS,Referral,Canada,London,Services,Contact,No,New Visitor,No,92,4,16,19,2116
2724,2724,ses2725,usd2725,2025-12-13,Desktop,Opera,MacOS,Organic search,Germany,Delhi,Blog,Home,No,New Visitor,Yes,64,34,24,30,4455
2725,2725,ses2726,usd2726,2025-07-25,Tablet,Opera,Linux,Email marketing,US,Singapore,Products,Products,No,New Visitor,Yes,91,49,8,44,4378
2726,2726,ses2727,usd2727,2025-12-08,Desktop,Safari,Linux,Paid search,US,Sydney,Products,Home,No,Returning Visitor,Yes,52,34,14,28,5363
2727,2727,ses2728,usd2728,2025-01-17,Mobile,Opera,Android,Direct,Singapore,Chennai,Contact,Services,Yes,New Visitor,Yes,24,27,21,36,33
2728,2728,ses2729,usd2729,2025-05-24,Tablet,Edge,Windows,Social media,US,Hyderabad,Login,Blog,Yes,Returning Visitor,Yes,90,33,6,18,4747
2729,2729,ses2730,usd2730,2025-03-26,Tablet,Firefox,Android,Paid search,Australia,Bangalore,Home,Blog,Yes,New Visitor,No,73,54,6,22,796
2730,2730,ses2731,usd2731,2025-02-17,Mobile,Edge,Android,Email marketing,Canada,Singapore,Login,Home,Yes,New Visitor,No,82,7,10,6,9678
2731,2731,ses2732,usd2732,2025-06-06,Desktop,Opera,MacOS,Direct,Germany,Singapore,Services,Products,No,Returning Visitor,Yes,71,50,22,24,6363
2732,2732,ses2733,usd2733,2025-08-19,Mobile,Edge,Linux,Referral,Singapore,Singapore,Contact,Contact,Yes,New Visitor,No,73,40,8,25,1613
2733,2733,ses2734,usd2734,2025-08-19,Tablet,Firefox,Windows,Direct,Germany,Bangalore,Home,Services,Yes,Returning Visitor,No,65,45,23,37,821
2734,2734,ses2735,usd2735,2025-02-04,Mobile,Safari,Android,Direct,Germany,Chennai,Login,Products,Yes,New Visitor,Yes,19,16,16,34,2412
2735,2735,ses2736,usd2736,2025-02-16,Desktop,Safari,Linux,Paid search,Singapore,Sydney,Contact,Pricing,No,New Visitor,Yes,88,36,20,26,5591
2736,2736,ses2737,usd2737,2025-02-18,Desktop,Chrome,iOS,Social media,India,Singapore,Blog,Services,Yes,New Visitor,No,81,41,6,16,1964
2737,2737,ses2738,usd2738,2025-10-29,Tablet,Opera,MacOS,Organic search,Canada,Chennai,Blog,Contact,No,New Visitor,No,42,22,20,39,2780
2738,2738,ses2739,usd2739,2025-08-13,Mobile,Opera,MacOS,Paid search,Germany,Delhi,Login,Contact,No,New Visitor,Yes,36,56,8,24,4746
2739,2739,ses2740,usd2740,2025-07-17,Mobile,Safari,Windows,Organic search,Germany,Delhi,Contact,Services,No,New Visitor,Yes,4,32,21,37,8001
2740,2740,ses2741,usd2741,2025-12-15,Tablet,Firefox,Linux,Email marketing,Australia,New York,Pricing,Services,No,Returning Visitor,No,40,42,5,2,2703
2741,2741,ses2742,usd2742,2025-11-12,Tablet,Safari,iOS,Email marketing,India,New York,Pricing,Contact,No,Returning Visitor,No,5,38,16,28,5997
2742,2742,ses2743,usd2743,2025-07-05,Desktop,Chrome,Android,Social media,Germany,London,About us,Contact,No,Returning Visitor,Yes,35,39,5,44,2341
2743,2743,ses2744,usd2744,2025-03-05,Mobile,Safari,Linux,Social media,Australia,London,Home,Pricing,Yes,Returning Visitor,No,93,10,21,8,9633
2744,2744,ses2745,usd2745,2025-08-15,Desktop,Edge,Linux,Paid search,US,Chennai,Services,Blog,No,Returning Visitor,Yes,87,27,2,12,9108
2745,2745,ses2746,usd2746,2025-03-18,Desktop,Opera,Android,Organic search,UK,Mumbai,Blog,Blog,Yes,New Visitor,No,78,56,6,34,5417
2746,2746,ses2747,usd2747,2025-07-29,Tablet,Safari,Windows,Referral,Australia,Chennai,Pricing,Pricing,Yes,Returning Visitor,No,65,52,9,1,2457
2747,2747,ses2748,usd2748,2025-06-01,Desktop,Chrome,MacOS,Referral,Canada,Delhi,Products,Contact,Yes,New Visitor,Yes,58,24,24,34,9240
2748,2748,ses2749,usd2749,2025-05-11,Mobile,Firefox,Linux,Email marketing,Canada,Bangalore,Pricing,Home,Yes,Returning Visitor,Yes,97,51,16,49,6653
2749,2749,ses2750,usd2750,2025-03-19,Mobile,Firefox,Windows,Email marketing,Australia,Sydney,Blog,Services,Yes,Returning Visitor,Yes,83,47,19,44,36
2750,2750,ses2751,usd2751,2025-07-12,Mobile,Opera,Windows,Direct,Singapore,New York,Pricing,Blog,No,Returning Visitor,No,56,26,5,13,3311
2751,2751,ses2752,usd2752,2025-05-11,Mobile,Chrome,Linux,Referral,Singapore,London,Login,Home,No,Returning Visitor,No,59,56,23,25,9781
2752,2752,ses2753,usd2753,2025-04-17,Tablet,Opera,Android,Referral,Canada,London,Blog,Pricing,No,New Visitor,No,89,17,4,32,4021
2753,2753,ses2754,usd2754,2025-08-03,Tablet,Opera,Android,Referral,Canada,New York,Home,Home,Yes,Returning Visitor,Yes,77,13,17,40,6201
2754,2754,ses2755,usd2755,2025-08-28,Desktop,Chrome,Android,Email marketing,UK,Delhi,Login,Products,Yes,Returning Visitor,No,64,6,21,31,602
2755,2755,ses2756,usd2756,2025-02-17,Mobile,Edge,iOS,Referral,US,Bangalore,Login,Contact,No,Returning Visitor,No,95,21,6,34,7562
2756,2756,ses2757,usd2757,2025-02-26,Mobile,Safari,Windows,Organic search,UK,Chennai,Products,Services,No,New Visitor,Yes,65,10,10,20,4283
2757,2757,ses2758,usd2758,2025-03-31,Mobile,Chrome,iOS,Paid search,Canada,Singapore,Home,Home,Yes,Returning Visitor,No,18,1,13,17,7043
2758,2758,ses2759,usd2759,2025-03-15,Desktop,Opera,iOS,Direct,India,Sydney,Blog,Contact,Yes,New Visitor,Yes,53,5,23,30,6559
2759,2759,ses2760,usd2760,2025-02-01,Tablet,Edge,MacOS,Referral,Germany,Mumbai,Products,Home,Yes,Returning Visitor,No,93,32,16,3,752
2760,2760,ses2761,usd2761,2025-08-16,Desktop,Edge,Linux,Social media,US,New York,Home,Products,No,Returning Visitor,Yes,10,42,9,20,190
2761,2761,ses2762,usd2762,2025-07-31,Desktop,Firefox,Windows,Referral,Australia,Chennai,Home,Blog,Yes,New Visitor,Yes,63,21,15,34,1704
2762,2762,ses2763,usd2763,2025-08-18,Desktop,Opera,Linux,Email marketing,Canada,Singapore,Login,Contact,Yes,New Visitor,Yes,14,49,14,41,7284
2763,2763,ses2764,usd2764,2026-01-01,Tablet,Opera,iOS,Referral,Canada,Bangalore,Login,Pricing,No,New Visitor,Yes,91,36,11,15,9593
2764,2764,ses2765,usd2765,2025-12-22,Desktop,Safari,Linux,Email marketing,India,Bangalore,About us,Contact,No,New Visitor,No,34,31,12,27,8731
2765,2765,ses2766,usd2766,2025-11-17,Desktop,Safari,Android,Direct,Singapore,London,Login,Services,Yes,New Visitor,No,30,17,4,37,8815
2766,2766,ses2767,usd2767,2025-02-25,Tablet,Chrome,iOS,Paid search,Australia,Delhi,Home,Pricing,Yes,New Visitor,No,56,53,20,20,8307
2767,2767,ses2768,usd2768,2025-04-04,Desktop,Chrome,iOS,Referral,India,Singapore,Pricing,Pricing,Yes,Returning Visitor,No,24,25,7,33,5735
2768,2768,ses2769,usd2769,2025-09-26,Desktop,Edge,Windows,Social media,US,Delhi,About us,Contact,No,New Visitor,Yes,3,53,11,4,4360
2769,2769,ses2770,usd2770,2025-01-29,Tablet,Safari,Windows,Email marketing,Australia,Mumbai,Services,Services,Yes,New Visitor,No,63,12,22,7,5760
2770,2770,ses2771,usd2771,2025-08-08,Desktop,Chrome,Android,Organic search,Singapore,Hyderabad,Home,Products,Yes,New Visitor,No,42,2,23,45,9622
2771,2771,ses2772,usd2772,2025-02-17,Mobile,Edge,Android,Organic search,Germany,Chennai,Login,Contact,Yes,New Visitor,Yes,65,25,15,11,3013
2772,2772,ses2773,usd2773,2025-02-16,Tablet,Edge,Windows,Organic search,Singapore,Singapore,Login,Pricing,Yes,New Visitor,Yes,95,35,8,49,3069
2773,2773,ses2774,usd2774,2025-02-07,Tablet,Chrome,iOS,Email marketing,Singapore,Chennai,Home,Home,No,New Visitor,Yes,71,46,3,48,5915
2774,2774,ses2775,usd2775,2025-02-14,Mobile,Firefox,Android,Organic search,Australia,Sydney,Services,Pricing,No,New Visitor,No,95,52,12,24,8968
2775,2775,ses2776,usd2776,2025-10-19,Tablet,Safari,Linux,Referral,Germany,Singapore,Home,Pricing,No,New Visitor,Yes,35,17,1,14,8659
2776,2776,ses2777,usd2777,2025-06-02,Mobile,Chrome,Windows,Direct,UK,New York,Products,Contact,Yes,New Visitor,No,32,13,10,5,411
2777,2777,ses2778,usd2778,2025-04-17,Mobile,Safari,iOS,Paid search,India,Bangalore,Login,Pricing,Yes,New Visitor,Yes,72,15,15,12,6341
2778,2778,ses2779,usd2779,2025-12-31,Tablet,Chrome,iOS,Paid search,Singapore,Sydney,Login,Services,No,New Visitor,No,29,1,4,6,6738
2779,2779,ses2780,usd2780,2025-07-03,Desktop,Edge,Android,Organic search,UK,Bangalore,Contact,Contact,No,New Visitor,No,70,11,24,25,6466
2780,2780,ses2781,usd2781,2025-11-03,Tablet,Opera,Android,Organic search,Canada,New York,Login,Home,No,Returning Visitor,No,53,16,5,16,2094
2781,2781,ses2782,usd2782,2025-09-19,Mobile,Opera,Android,Direct,Singapore,Chennai,Pricing,Services,No,New Visitor,Yes,93,29,9,17,5528
2782,2782,ses2783,usd2783,2025-04-13,Desktop,Safari,iOS,Paid search,Australia,Sydney,About us,Contact,No,New Visitor,No,41,34,10,7,3495
2783,2783,ses2784,usd2784,2025-08-23,Tablet,Opera,MacOS,Direct,Singapore,Sydney,Services,Services,No,New Visitor,Yes,61,12,21,17,832
2784,2784,ses2785,usd2785,2025-05-03,Tablet,Safari,MacOS,Referral,Australia,Sydney,About us,Services,Yes,Returning Visitor,Yes,56,14,17,14,6501
2785,2785,ses2786,usd2786,2025-03-15,Mobile,Safari,iOS,Social media,US,Delhi,Home,Products,Yes,New Visitor,Yes,20,6,23,12,8534
2786,2786,ses2787,usd2787,2025-10-23,Tablet,Firefox,iOS,Paid search,Germany,Singapore,Products,Pricing,Yes,New Visitor,No,38,22,20,15,6201
2787,2787,ses2788,usd2788,2025-04-02,Desktop,Firefox,iOS,Social media,Australia,London,Blog,Contact,Yes,Returning Visitor,No,49,40,11,45,6218
2788,2788,ses2789,usd2789,2025-06-05,Desktop,Firefox,iOS,Direct,Australia,Delhi,Home,Contact,No,Returning Visitor,No,73,6,16,40,8445
2789,2789,ses2790,usd2790,2025-07-08,Tablet,Chrome,Windows,Email marketing,Germany,Sydney,Home,Pricing,No,New Visitor,No,83,40,18,15,5512
2790,2790,ses2791,usd2791,2025-03-06,Mobile,Opera,Linux,Direct,UK,Hyderabad,Home,Contact,No,Returning Visitor,Yes,63,51,3,27,2599
2791,2791,ses2792,usd2792,2025-02-04,Desktop,Safari,Linux,Social media,US,Singapore,Blog,Services,Yes,New Visitor,Yes,97,31,14,36,712
2792,2792,ses2793,usd2793,2025-08-24,Tablet,Edge,Linux,Direct,Canada,Chennai,Contact,Contact,No,Returning Visitor,No,73,13,11,45,7595
2793,2793,ses2794,usd2794,2025-09-28,Tablet,Edge,MacOS,Social media,UK,New York,Home,Home,Yes,Returning Visitor,Yes,81,29,18,1,4633
2794,2794,ses2795,usd2795,2025-09-27,Desktop,Edge,Windows,Direct,Singapore,Mumbai,Login,Services,Yes,New Visitor,Yes,77,42,24,41,6081
2795,2795,ses2796,usd2796,2025-07-31,Mobile,Chrome,MacOS,Organic search,Singapore,Mumbai,Contact,Home,No,Returning Visitor,Yes,99,5,12,26,9669
2796,2796,ses2797,usd2797,2025-01-24,Desktop,Opera,Android,Referral,India,Mumbai,Home,Blog,Yes,New Visitor,No,55,28,24,48,9336
2797,2797,ses2798,usd2798,2025-08-29,Desktop,Firefox,Android,Referral,Canada,Hyderabad,About us,Services,Yes,Returning Visitor,No,61,9,14,43,9937
2798,2798,ses2799,usd2799,2025-01-15,Mobile,Firefox,iOS,Email marketing,Germany,Hyderabad,Services,Services,No,New Visitor,Yes,57,52,19,36,4758
2799,2799,ses2800,usd2800,2025-12-30,Desktop,Safari,MacOS,Email marketing,Germany,Bangalore,Contact,Contact,No,New Visitor,Yes,3,11,7,28,5378
2800,2800,ses2801,usd2801,2025-08-07,Desktop,Opera,iOS,Email marketing,India,Chennai,Blog,Contact,No,Returning Visitor,Yes,55,22,7,39,1856
2801,2801,ses2802,usd2802,2025-08-13,Desktop,Opera,iOS,Email marketing,Germany,Bangalore,Pricing,Services,Yes,New Visitor,No,21,59,18,47,2200
2802,2802,ses2803,usd2803,2025-07-24,Desktop,Chrome,Linux,Referral,UK,Bangalore,Pricing,Blog,Yes,Returning Visitor,No,49,13,6,42,7996
2803,2803,ses2804,usd2804,2025-03-01,Mobile,Firefox,Windows,Organic search,Australia,London,Contact,Contact,No,Returning Visitor,Yes,47,46,20,35,5513
2804,2804,ses2805,usd2805,2025-04-21,Tablet,Chrome,MacOS,Direct,Australia,Chennai,Login,Products,No,New Visitor,Yes,50,20,19,16,5632
2805,2805,ses2806,usd2806,2025-11-20,Tablet,Firefox,Linux,Email marketing,UK,Singapore,Home,Contact,No,Returning Visitor,No,98,49,10,5,5367
2806,2806,ses2807,usd2807,2025-06-12,Desktop,Firefox,Windows,Organic search,Germany,Singapore,Home,Contact,No,Returning Visitor,No,35,35,10,17,9515
2807,2807,ses2808,usd2808,2025-12-07,Tablet,Safari,Android,Paid search,Australia,Bangalore,Blog,Services,No,Returning Visitor,No,75,8,2,30,9592
2808,2808,ses2809,usd2809,2025-07-22,Desktop,Opera,Android,Organic search,Singapore,Mumbai,Blog,Services,Yes,Returning Visitor,Yes,96,19,17,27,4981
2809,2809,ses2810,usd2810,2025-12-30,Mobile,Edge,Windows,Social media,UK,Delhi,Services,Pricing,No,New Visitor,Yes,12,44,13,30,4210
2810,2810,ses2811,usd2811,2025-02-13,Mobile,Safari,iOS,Email marketing,UK,Chennai,Home,Contact,Yes,New Visitor,No,6,53,22,10,4375
2811,2811,ses2812,usd2812,2025-04-20,Mobile,Edge,iOS,Social media,US,Bangalore,About us,Contact,No,Returning Visitor,Yes,20,31,18,34,4081
2812,2812,ses2813,usd2813,2025-06-09,Tablet,Edge,Android,Referral,UK,Sydney,Pricing,Contact,No,New Visitor,No,54,37,6,42,5532
2813,2813,ses2814,usd2814,2025-09-27,Tablet,Firefox,Android,Direct,Australia,New York,Blog,Products,Yes,Returning Visitor,Yes,71,47,4,28,1322
2814,2814,ses2815,usd2815,2025-03-13,Mobile,Edge,Android,Direct,Canada,Singapore,Blog,Home,No,New Visitor,Yes,6,55,23,33,5910
2815,2815,ses2816,usd2816,2025-12-13,Desktop,Opera,Linux,Organic search,UK,Bangalore,Services,Home,Yes,New Visitor,No,92,30,5,23,3924
2816,2816,ses2817,usd2817,2025-03-08,Mobile,Firefox,Android,Email marketing,Canada,Singapore,Pricing,Products,Yes,Returning Visitor,No,68,11,1,43,2626
2817,2817,ses2818,usd2818,2025-09-12,Mobile,Safari,MacOS,Email marketing,US,Delhi,About us,Home,Yes,New Visitor,No,19,23,8,18,3653
2818,2818,ses2819,usd2819,2025-06-15,Desktop,Opera,Linux,Referral,Germany,Chennai,Services,Contact,No,New Visitor,Yes,13,21,21,47,4412
2819,2819,ses2820,usd2820,2025-08-25,Tablet,Edge,Linux,Email marketing,Singapore,Chennai,Blog,Contact,No,New Visitor,Yes,74,1,7,29,3020
2820,2820,ses2821,usd2821,2025-02-01,Mobile,Firefox,Android,Paid search,UK,Hyderabad,Services,Services,No,New Visitor,Yes,68,54,6,4,7500
2821,2821,ses2822,usd2822,2025-10-29,Desktop,Edge,MacOS,Social media,Australia,Chennai,About us,Blog,Yes,Returning Visitor,Yes,96,11,20,19,8152
2822,2822,ses2823,usd2823,2025-08-02,Mobile,Firefox,iOS,Organic search,UK,Delhi,Pricing,Blog,Yes,New Visitor,No,88,12,12,12,4178
2823,2823,ses2824,usd2824,2025-04-19,Tablet,Chrome,Linux,Direct,Singapore,Singapore,About us,Blog,Yes,New Visitor,No,1,46,7,49,6427
2824,2824,ses2825,usd2825,2025-07-24,Desktop,Opera,Android,Paid search,Germany,Sydney,Products,Services,Yes,New Visitor,Yes,78,30,19,18,612
2825,2825,ses2826,usd2826,2025-07-26,Mobile,Safari,MacOS,Referral,UK,Mumbai,Home,Contact,No,Returning Visitor,No,75,37,12,28,6367
2826,2826,ses2827,usd2827,2025-02-25,Mobile,Firefox,Windows,Paid search,Germany,Hyderabad,Services,Pricing,Yes,Returning Visitor,Yes,48,59,4,5,6868
2827,2827,ses2828,usd2828,2025-10-27,Tablet,Edge,iOS,Social media,Canada,Sydney,About us,Services,No,New Visitor,No,23,37,19,9,125
2828,2828,ses2829,usd2829,2025-12-06,Desktop,Edge,Windows,Direct,Australia,Delhi,Services,Services,Yes,Returning Visitor,No,90,46,17,34,7222
2829,2829,ses2830,usd2830,2025-10-18,Tablet,Edge,iOS,Social media,Germany,Chennai,Services,Products,Yes,Returning Visitor,No,13,8,11,42,1222
2830,2830,ses2831,usd2831,2025-11-07,Mobile,Chrome,Linux,Referral,Singapore,Hyderabad,Pricing,Contact,No,New Visitor,No,19,37,3,46,5232
2831,2831,ses2832,usd2832,2025-12-11,Desktop,Edge,MacOS,Organic search,UK,Bangalore,Blog,Products,No,Returning Visitor,No,80,58,11,27,1658
2832,2832,ses2833,usd2833,2025-04-16,Desktop,Opera,Android,Referral,India,Bangalore,Home,Home,Yes,New Visitor,Yes,20,32,24,39,753
2833,2833,ses2834,usd2834,2025-12-07,Mobile,Edge,MacOS,Direct,US,Bangalore,Home,Blog,No,Returning Visitor,Yes,89,9,19,28,6701
2834,2834,ses2835,usd2835,2025-06-11,Tablet,Firefox,Android,Referral,Australia,Hyderabad,About us,Products,No,Returning Visitor,No,61,9,16,6,104
2835,2835,ses2836,usd2836,2025-06-12,Desktop,Opera,Android,Direct,UK,Hyderabad,Blog,Contact,Yes,Returning Visitor,Yes,22,32,14,1,3871
2836,2836,ses2837,usd2837,2025-05-29,Mobile,Chrome,Windows,Organic search,Singapore,Delhi,About us,Home,Yes,Returning Visitor,No,57,20,4,28,1859
2837,2837,ses2838,usd2838,2025-07-30,Desktop,Chrome,iOS,Direct,Germany,New York,Products,Contact,No,New Visitor,Yes,96,49,17,39,7231
2838,2838,ses2839,usd2839,2025-04-26,Desktop,Opera,Windows,Social media,Singapore,London,Products,Blog,Yes,New Visitor,No,60,30,8,20,914
2839,2839,ses2840,usd2840,2025-12-13,Desktop,Safari,Linux,Referral,Canada,New York,Login,Products,No,New Visitor,No,73,37,23,7,4017
2840,2840,ses2841,usd2841,2025-03-06,Mobile,Firefox,Linux,Paid search,Singapore,Singapore,Services,Blog,Yes,Returning Visitor,No,98,24,10,25,932
2841,2841,ses2842,usd2842,2025-10-28,Mobile,Edge,Linux,Social media,UK,London,Blog,Contact,No,Returning Visitor,No,39,37,3,1,9528
2842,2842,ses2843,usd2843,2025-09-08,Mobile,Edge,iOS,Paid search,UK,Singapore,Pricing,Home,Yes,Returning Visitor,No,85,15,4,18,2673
2843,2843,ses2844,usd2844,2025-01-17,Desktop,Opera,Windows,Social media,US,Chennai,Contact,Blog,Yes,Returning Visitor,No,28,21,3,37,8147
2844,2844,ses2845,usd2845,2025-04-03,Mobile,Safari,iOS,Referral,Germany,New York,Blog,Home,Yes,Returning Visitor,Yes,40,52,2,36,2119
2845,2845,ses2846,usd2846,2025-10-29,Mobile,Firefox,MacOS,Referral,Germany,Bangalore,Services,Contact,No,Returning Visitor,No,77,20,19,17,4886
2846,2846,ses2847,usd2847,2025-08-11,Desktop,Chrome,MacOS,Paid search,Germany,Bangalore,Contact,Contact,Yes,New Visitor,Yes,13,1,13,26,6126
2847,2847,ses2848,usd2848,2025-09-04,Desktop,Firefox,Android,Referral,Australia,Chennai,Services,Contact,Yes,New Visitor,No,41,17,6,3,4060
2848,2848,ses2849,usd2849,2025-03-28,Mobile,Firefox,Linux,Social media,UK,Hyderabad,Services,Contact,No,Returning Visitor,No,34,26,5,21,4517
2849,2849,ses2850,usd2850,2025-07-05,Tablet,Chrome,iOS,Paid search,Canada,London,Services,Home,No,Returning Visitor,No,84,17,10,16,3104
2850,2850,ses2851,usd2851,2025-03-27,Mobile,Safari,iOS,Organic search,India,Hyderabad,Home,Home,Yes,Returning Visitor,No,4,57,22,5,8527
2851,2851,ses2852,usd2852,2025-01-12,Mobile,Firefox,iOS,Direct,Australia,London,Blog,Contact,No,New Visitor,Yes,59,11,22,14,7126
2852,2852,ses2853,usd2853,2025-08-14,Tablet,Edge,Linux,Organic search,Canada,London,Products,Products,Yes,Returning Visitor,No,1,42,18,10,6546
2853,2853,ses2854,usd2854,2025-02-19,Tablet,Opera,Linux,Paid search,Canada,New York,Login,Blog,No,Returning Visitor,Yes,78,7,10,43,3634
2854,2854,ses2855,usd2855,2025-05-15,Desktop,Chrome,Windows,Paid search,Singapore,Delhi,Contact,Products,No,New Visitor,No,29,14,18,20,7572
2855,2855,ses2856,usd2856,2025-01-22,Desktop,Chrome,Linux,Social media,Singapore,Chennai,Blog,Contact,Yes,Returning Visitor,No,95,27,14,8,7748
2856,2856,ses2857,usd2857,2025-06-07,Desktop,Edge,MacOS,Social media,Canada,Delhi,Home,Blog,No,New Visitor,No,48,16,22,8,5094
2857,2857,ses2858,usd2858,2025-04-08,Desktop,Safari,Linux,Organic search,Germany,London,Contact,Contact,No,Returning Visitor,Yes,93,6,18,3,4703
2858,2858,ses2859,usd2859,2025-10-30,Desktop,Chrome,iOS,Referral,India,Chennai,Pricing,Contact,No,New Visitor,No,23,25,8,31,2684
2859,2859,ses2860,usd2860,2025-07-21,Mobile,Opera,iOS,Paid search,US,Bangalore,About us,Home,No,New Visitor,No,10,37,14,34,5665
2860,2860,ses2861,usd2861,2025-12-28,Tablet,Edge,Android,Referral,Australia,Singapore,About us,Contact,Yes,New Visitor,Yes,6,1,2,33,8498
2861,2861,ses2862,usd2862,2025-08-16,Tablet,Edge,Android,Paid search,Canada,Singapore,Home,Blog,No,Returning Visitor,Yes,97,58,9,24,8250
2862,2862,ses2863,usd2863,2025-06-13,Tablet,Firefox,MacOS,Paid search,India,Hyderabad,Home,Blog,No,Returning Visitor,No,21,45,22,41,6130
2863,2863,ses2864,usd2864,2025-12-25,Mobile,Safari,MacOS,Paid search,Australia,Sydney,Login,Contact,No,Returning Visitor,Yes,19,34,10,35,6448
2864,2864,ses2865,usd2865,2025-04-18,Tablet,Edge,Windows,Email marketing,Australia,Chennai,Blog,Contact,Yes,New Visitor,No,20,23,14,46,1287
2865,2865,ses2866,usd2866,2025-05-06,Mobile,Opera,iOS,Organic search,Germany,Delhi,Home,Home,No,New Visitor,No,7,4,6,15,6444
2866,2866,ses2867,usd2867,2025-06-02,Desktop,Safari,Windows,Email marketing,India,Mumbai,Blog,Home,No,New Visitor,No,57,16,21,49,4051
2867,2867,ses2868,usd2868,2025-10-30,Desktop,Safari,MacOS,Direct,US,Bangalore,Pricing,Contact,No,New Visitor,Yes,46,23,10,24,2192
2868,2868,ses2869,usd2869,2025-02-16,Mobile,Chrome,MacOS,Email marketing,Canada,Bangalore,Services,Blog,No,Returning Visitor,No,74,18,1,5,178
2869,2869,ses2870,usd2870,2025-08-28,Mobile,Safari,MacOS,Email marketing,UK,Mumbai,About us,Pricing,No,Returning Visitor,Yes,59,48,7,4,3066
2870,2870,ses2871,usd2871,2025-05-09,Mobile,Safari,Windows,Direct,UK,New York,Login,Pricing,No,Returning Visitor,No,15,27,2,22,3108
2871,2871,ses2872,usd2872,2025-03-30,Desktop,Edge,Android,Organic search,Australia,Mumbai,Login,Contact,No,New Visitor,Yes,60,42,24,24,2363
2872,2872,ses2873,usd2873,2025-03-20,Mobile,Firefox,Windows,Organic search,UK,Singapore,Pricing,Contact,No,Returning Visitor,No,26,56,7,6,3383
2873,2873,ses2874,usd2874,2025-08-09,Mobile,Chrome,Android,Referral,US,New York,Products,Pricing,Yes,New Visitor,No,41,29,3,48,698
2874,2874,ses2875,usd2875,2025-05-13,Mobile,Opera,Linux,Organic search,India,Chennai,Products,Pricing,Yes,Returning Visitor,No,32,6,7,28,8248
2875,2875,ses2876,usd2876,2025-10-15,Mobile,Edge,Windows,Referral,Australia,Bangalore,Contact,Products,No,Returning Visitor,No,8,50,21,48,1631
2876,2876,ses2877,usd2877,2025-01-19,Tablet,Opera,Windows,Direct,India,Hyderabad,Pricing,Pricing,Yes,New Visitor,Yes,55,32,14,13,6857
2877,2877,ses2878,usd2878,2025-08-04,Desktop,Opera,Linux,Referral,Australia,Sydney,Services,Products,No,Returning Visitor,Yes,96,55,8,11,107
2878,2878,ses2879,usd2879,2025-12-22,Mobile,Edge,iOS,Email marketing,Germany,Hyderabad,Contact,Products,Yes,Returning Visitor,No,93,3,23,9,8935
2879,2879,ses2880,usd2880,2025-09-10,Mobile,Chrome,Linux,Referral,India,Bangalore,Services,Contact,No,Returning Visitor,No,8,42,13,4,6237
2880,2880,ses2881,usd2881,2025-11-19,Desktop,Chrome,Windows,Social media,US,Singapore,Login,Pricing,Yes,Returning Visitor,Yes,13,51,1,45,1079
2881,2881,ses2882,usd2882,2025-04-11,Mobile,Firefox,iOS,Social media,UK,Hyderabad,Contact,Contact,Yes,Returning Visitor,Yes,9,21,10,14,4920
2882,2882,ses2883,usd2883,2025-10-26,Mobile,Opera,iOS,Social media,Australia,Delhi,Services,Contact,No,Returning Visitor,Yes,64,56,14,39,2766
2883,2883,ses2884,usd2884,2025-08-11,Tablet,Safari,MacOS,Direct,UK,New York,Products,Pricing,Yes,New Visitor,No,35,41,24,45,576
2884,2884,ses2885,usd2885,2025-03-26,Mobile,Safari,MacOS,Direct,Germany,Hyderabad,Contact,Home,No,New Visitor,Yes,87,19,15,28,3410
2885,2885,ses2886,usd2886,2025-12-21,Tablet,Chrome,Android,Email marketing,UK,Mumbai,Home,Blog,No,New Visitor,No,46,45,3,37,9557
2886,2886,ses2887,usd2887,2025-06-07,Desktop,Safari,iOS,Referral,UK,Bangalore,Contact,Services,Yes,Returning Visitor,Yes,57,26,6,30,4488
2887,2887,ses2888,usd2888,2025-03-02,Mobile,Opera,Windows,Social media,India,Singapore,Services,Contact,Yes,Returning Visitor,Yes,77,33,12,10,6287
2888,2888,ses2889,usd2889,2025-08-31,Desktop,Firefox,Linux,Paid search,India,Hyderabad,Login,Pricing,No,New Visitor,Yes,18,17,10,46,808
2889,2889,ses2890,usd2890,2025-06-29,Mobile,Edge,MacOS,Referral,Germany,Singapore,Login,Blog,Yes,Returning Visitor,No,46,17,22,44,444
2890,2890,ses2891,usd2891,2025-02-07,Mobile,Safari,MacOS,Email marketing,US,Bangalore,Products,Contact,Yes,Returning Visitor,Yes,99,53,17,17,7037
2891,2891,ses2892,usd2892,2025-12-25,Mobile,Edge,Android,Referral,Canada,Bangalore,Blog,Home,No,New Visitor,Yes,53,57,8,38,8412
2892,2892,ses2893,usd2893,2025-11-01,Desktop,Edge,Windows,Email marketing,Singapore,Bangalore,About us,Pricing,No,New Visitor,Yes,61,25,21,29,1703
2893,2893,ses2894,usd2894,2025-09-27,Desktop,Firefox,Android,Email marketing,Singapore,Singapore,Home,Contact,No,New Visitor,No,63,23,13,1,2864
2894,2894,ses2895,usd2895,2025-03-11,Mobile,Opera,MacOS,Referral,Australia,New York,Blog,Blog,No,Returning Visitor,Yes,42,49,14,25,5783
2895,2895,ses2896,usd2896,2025-11-11,Mobile,Edge,Android,Referral,Canada,Mumbai,Pricing,Home,No,Returning Visitor,No,84,10,6,7,1712
2896,2896,ses2897,usd2897,2025-02-28,Mobile,Opera,Windows,Referral,India,Sydney,About us,Pricing,Yes,Returning Visitor,Yes,74,38,21,31,7426
2897,2897,ses2898,usd2898,2025-09-29,Desktop,Edge,MacOS,Email marketing,UK,Hyderabad,Pricing,Home,Yes,New Visitor,Yes,98,5,8,37,9084
2898,2898,ses2899,usd2899,2025-11-05,Mobile,Safari,MacOS,Email marketing,Canada,Chennai,Login,Home,No,Returning Visitor,Yes,14,1,6,46,2987
2899,2899,ses2900,usd2900,2025-11-15,Mobile,Chrome,MacOS,Direct,Germany,Sydney,Login,Home,Yes,New Visitor,Yes,2,33,12,10,7172
2900,2900,ses2901,usd2901,2025-02-01,Tablet,Safari,Linux,Email marketing,Australia,Chennai,Contact,Products,Yes,New Visitor,No,22,31,5,40,652
2901,2901,ses2902,usd2902,2025-01-16,Tablet,Opera,MacOS,Direct,Australia,Delhi,Services,Services,Yes,New Visitor,Yes,60,14,14,48,1688
2902,2902,ses2903,usd2903,2025-12-16,Desktop,Chrome,MacOS,Organic search,Germany,Bangalore,Services,Blog,Yes,Returning Visitor,Yes,78,34,3,27,5401
2903,2903,ses2904,usd2904,2025-08-16,Mobile,Safari,Linux,Social media,India,New York,Services,Blog,Yes,Returning Visitor,Yes,56,33,15,3,1762
2904,2904,ses2905,usd2905,2025-08-20,Mobile,Edge,iOS,Email marketing,US,Sydney,Pricing,Home,No,New Visitor,No,74,33,11,22,3585
2905,2905,ses2906,usd2906,2025-05-18,Mobile,Opera,MacOS,Email marketing,India,Delhi,Login,Products,No,Returning Visitor,No,37,10,10,44,8136
2906,2906,ses2907,usd2907,2025-05-09,Desktop,Safari,MacOS,Paid search,Australia,Singapore,Pricing,Services,Yes,New Visitor,No,36,42,7,36,53
2907,2907,ses2908,usd2908,2025-09-02,Mobile,Opera,Linux,Organic search,US,Bangalore,Home,Contact,Yes,Returning Visitor,Yes,56,39,19,9,194
2908,2908,ses2909,usd2909,2025-03-22,Tablet,Chrome,Linux,Organic search,Germany,Sydney,Products,Blog,Yes,New Visitor,No,40,47,4,16,6230
2909,2909,ses2910,usd2910,2025-11-29,Desktop,Chrome,Android,Social media,Canada,New York,Services,Contact,Yes,Returning Visitor,No,92,58,17,20,7037
2910,2910,ses2911,usd2911,2025-08-02,Mobile,Safari,Android,Direct,Singapore,Mumbai,About us,Pricing,Yes,Returning Visitor,Yes,73,7,18,39,3558
2911,2911,ses2912,usd2912,2025-07-10,Mobile,Safari,Windows,Paid search,Singapore,New York,Blog,Pricing,Yes,New Visitor,No,9,6,7,14,4698
2912,2912,ses2913,usd2913,2025-12-07,Tablet,Edge,MacOS,Social media,Germany,London,Login,Home,No,New Visitor,No,89,16,5,39,6473
2913,2913,ses2914,usd2914,2025-09-04,Mobile,Safari,iOS,Direct,Germany,Chennai,Home,Contact,No,Returning Visitor,Yes,20,55,20,17,766
2914,2914,ses2915,usd2915,2025-04-02,Tablet,Firefox,Windows,Direct,UK,Mumbai,Services,Blog,No,New Visitor,Yes,11,11,12,48,5429
2915,2915,ses2916,usd2916,2025-07-16,Desktop,Chrome,Windows,Organic search,Australia,Singapore,About us,Pricing,Yes,Returning Visitor,Yes,58,41,15,17,40
2916,2916,ses2917,usd2917,2025-03-03,Desktop,Edge,Linux,Organic search,Singapore,Bangalore,Home,Home,Yes,Returning Visitor,No,23,35,23,8,9865
2917,2917,ses2918,usd2918,2025-12-30,Desktop,Chrome,Android,Social media,US,Singapore,Pricing,Pricing,Yes,New Visitor,Yes,73,2,8,23,2874
2918,2918,ses2919,usd2919,2025-06-16,Tablet,Safari,Android,Organic search,Germany,Singapore,Blog,Home,No,Returning Visitor,No,97,42,18,40,9437
2919,2919,ses2920,usd2920,2025-08-02,Tablet,Opera,Android,Direct,Germany,Mumbai,Products,Contact,Yes,New Visitor,Yes,41,34,17,49,336
2920,2920,ses2921,usd2921,2025-07-16,Desktop,Firefox,Android,Social media,Australia,Delhi,Services,Services,No,Returning Visitor,Yes,33,53,8,22,2430
2921,2921,ses2922,usd2922,2025-06-12,Desktop,Edge,Android,Email marketing,Canada,Bangalore,Blog,Services,Yes,Returning Visitor,No,32,32,2,15,9166
2922,2922,ses2923,usd2923,2025-11-28,Tablet,Chrome,Linux,Social media,UK,Delhi,Home,Products,No,New Visitor,No,88,6,20,7,8814
2923,2923,ses2924,usd2924,2025-11-07,Tablet,Opera,Android,Referral,Canada,Sydney,Contact,Blog,No,Returning Visitor,No,44,22,17,45,2242
2924,2924,ses2925,usd2925,2025-06-12,Tablet,Edge,iOS,Referral,Australia,New York,About us,Contact,No,New Visitor,No,85,6,24,47,9659
2925,2925,ses2926,usd2926,2025-11-17,Desktop,Chrome,MacOS,Email marketing,UK,Chennai,Home,Pricing,Yes,New Visitor,Yes,74,1,7,18,118
2926,2926,ses2927,usd2927,2025-10-07,Tablet,Chrome,Windows,Email marketing,Australia,New York,Services,Services,No,New Visitor,No,43,23,16,35,8971
2927,2927,ses2928,usd2928,2025-06-25,Tablet,Chrome,Android,Organic search,India,Singapore,Blog,Pricing,Yes,New Visitor,Yes,81,9,6,22,7456
2928,2928,ses2929,usd2929,2025-10-05,Desktop,Chrome,iOS,Email marketing,Canada,Delhi,About us,Pricing,Yes,New Visitor,No,83,27,6,45,5126
2929,2929,ses2930,usd2930,2025-10-18,Mobile,Edge,Android,Email marketing,Germany,Sydney,Services,Contact,Yes,New Visitor,Yes,81,35,18,41,8109
2930,2930,ses2931,usd2931,2025-07-14,Tablet,Edge,Linux,Paid search,India,Sydney,Products,Blog,No,Returning Visitor,No,17,37,16,11,7761
2931,2931,ses2932,usd2932,2025-04-11,Mobile,Edge,Windows,Referral,US,Singapore,About us,Pricing,Yes,Returning Visitor,No,35,46,21,36,9861
2932,2932,ses2933,usd2933,2025-06-24,Mobile,Opera,Linux,Social media,Canada,Sydney,Home,Contact,No,New Visitor,No,83,31,21,9,6001
2933,2933,ses2934,usd2934,2025-08-28,Tablet,Edge,Linux,Referral,UK,Singapore,Home,Contact,Yes,New Visitor,Yes,54,29,8,33,3226
2934,2934,ses2935,usd2935,2025-10-19,Mobile,Opera,MacOS,Social media,UK,Mumbai,About us,Services,Yes,New Visitor,No,31,40,18,25,5607
2935,2935,ses2936,usd2936,2025-07-10,Tablet,Opera,MacOS,Referral,Germany,Hyderabad,Blog,Products,No,Returning Visitor,No,50,16,17,48,7817
2936,2936,ses2937,usd2937,2025-04-17,Mobile,Opera,MacOS,Referral,India,Sydney,Contact,Products,No,Returning Visitor,No,72,59,6,44,1576
2937,2937,ses2938,usd2938,2025-06-14,Tablet,Chrome,Linux,Paid search,Australia,Mumbai,Contact,Services,Yes,New Visitor,Yes,57,17,1,44,491
2938,2938,ses2939,usd2939,2025-10-15,Desktop,Opera,Linux,Paid search,Australia,Sydney,About us,Home,No,Returning Visitor,No,58,3,12,23,8357
2939,2939,ses2940,usd2940,2025-11-29,Desktop,Opera,MacOS,Organic search,India,London,Home,Products,Yes,Returning Visitor,No,34,39,9,44,4728
2940,2940,ses2941,usd2941,2025-08-01,Mobile,Edge,MacOS,Email marketing,US,Delhi,Login,Services,Yes,Returning Visitor,Yes,31,21,24,40,2760
2941,2941,ses2942,usd2942,2025-05-26,Tablet,Chrome,Linux,Referral,UK,Sydney,Login,Blog,Yes,New Visitor,Yes,39,28,8,30,1516
2942,2942,ses2943,usd2943,2025-11-21,Mobile,Edge,Android,Email marketing,Germany,Bangalore,Products,Home,Yes,New Visitor,Yes,4,30,5,35,6424
2943,2943,ses2944,usd2944,2025-02-05,Desktop,Chrome,Linux,Email marketing,US,New York,Home,Products,Yes,New Visitor,Yes,89,18,9,12,3881
2944,2944,ses2945,usd2945,2025-01-10,Mobile,Opera,MacOS,Social media,Canada,Bangalore,Contact,Products,Yes,New Visitor,No,34,4,1,28,6771
2945,2945,ses2946,usd2946,2025-01-12,Desktop,Opera,iOS,Paid search,US,Bangalore,Contact,Contact,No,New Visitor,Yes,72,36,7,25,5783
2946,2946,ses2947,usd2947,2025-05-26,Tablet,Edge,Android,Paid search,Canada,Hyderabad,About us,Pricing,Yes,New Visitor,Yes,57,29,12,10,788
2947,2947,ses2948,usd2948,2025-11-26,Tablet,Firefox,Windows,Organic search,Australia,New York,Home,Products,No,Returning Visitor,Yes,26,44,19,37,6439
2948,2948,ses2949,usd2949,2025-11-10,Mobile,Edge,Windows,Email marketing,US,Delhi,Services,Services,No,Returning Visitor,Yes,83,53,14,26,8697
2949,2949,ses2950,usd2950,2025-10-03,Mobile,Edge,Windows,Direct,India,Chennai,Login,Pricing,No,New Visitor,Yes,63,47,8,11,9395
2950,2950,ses2951,usd2951,2025-02-25,Mobile,Chrome,MacOS,Paid search,Germany,Bangalore,Blog,Products,Yes,New Visitor,Yes,55,35,8,13,2064
2951,2951,ses2952,usd2952,2025-06-07,Desktop,Edge,Android,Paid search,Singapore,Bangalore,Contact,Products,No,New Visitor,No,31,17,9,14,4046
2952,2952,ses2953,usd2953,2025-02-19,Tablet,Opera,Android,Social media,US,London,Home,Home,Yes,Returning Visitor,Yes,68,49,24,41,7117
2953,2953,ses2954,usd2954,2025-10-11,Tablet,Chrome,Windows,Direct,Singapore,New York,Services,Services,Yes,Returning Visitor,Yes,97,45,24,23,3492
2954,2954,ses2955,usd2955,2025-02-03,Desktop,Firefox,Android,Paid search,Canada,Singapore,Products,Products,No,New Visitor,No,53,35,21,3,6886
2955,2955,ses2956,usd2956,2025-01-22,Tablet,Edge,MacOS,Social media,US,Sydney,Blog,Products,No,Returning Visitor,No,50,37,8,42,2813
2956,2956,ses2957,usd2957,2025-05-02,Desktop,Firefox,MacOS,Referral,US,Mumbai,Home,Services,No,Returning Visitor,Yes,82,33,24,24,3044
2957,2957,ses2958,usd2958,2025-02-24,Desktop,Edge,Windows,Direct,India,Chennai,About us,Pricing,No,Returning Visitor,No,87,2,18,26,8323
2958,2958,ses2959,usd2959,2025-11-27,Tablet,Chrome,Android,Social media,Germany,London,Blog,Pricing,No,New Visitor,Yes,19,42,7,24,9171
2959,2959,ses2960,usd2960,2025-12-26,Desktop,Opera,Linux,Social media,India,Hyderabad,Home,Pricing,Yes,Returning Visitor,Yes,91,42,11,22,8526
2960,2960,ses2961,usd2961,2025-07-20,Desktop,Chrome,iOS,Organic search,US,Singapore,Home,Pricing,No,New Visitor,No,66,19,14,7,8061
2961,2961,ses2962,usd2962,2025-01-23,Tablet,Edge,Linux,Email marketing,US,Chennai,Login,Blog,Yes,Returning Visitor,No,11,41,9,10,1440
2962,2962,ses2963,usd2963,2025-01-14,Tablet,Safari,MacOS,Organic search,UK,Singapore,Login,Products,No,Returning Visitor,Yes,5,56,11,42,9482
2963,2963,ses2964,usd2964,2025-09-10,Desktop,Edge,MacOS,Organic search,Singapore,New York,Products,Products,No,New Visitor,No,1,40,23,20,1887
2964,2964,ses2965,usd2965,2025-10-04,Mobile,Edge,MacOS,Email marketing,US,Mumbai,Blog,Blog,No,New Visitor,No,29,54,6,11,2937
2965,2965,ses2966,usd2966,2025-03-27,Desktop,Safari,iOS,Paid search,Germany,Singapore,Services,Contact,Yes,Returning Visitor,Yes,43,51,6,35,6192
2966,2966,ses2967,usd2967,2025-09-14,Mobile,Firefox,Linux,Email marketing,UK,Hyderabad,Home,Pricing,Yes,Returning Visitor,Yes,32,9,16,15,4642
2967,2967,ses2968,usd2968,2025-05-01,Desktop,Chrome,Windows,Email marketing,Canada,New York,Services,Products,No,New Visitor,No,40,57,16,41,8934
2968,2968,ses2969,usd2969,2025-02-12,Tablet,Safari,Linux,Organic search,UK,Singapore,Home,Services,No,Returning Visitor,No,53,50,21,12,3954
2969,2969,ses2970,usd2970,2025-09-06,Desktop,Chrome,Android,Email marketing,Germany,London,Home,Pricing,Yes,Returning Visitor,No,27,41,1,34,3056
2970,2970,ses2971,usd2971,2025-01-06,Mobile,Chrome,MacOS,Social media,Canada,London,Products,Contact,Yes,Returning Visitor,No,19,48,11,5,3665
2971,2971,ses2972,usd2972,2025-12-30,Desktop,Opera,MacOS,Referral,India,Sydney,Products,Products,No,Returning Visitor,Yes,57,43,24,38,3447
2972,2972,ses2973,usd2973,2025-01-22,Tablet,Safari,Linux,Email marketing,US,New York,Contact,Products,Yes,Returning Visitor,Yes,8,5,16,39,2733
2973,2973,ses2974,usd2974,2025-05-08,Mobile,Safari,iOS,Email marketing,India,London,Home,Home,Yes,New Visitor,No,67,40,23,16,7655
2974,2974,ses2975,usd2975,2025-03-24,Desktop,Firefox,MacOS,Referral,India,Mumbai,Services,Services,Yes,New Visitor,Yes,9,16,17,34,595
2975,2975,ses2976,usd2976,2025-10-24,Desktop,Chrome,Windows,Paid search,India,Delhi,Pricing,Contact,Yes,New Visitor,No,80,15,1,48,5076
2976,2976,ses2977,usd2977,2025-06-15,Desktop,Safari,Android,Email marketing,UK,Chennai,Services,Blog,No,Returning Visitor,No,26,27,20,37,2603
2977,2977,ses2978,usd2978,2025-01-16,Mobile,Edge,Windows,Social media,Australia,New York,About us,Contact,No,New Visitor,No,85,56,14,41,7534
2978,2978,ses2979,usd2979,2025-08-19,Tablet,Safari,iOS,Referral,Singapore,Delhi,Pricing,Pricing,No,New Visitor,No,22,53,11,24,8921
2979,2979,ses2980,usd2980,2025-01-28,Mobile,Firefox,Android,Direct,Australia,Hyderabad,Products,Contact,No,Returning Visitor,No,19,51,14,4,6044
2980,2980,ses2981,usd2981,2025-07-24,Desktop,Edge,MacOS,Email marketing,US,Singapore,Login,Contact,Yes,Returning Visitor,Yes,32,33,5,12,9534
2981,2981,ses2982,usd2982,2025-07-19,Mobile,Edge,MacOS,Direct,Singapore,Singapore,Contact,Products,Yes,Returning Visitor,No,84,51,18,5,1893
2982,2982,ses2983,usd2983,2025-12-15,Tablet,Firefox,MacOS,Organic search,Australia,Mumbai,Home,Contact,No,New Visitor,Yes,86,53,9,37,8537
2983,2983,ses2984,usd2984,2025-04-26,Mobile,Edge,iOS,Paid search,Australia,Mumbai,Login,Contact,No,Returning Visitor,Yes,33,29,4,37,6804
2984,2984,ses2985,usd2985,2025-05-19,Mobile,Chrome,Android,Direct,Germany,Singapore,Home,Contact,Yes,Returning Visitor,Yes,22,36,19,35,496
2985,2985,ses2986,usd2986,2025-10-03,Desktop,Firefox,iOS,Paid search,Australia,Sydney,Contact,Contact,No,Returning Visitor,Yes,77,49,9,4,6775
2986,2986,ses2987,usd2987,2025-06-07,Desktop,Edge,Linux,Direct,Singapore,New York,Pricing,Products,Yes,Returning Visitor,Yes,52,47,3,28,4182
2987,2987,ses2988,usd2988,2025-09-19,Desktop,Firefox,Linux,Direct,UK,London,Services,Services,No,Returning Visitor,Yes,9,38,10,1,2891
2988,2988,ses2989,usd2989,2025-08-23,Desktop,Opera,Windows,Paid search,Singapore,Singapore,Blog,Contact,No,New Visitor,Yes,17,59,12,36,4424
2989,2989,ses2990,usd2990,2025-03-15,Tablet,Firefox,Windows,Email marketing,US,Sydney,Login,Services,Yes,New Visitor,Yes,82,43,9,46,7694
2990,2990,ses2991,usd2991,2025-04-10,Mobile,Chrome,iOS,Email marketing,Australia,New York,Services,Home,No,New Visitor,Yes,19,29,14,33,6863
2991,2991,ses2992,usd2992,2025-01-06,Desktop,Opera,Android,Social media,Australia,Bangalore,Services,Contact,No,Returning Visitor,No,57,8,3,14,84
2992,2992,ses2993,usd2993,2025-03-18,Mobile,Chrome,Windows,Organic search,UK,Delhi,Products,Pricing,Yes,Returning Visitor,Yes,96,16,11,35,4152
2993,2993,ses2994,usd2994,2025-01-05,Desktop,Chrome,iOS,Email marketing,Germany,Chennai,Services,Contact,No,New Visitor,Yes,76,22,3,20,812
2994,2994,ses2995,usd2995,2025-10-30,Mobile,Safari,iOS,Social media,US,Bangalore,Products,Services,Yes,New Visitor,Yes,57,33,12,29,6704
2995,2995,ses2996,usd2996,2025-06-10,Tablet,Edge,iOS,Paid search,UK,Sydney,Products,Contact,No,New Visitor,No,5,37,7,36,2750
2996,2996,ses2997,usd2997,2025-09-04,Mobile,Firefox,Android,Social media,Singapore,New York,Services,Services,No,Returning Visitor,No,97,7,17,18,3211
2997,2997,ses2998,usd2998,2025-05-19,Desktop,Edge,Windows,Organic search,Singapore,Delhi,Home,Pricing,No,New Visitor,No,52,14,12,13,7945
2998,2998,ses2999,usd2999,2025-04-29,Mobile,Opera,MacOS,Organic search,Australia,London,Login,Products,Yes,Returning Visitor,No,89,20,19,38,7746
2999,2999,ses3000,usd3000,2025-12-01,Tablet,Edge,iOS,Email marketing,US,Hyderabad,Home,Contact,Yes,Returning Visitor,Yes,43,48,5,48,9160
3000,3000,ses3001,usd3001,2025-02-10,Mobile,Safari,Windows,Referral,Germany,Delhi,About us,Home,Yes,New Visitor,No,51,41,14,4,2354
3001,3001,ses3002,usd3002,2025-10-29,Desktop,Chrome,Android,Email marketing,Australia,Mumbai,Contact,Pricing,Yes,Returning Visitor,No,77,22,22,1,2324
3002,3002,ses3003,usd3003,2025-01-20,Desktop,Firefox,iOS,Organic search,UK,Delhi,Contact,Pricing,No,Returning Visitor,No,38,54,15,38,7978
3003,3003,ses3004,usd3004,2025-04-06,Desktop,Opera,Windows,Paid search,UK,Mumbai,Pricing,Home,No,Returning Visitor,No,52,22,17,32,8529
3004,3004,ses3005,usd3005,2025-04-14,Mobile,Safari,Windows,Email marketing,Australia,Singapore,Home,Products,No,Returning Visitor,No,42,43,23,20,9016
3005,3005,ses3006,usd3006,2025-07-04,Mobile,Chrome,Windows,Referral,Australia,New York,Contact,Contact,Yes,Returning Visitor,Yes,12,21,24,37,1524
3006,3006,ses3007,usd3007,2025-06-27,Mobile,Safari,MacOS,Email marketing,Canada,New York,Blog,Contact,No,New Visitor,Yes,53,3,22,14,8089
3007,3007,ses3008,usd3008,2025-01-08,Mobile,Opera,Windows,Social media,UK,Chennai,Blog,Services,Yes,New Visitor,Yes,73,41,13,24,7594
3008,3008,ses3009,usd3009,2025-10-23,Desktop,Chrome,Windows,Direct,Germany,Sydney,Pricing,Products,No,Returning Visitor,Yes,59,11,2,26,6721
3009,3009,ses3010,usd3010,2025-12-16,Mobile,Edge,Linux,Paid search,Canada,London,Contact,Products,Yes,Returning Visitor,Yes,87,53,17,34,5728
3010,3010,ses3011,usd3011,2025-12-19,Desktop,Chrome,Linux,Paid search,India,Mumbai,Services,Home,Yes,New Visitor,Yes,3,5,1,42,3863
3011,3011,ses3012,usd3012,2025-07-31,Mobile,Safari,Windows,Direct,UK,New York,Products,Contact,No,Returning Visitor,Yes,87,25,5,36,8124
3012,3012,ses3013,usd3013,2025-04-26,Desktop,Edge,Linux,Referral,Canada,Hyderabad,Services,Contact,No,New Visitor,Yes,61,52,17,5,8147
3013,3013,ses3014,usd3014,2025-02-27,Mobile,Chrome,Android,Social media,Singapore,Bangalore,Home,Products,No,New Visitor,No,80,32,7,49,1017
3014,3014,ses3015,usd3015,2025-01-13,Tablet,Opera,Windows,Paid search,India,Mumbai,Home,Pricing,Yes,Returning Visitor,No,87,12,23,9,5215
3015,3015,ses3016,usd3016,2025-09-29,Tablet,Chrome,MacOS,Referral,Canada,New York,Products,Pricing,Yes,Returning Visitor,No,72,30,20,18,783
3016,3016,ses3017,usd3017,2025-10-10,Desktop,Opera,Windows,Organic search,UK,Chennai,Login,Pricing,Yes,Returning Visitor,Yes,43,28,17,20,7852
3017,3017,ses3018,usd3018,2025-06-12,Desktop,Opera,Android,Paid search,Canada,Hyderabad,Blog,Home,No,Returning Visitor,No,77,10,19,25,4064
3018,3018,ses3019,usd3019,2025-07-04,Tablet,Edge,iOS,Organic search,Canada,Bangalore,Contact,Blog,No,New Visitor,Yes,93,24,6,42,2038
3019,3019,ses3020,usd3020,2025-03-26,Mobile,Edge,MacOS,Organic search,Singapore,Delhi,Pricing,Blog,No,New Visitor,Yes,78,49,4,20,347
3020,3020,ses3021,usd3021,2025-06-04,Tablet,Opera,iOS,Referral,US,Bangalore,Home,Products,No,Returning Visitor,Yes,39,8,8,41,3863
3021,3021,ses3022,usd3022,2025-07-16,Mobile,Firefox,MacOS,Direct,Singapore,New York,Products,Home,Yes,Returning Visitor,Yes,32,47,23,27,2656
3022,3022,ses3023,usd3023,2025-05-27,Tablet,Opera,iOS,Social media,UK,Hyderabad,Services,Products,No,Returning Visitor,No,39,55,13,27,3238
3023,3023,ses3024,usd3024,2025-06-11,Tablet,Chrome,Linux,Paid search,Canada,Bangalore,Pricing,Blog,No,Returning Visitor,No,85,35,22,47,7670
3024,3024,ses3025,usd3025,2025-04-07,Desktop,Chrome,iOS,Referral,UK,Delhi,Pricing,Blog,No,New Visitor,No,71,10,21,1,9770
3025,3025,ses3026,usd3026,2025-10-02,Mobile,Firefox,Windows,Direct,India,Bangalore,Home,Blog,No,Returning Visitor,Yes,89,31,11,36,9324
3026,3026,ses3027,usd3027,2025-12-17,Desktop,Opera,Android,Direct,Australia,London,Contact,Contact,Yes,Returning Visitor,Yes,15,2,5,32,6964
3027,3027,ses3028,usd3028,2025-07-04,Tablet,Chrome,iOS,Social media,Germany,Chennai,Home,Products,No,Returning Visitor,No,31,43,12,49,4881
3028,3028,ses3029,usd3029,2025-07-03,Desktop,Firefox,Linux,Direct,Australia,New York,Services,Blog,No,New Visitor,Yes,16,27,11,18,3427
3029,3029,ses3030,usd3030,2025-03-13,Mobile,Safari,MacOS,Referral,India,London,Services,Contact,Yes,Returning Visitor,Yes,81,32,18,25,2755
3030,3030,ses3031,usd3031,2025-11-10,Tablet,Safari,iOS,Paid search,Singapore,Mumbai,Home,Products,Yes,Returning Visitor,No,21,47,10,13,3871
3031,3031,ses3032,usd3032,2025-09-15,Mobile,Edge,Linux,Direct,Germany,Chennai,Services,Services,No,Returning Visitor,Yes,92,15,1,48,7431
3032,3032,ses3033,usd3033,2025-05-09,Tablet,Firefox,iOS,Social media,UK,Mumbai,Home,Contact,Yes,Returning Visitor,No,71,15,4,14,6425
3033,3033,ses3034,usd3034,2025-12-11,Mobile,Edge,Linux,Email marketing,India,New York,Services,Home,No,Returning Visitor,No,34,7,24,48,8232
3034,3034,ses3035,usd3035,2025-01-02,Tablet,Chrome,MacOS,Organic search,UK,Hyderabad,Login,Contact,Yes,Returning Visitor,Yes,81,20,11,10,2992
3035,3035,ses3036,usd3036,2025-06-30,Tablet,Opera,Android,Email marketing,UK,London,Home,Blog,No,Returning Visitor,Yes,93,23,18,15,4856
3036,3036,ses3037,usd3037,2025-04-28,Mobile,Firefox,MacOS,Organic search,Australia,Sydney,Products,Services,No,New Visitor,No,54,42,3,49,105
3037,3037,ses3038,usd3038,2025-02-03,Desktop,Safari,iOS,Organic search,Canada,London,Blog,Contact,Yes,New Visitor,No,14,53,9,23,5736
3038,3038,ses3039,usd3039,2025-02-13,Desktop,Firefox,Windows,Paid search,Singapore,Delhi,Pricing,Home,Yes,New Visitor,Yes,22,21,22,19,6529
3039,3039,ses3040,usd3040,2025-08-05,Desktop,Safari,iOS,Paid search,Australia,Chennai,Blog,Home,Yes,Returning Visitor,Yes,37,3,18,38,7260
3040,3040,ses3041,usd3041,2025-03-05,Desktop,Chrome,Windows,Social media,Canada,London,About us,Contact,No,Returning Visitor,No,80,56,17,18,9408
3041,3041,ses3042,usd3042,2025-07-26,Mobile,Chrome,MacOS,Paid search,Germany,Chennai,Blog,Services,Yes,New Visitor,No,27,38,7,40,1629
3042,3042,ses3043,usd3043,2025-04-04,Mobile,Edge,iOS,Direct,Singapore,New York,About us,Contact,Yes,Returning Visitor,Yes,28,32,24,37,2301
3043,3043,ses3044,usd3044,2025-03-16,Mobile,Opera,MacOS,Paid search,Singapore,Sydney,Contact,Contact,No,Returning Visitor,No,83,37,4,5,4648
3044,3044,ses3045,usd3045,2025-01-12,Mobile,Chrome,Linux,Direct,Canada,London,Services,Pricing,No,Returning Visitor,No,64,17,20,26,6963
3045,3045,ses3046,usd3046,2025-05-28,Mobile,Opera,iOS,Referral,UK,Bangalore,Services,Services,No,New Visitor,Yes,14,7,16,29,6834
3046,3046,ses3047,usd3047,2025-03-11,Tablet,Firefox,Linux,Organic search,Singapore,Chennai,Blog,Services,No,New Visitor,Yes,72,23,7,12,645
3047,3047,ses3048,usd3048,2025-08-10,Tablet,Safari,Linux,Organic search,Germany,Bangalore,About us,Blog,No,Returning Visitor,No,3,30,8,7,6575
3048,3048,ses3049,usd3049,2025-07-20,Tablet,Opera,iOS,Referral,Germany,Mumbai,Home,Services,Yes,Returning Visitor,Yes,97,57,21,17,4827
3049,3049,ses3050,usd3050,2025-12-23,Mobile,Chrome,MacOS,Paid search,UK,London,Blog,Products,No,New Visitor,Yes,19,2,1,2,171
3050,3050,ses3051,usd3051,2025-11-07,Desktop,Edge,MacOS,Social media,Australia,London,Home,Blog,Yes,Returning Visitor,No,42,26,2,17,1678
3051,3051,ses3052,usd3052,2025-11-26,Tablet,Opera,Android,Email marketing,UK,Sydney,Login,Services,Yes,New Visitor,Yes,22,28,16,31,7489
3052,3052,ses3053,usd3053,2025-02-06,Tablet,Opera,Linux,Email marketing,Singapore,Singapore,Products,Contact,Yes,New Visitor,Yes,32,10,19,28,8014
3053,3053,ses3054,usd3054,2025-01-29,Desktop,Opera,iOS,Paid search,India,New York,Pricing,Products,No,New Visitor,Yes,80,53,9,11,8325
3054,3054,ses3055,usd3055,2025-02-08,Tablet,Firefox,MacOS,Direct,US,Sydney,Pricing,Home,No,New Visitor,Yes,43,20,20,3,566
3055,3055,ses3056,usd3056,2025-09-21,Mobile,Safari,Windows,Email marketing,India,Hyderabad,Services,Home,No,New Visitor,No,71,28,17,6,9062
3056,3056,ses3057,usd3057,2025-01-07,Tablet,Safari,MacOS,Organic search,Germany,Sydney,Contact,Blog,No,New Visitor,Yes,81,56,1,7,4353
3057,3057,ses3058,usd3058,2025-11-26,Tablet,Edge,Android,Referral,India,New York,Home,Services,No,Returning Visitor,Yes,71,7,1,29,1375
3058,3058,ses3059,usd3059,2025-03-09,Mobile,Firefox,Android,Social media,US,Chennai,About us,Home,Yes,New Visitor,Yes,98,30,15,11,6717
3059,3059,ses3060,usd3060,2025-05-23,Tablet,Opera,MacOS,Paid search,Canada,New York,Blog,Pricing,No,New Visitor,Yes,20,42,10,38,8732
3060,3060,ses3061,usd3061,2025-09-14,Tablet,Edge,Linux,Social media,Germany,Delhi,About us,Products,No,Returning Visitor,No,85,41,12,49,4930
3061,3061,ses3062,usd3062,2025-02-24,Tablet,Firefox,Android,Direct,India,London,Login,Blog,No,Returning Visitor,No,49,32,3,37,5772
3062,3062,ses3063,usd3063,2025-11-01,Tablet,Safari,iOS,Email marketing,Australia,Hyderabad,About us,Products,No,New Visitor,No,1,11,11,48,7217
3063,3063,ses3064,usd3064,2025-05-09,Mobile,Safari,Linux,Organic search,Canada,Mumbai,Pricing,Contact,Yes,Returning Visitor,Yes,19,21,17,2,9958
3064,3064,ses3065,usd3065,2025-06-20,Tablet,Firefox,iOS,Organic search,India,Mumbai,Products,Services,Yes,Returning Visitor,Yes,65,21,3,4,2483
3065,3065,ses3066,usd3066,2025-01-18,Tablet,Safari,Windows,Direct,Australia,Mumbai,About us,Products,No,Returning Visitor,No,79,36,22,46,8532
3066,3066,ses3067,usd3067,2025-04-15,Mobile,Chrome,MacOS,Email marketing,India,Bangalore,Login,Contact,Yes,New Visitor,No,23,13,21,27,4324
3067,3067,ses3068,usd3068,2025-03-07,Mobile,Chrome,MacOS,Email marketing,Germany,Chennai,Services,Services,Yes,New Visitor,No,68,3,5,21,7202
3068,3068,ses3069,usd3069,2025-06-02,Desktop,Safari,Android,Paid search,Germany,Hyderabad,Home,Home,Yes,Returning Visitor,Yes,60,14,21,47,9202
3069,3069,ses3070,usd3070,2025-12-18,Mobile,Safari,MacOS,Direct,Australia,Sydney,Pricing,Pricing,No,New Visitor,Yes,55,12,21,46,2642
3070,3070,ses3071,usd3071,2025-01-08,Mobile,Safari,Linux,Paid search,Germany,Hyderabad,Services,Blog,Yes,New Visitor,No,68,48,2,36,6164
3071,3071,ses3072,usd3072,2025-09-24,Mobile,Opera,Android,Email marketing,India,Chennai,Services,Contact,Yes,Returning Visitor,Yes,29,24,15,41,9848
3072,3072,ses3073,usd3073,2025-12-13,Mobile,Edge,Windows,Email marketing,Singapore,Bangalore,Login,Home,No,Returning Visitor,No,92,59,9,46,9209
3073,3073,ses3074,usd3074,2025-10-25,Desktop,Safari,Linux,Social media,Canada,Delhi,Home,Blog,Yes,New Visitor,No,42,28,19,2,3041
3074,3074,ses3075,usd3075,2025-10-02,Mobile,Edge,iOS,Referral,India,London,Contact,Products,Yes,New Visitor,No,10,13,20,33,6858
3075,3075,ses3076,usd3076,2025-06-11,Desktop,Edge,Android,Referral,India,Mumbai,Pricing,Products,Yes,New Visitor,No,58,25,8,7,3564
3076,3076,ses3077,usd3077,2025-08-30,Tablet,Opera,Android,Referral,US,Bangalore,Services,Pricing,Yes,Returning Visitor,No,51,25,4,8,1477
3077,3077,ses3078,usd3078,2025-02-07,Desktop,Chrome,iOS,Organic search,Canada,Chennai,Pricing,Products,No,Returning Visitor,Yes,19,47,24,9,5028
3078,3078,ses3079,usd3079,2025-01-27,Desktop,Opera,Windows,Referral,Singapore,Delhi,Login,Blog,Yes,Returning Visitor,Yes,70,16,8,31,7919
3079,3079,ses3080,usd3080,2025-04-08,Tablet,Opera,Windows,Paid search,Australia,Bangalore,About us,Contact,No,Returning Visitor,No,69,19,22,9,3065
3080,3080,ses3081,usd3081,2025-10-27,Mobile,Firefox,iOS,Direct,Singapore,Delhi,Home,Home,No,Returning Visitor,Yes,68,59,2,32,8960
3081,3081,ses3082,usd3082,2025-06-27,Mobile,Firefox,MacOS,Direct,UK,Mumbai,Blog,Contact,Yes,New Visitor,No,87,23,14,2,9012
3082,3082,ses3083,usd3083,2025-10-09,Mobile,Safari,Linux,Email marketing,India,Mumbai,Home,Contact,No,Returning Visitor,Yes,95,9,6,19,4518
3083,3083,ses3084,usd3084,2025-12-10,Tablet,Edge,iOS,Email marketing,Singapore,Chennai,Login,Services,Yes,Returning Visitor,Yes,90,11,3,40,491
3084,3084,ses3085,usd3085,2025-09-08,Desktop,Firefox,Windows,Email marketing,Germany,London,Products,Contact,No,New Visitor,No,52,40,11,7,2874
3085,3085,ses3086,usd3086,2025-09-23,Mobile,Safari,Android,Organic search,Canada,Sydney,Pricing,Blog,Yes,New Visitor,Yes,76,7,9,1,1175
3086,3086,ses3087,usd3087,2025-03-15,Desktop,Edge,Android,Organic search,Germany,New York,Blog,Contact,No,New Visitor,No,24,8,18,20,7064
3087,3087,ses3088,usd3088,2025-02-13,Tablet,Safari,Windows,Direct,Singapore,Hyderabad,Products,Home,No,Returning Visitor,Yes,35,19,16,44,3022
3088,3088,ses3089,usd3089,2025-10-31,Mobile,Edge,Windows,Paid search,US,Singapore,Pricing,Blog,Yes,New Visitor,Yes,9,6,1,12,9607
3089,3089,ses3090,usd3090,2025-08-19,Mobile,Safari,Windows,Organic search,India,Delhi,Home,Pricing,Yes,Returning Visitor,Yes,14,57,4,17,5308
3090,3090,ses3091,usd3091,2025-05-12,Desktop,Safari,Windows,Social media,India,London,Services,Home,No,Returning Visitor,No,27,2,10,22,9054
3091,3091,ses3092,usd3092,2025-04-20,Tablet,Chrome,Android,Direct,India,Mumbai,Home,Pricing,No,Returning Visitor,No,98,13,11,26,1173
3092,3092,ses3093,usd3093,2025-12-28,Desktop,Opera,Android,Organic search,India,London,Blog,Contact,No,New Visitor,No,63,41,15,35,7781
3093,3093,ses3094,usd3094,2025-04-02,Mobile,Chrome,iOS,Paid search,Germany,Singapore,Blog,Blog,Yes,New Visitor,Yes,18,58,15,43,2393
3094,3094,ses3095,usd3095,2025-04-11,Tablet,Opera,iOS,Paid search,Singapore,Sydney,Blog,Products,No,New Visitor,No,21,54,6,24,6495
3095,3095,ses3096,usd3096,2025-12-23,Mobile,Safari,Android,Social media,US,New York,Products,Home,No,Returning Visitor,Yes,56,48,8,16,224
3096,3096,ses3097,usd3097,2025-09-04,Mobile,Safari,MacOS,Direct,UK,Singapore,About us,Contact,Yes,Returning Visitor,No,69,20,7,33,5066
3097,3097,ses3098,usd3098,2025-04-24,Desktop,Chrome,Windows,Organic search,Canada,London,Pricing,Products,Yes,Returning Visitor,Yes,30,24,18,22,286
3098,3098,ses3099,usd3099,2025-09-09,Mobile,Safari,MacOS,Email marketing,India,New York,Pricing,Home,No,Returning Visitor,Yes,63,21,11,10,913
3099,3099,ses3100,usd3100,2025-11-07,Tablet,Chrome,Android,Referral,Germany,Bangalore,Blog,Contact,No,New Visitor,Yes,55,43,19,11,4423
3100,3100,ses3101,usd3101,2025-07-06,Tablet,Opera,Windows,Paid search,Singapore,New York,Blog,Contact,No,New Visitor,Yes,2,22,4,40,7932
3101,3101,ses3102,usd3102,2025-09-22,Tablet,Opera,Android,Direct,Canada,Mumbai,About us,Contact,No,New Visitor,No,63,38,12,23,1614
3102,3102,ses3103,usd3103,2025-10-11,Tablet,Chrome,Linux,Organic search,Canada,Mumbai,Pricing,Blog,Yes,New Visitor,Yes,2,25,17,34,5360
3103,3103,ses3104,usd3104,2025-10-04,Mobile,Opera,MacOS,Email marketing,Canada,Mumbai,Login,Home,Yes,New Visitor,No,99,42,2,11,7847
3104,3104,ses3105,usd3105,2025-11-18,Mobile,Chrome,MacOS,Organic search,India,Delhi,Products,Blog,Yes,Returning Visitor,No,14,28,9,1,3702
3105,3105,ses3106,usd3106,2025-09-28,Tablet,Chrome,MacOS,Referral,Germany,Hyderabad,Home,Services,Yes,Returning Visitor,Yes,20,1,24,29,1166
3106,3106,ses3107,usd3107,2025-01-14,Mobile,Chrome,Windows,Email marketing,Australia,Delhi,About us,Products,No,Returning Visitor,Yes,26,11,8,12,6074
3107,3107,ses3108,usd3108,2025-08-21,Tablet,Edge,Windows,Organic search,UK,Sydney,Contact,Home,No,New Visitor,Yes,60,25,24,30,1148
3108,3108,ses3109,usd3109,2025-04-26,Desktop,Opera,iOS,Organic search,Singapore,Chennai,Login,Contact,No,Returning Visitor,Yes,71,27,24,46,4674
3109,3109,ses3110,usd3110,2025-01-21,Desktop,Edge,MacOS,Direct,UK,Chennai,Contact,Home,Yes,Returning Visitor,Yes,1,1,18,25,3397
3110,3110,ses3111,usd3111,2025-07-01,Tablet,Edge,iOS,Social media,US,New York,About us,Home,Yes,Returning Visitor,No,3,24,8,24,9278
3111,3111,ses3112,usd3112,2025-12-08,Desktop,Firefox,Linux,Paid search,Canada,Hyderabad,Pricing,Contact,Yes,Returning Visitor,No,51,24,1,19,7798
3112,3112,ses3113,usd3113,2025-04-26,Tablet,Safari,Android,Social media,India,Mumbai,Services,Contact,Yes,Returning Visitor,Yes,62,37,24,35,4247
3113,3113,ses3114,usd3114,2025-09-05,Tablet,Edge,iOS,Email marketing,India,Singapore,Blog,Services,Yes,New Visitor,Yes,27,42,11,13,2773
3114,3114,ses3115,usd3115,2025-09-08,Desktop,Opera,MacOS,Organic search,Australia,Singapore,Home,Contact,No,New Visitor,Yes,64,55,2,32,6988
3115,3115,ses3116,usd3116,2025-05-19,Mobile,Safari,Linux,Organic search,UK,Hyderabad,Blog,Home,No,Returning Visitor,Yes,21,43,20,28,7386
3116,3116,ses3117,usd3117,2025-04-29,Tablet,Firefox,Android,Organic search,UK,Mumbai,Login,Contact,No,Returning Visitor,No,94,9,7,29,1351
3117,3117,ses3118,usd3118,2025-10-15,Desktop,Safari,Linux,Direct,Singapore,Chennai,Home,Products,No,New Visitor,No,50,50,1,22,5199
3118,3118,ses3119,usd3119,2025-07-12,Desktop,Chrome,MacOS,Paid search,Australia,Delhi,Home,Blog,Yes,Returning Visitor,No,80,43,16,13,8614
3119,3119,ses3120,usd3120,2025-03-12,Mobile,Safari,MacOS,Paid search,US,Delhi,Home,Services,Yes,New Visitor,No,7,58,4,5,5006
3120,3120,ses3121,usd3121,2025-05-04,Mobile,Chrome,Linux,Paid search,Australia,Mumbai,Login,Products,Yes,New Visitor,No,42,26,3,18,8060
3121,3121,ses3122,usd3122,2025-12-22,Tablet,Opera,Android,Paid search,Australia,London,Pricing,Contact,No,New Visitor,No,32,2,21,46,511
3122,3122,ses3123,usd3123,2025-05-17,Desktop,Firefox,Windows,Paid search,Australia,Chennai,Home,Blog,No,New Visitor,No,44,51,21,43,7170
3123,3123,ses3124,usd3124,2025-06-11,Desktop,Opera,iOS,Organic search,India,Delhi,Contact,Pricing,No,Returning Visitor,Yes,26,23,4,30,4783
3124,3124,ses3125,usd3125,2025-01-03,Desktop,Chrome,iOS,Email marketing,UK,Mumbai,Home,Products,No,Returning Visitor,Yes,94,57,10,9,3498
3125,3125,ses3126,usd3126,2025-06-01,Tablet,Opera,MacOS,Direct,UK,Chennai,Contact,Services,Yes,New Visitor,No,7,57,17,38,3767
3126,3126,ses3127,usd3127,2025-07-10,Desktop,Edge,iOS,Direct,India,New York,About us,Contact,No,Returning Visitor,Yes,20,21,4,26,9225
3127,3127,ses3128,usd3128,2025-03-31,Desktop,Safari,MacOS,Social media,Canada,Mumbai,Contact,Home,No,New Visitor,No,19,25,23,40,8206
3128,3128,ses3129,usd3129,2025-11-30,Desktop,Chrome,MacOS,Organic search,Germany,Chennai,About us,Products,No,New Visitor,No,71,1,11,33,3647
3129,3129,ses3130,usd3130,2025-11-25,Desktop,Opera,Linux,Email marketing,Singapore,London,Services,Contact,No,Returning Visitor,Yes,63,40,9,18,4408
3130,3130,ses3131,usd3131,2025-08-06,Tablet,Safari,iOS,Organic search,India,Sydney,Login,Services,Yes,New Visitor,No,54,21,24,15,5887
3131,3131,ses3132,usd3132,2025-06-10,Tablet,Firefox,Linux,Social media,Canada,Hyderabad,Login,Blog,Yes,Returning Visitor,No,15,24,7,15,2976
3132,3132,ses3133,usd3133,2025-05-23,Mobile,Opera,Windows,Social media,Canada,Chennai,Services,Products,Yes,Returning Visitor,Yes,53,9,11,33,7780
3133,3133,ses3134,usd3134,2025-05-21,Mobile,Firefox,iOS,Email marketing,Canada,London,About us,Home,Yes,New Visitor,Yes,81,35,1,30,5513
3134,3134,ses3135,usd3135,2025-05-12,Desktop,Chrome,Android,Social media,US,Mumbai,Contact,Products,Yes,Returning Visitor,No,91,15,24,44,38
3135,3135,ses3136,usd3136,2025-09-04,Desktop,Firefox,Linux,Paid search,Singapore,London,Products,Contact,Yes,New Visitor,Yes,72,15,2,47,6885
3136,3136,ses3137,usd3137,2025-05-15,Mobile,Edge,Linux,Direct,UK,Singapore,Home,Contact,Yes,Returning Visitor,Yes,25,57,7,30,7315
3137,3137,ses3138,usd3138,2025-06-20,Tablet,Firefox,Android,Referral,UK,Delhi,Products,Pricing,Yes,New Visitor,Yes,44,57,15,9,282
3138,3138,ses3139,usd3139,2025-04-04,Mobile,Chrome,MacOS,Referral,Australia,Bangalore,Pricing,Blog,No,Returning Visitor,No,58,29,8,41,6697
3139,3139,ses3140,usd3140,2025-07-31,Tablet,Opera,Linux,Paid search,UK,Singapore,Home,Pricing,Yes,New Visitor,Yes,60,58,9,25,8011
3140,3140,ses3141,usd3141,2025-08-08,Desktop,Chrome,iOS,Referral,UK,Delhi,Blog,Contact,Yes,Returning Visitor,No,45,36,9,24,6406
3141,3141,ses3142,usd3142,2025-07-03,Tablet,Edge,iOS,Social media,US,Singapore,Home,Blog,Yes,Returning Visitor,No,65,11,6,33,3948
3142,3142,ses3143,usd3143,2025-10-14,Mobile,Firefox,Linux,Email marketing,India,Delhi,Login,Contact,Yes,New Visitor,Yes,69,36,11,36,5862
3143,3143,ses3144,usd3144,2025-08-02,Tablet,Chrome,Linux,Email marketing,Canada,New York,Products,Home,No,New Visitor,No,69,57,7,15,4197
3144,3144,ses3145,usd3145,2025-11-09,Tablet,Opera,MacOS,Email marketing,US,Delhi,Login,Contact,No,Returning Visitor,Yes,97,13,20,45,2036
3145,3145,ses3146,usd3146,2025-05-24,Tablet,Opera,Linux,Organic search,Canada,Sydney,Login,Services,No,New Visitor,No,47,52,9,41,3669
3146,3146,ses3147,usd3147,2025-06-26,Mobile,Chrome,Windows,Social media,Germany,Bangalore,About us,Products,Yes,Returning Visitor,Yes,11,36,17,47,7471
3147,3147,ses3148,usd3148,2025-09-19,Tablet,Firefox,MacOS,Social media,Germany,Bangalore,Products,Contact,Yes,New Visitor,Yes,55,1,8,8,2155
3148,3148,ses3149,usd3149,2025-08-04,Tablet,Opera,MacOS,Social media,Australia,Delhi,Products,Home,Yes,New Visitor,Yes,94,53,9,16,9689
3149,3149,ses3150,usd3150,2026-01-01,Desktop,Chrome,iOS,Paid search,India,New York,Services,Blog,No,New Visitor,No,74,30,18,20,3927
3150,3150,ses3151,usd3151,2025-06-14,Desktop,Firefox,Windows,Organic search,Canada,Bangalore,Blog,Products,Yes,Returning Visitor,Yes,17,31,9,45,765
3151,3151,ses3152,usd3152,2025-11-18,Tablet,Edge,Android,Direct,Australia,Sydney,Blog,Pricing,No,New Visitor,Yes,8,46,17,9,5981
3152,3152,ses3153,usd3153,2025-08-28,Desktop,Edge,MacOS,Social media,Singapore,Hyderabad,Services,Pricing,No,New Visitor,Yes,95,54,10,18,6348
3153,3153,ses3154,usd3154,2025-01-17,Mobile,Opera,Linux,Email marketing,Singapore,Singapore,Home,Contact,Yes,New Visitor,Yes,98,51,12,6,6856
3154,3154,ses3155,usd3155,2025-01-07,Desktop,Firefox,Linux,Organic search,Germany,Singapore,Home,Contact,Yes,New Visitor,Yes,6,13,4,47,5827
3155,3155,ses3156,usd3156,2025-02-22,Tablet,Safari,Linux,Organic search,US,Hyderabad,Blog,Contact,Yes,Returning Visitor,No,74,25,1,7,5249
3156,3156,ses3157,usd3157,2025-09-02,Desktop,Chrome,MacOS,Social media,UK,Mumbai,Login,Contact,No,Returning Visitor,Yes,28,38,6,45,1459
3157,3157,ses3158,usd3158,2025-05-22,Tablet,Safari,MacOS,Organic search,US,London,Home,Contact,Yes,New Visitor,Yes,90,31,16,41,6885
3158,3158,ses3159,usd3159,2025-06-12,Desktop,Edge,iOS,Social media,US,Delhi,Pricing,Contact,No,New Visitor,No,99,6,16,27,7155
3159,3159,ses3160,usd3160,2025-06-29,Desktop,Firefox,Linux,Direct,Germany,Singapore,Home,Pricing,No,New Visitor,Yes,97,35,20,47,7599
3160,3160,ses3161,usd3161,2025-02-07,Tablet,Firefox,MacOS,Paid search,UK,Bangalore,Services,Pricing,Yes,New Visitor,Yes,23,54,3,37,5102
3161,3161,ses3162,usd3162,2025-06-04,Tablet,Firefox,Windows,Social media,Canada,Chennai,Login,Contact,No,New Visitor,No,1,48,10,5,326
3162,3162,ses3163,usd3163,2025-06-13,Mobile,Opera,iOS,Email marketing,Germany,Chennai,Contact,Blog,Yes,New Visitor,Yes,53,22,2,25,7787
3163,3163,ses3164,usd3164,2025-07-16,Mobile,Firefox,iOS,Social media,Germany,Chennai,Contact,Contact,No,New Visitor,No,53,32,6,38,8026
3164,3164,ses3165,usd3165,2025-09-03,Desktop,Edge,MacOS,Social media,US,Singapore,Home,Blog,Yes,New Visitor,Yes,23,20,24,30,8792
3165,3165,ses3166,usd3166,2025-03-01,Desktop,Opera,Android,Organic search,India,Mumbai,Products,Contact,Yes,Returning Visitor,No,14,22,23,32,7481
3166,3166,ses3167,usd3167,2025-10-19,Tablet,Chrome,Linux,Social media,Germany,Hyderabad,Login,Contact,No,New Visitor,Yes,23,24,20,36,1669
3167,3167,ses3168,usd3168,2025-05-24,Mobile,Edge,Windows,Direct,Singapore,Mumbai,Services,Services,No,New Visitor,No,40,48,17,17,5407
3168,3168,ses3169,usd3169,2025-12-20,Mobile,Opera,Windows,Organic search,UK,Chennai,Products,Home,No,New Visitor,Yes,91,32,24,19,5717
3169,3169,ses3170,usd3170,2025-05-07,Tablet,Safari,Windows,Paid search,Canada,Bangalore,Blog,Services,Yes,Returning Visitor,No,92,42,15,1,2085
3170,3170,ses3171,usd3171,2025-09-19,Desktop,Safari,MacOS,Paid search,India,Singapore,About us,Products,Yes,New Visitor,No,58,5,12,6,8354
3171,3171,ses3172,usd3172,2025-05-07,Desktop,Chrome,iOS,Social media,Australia,Sydney,About us,Pricing,Yes,Returning Visitor,Yes,4,14,9,28,9402
3172,3172,ses3173,usd3173,2025-07-14,Desktop,Safari,Windows,Email marketing,Canada,Mumbai,Pricing,Home,No,Returning Visitor,Yes,84,30,1,7,5197
3173,3173,ses3174,usd3174,2025-11-29,Mobile,Edge,Android,Paid search,Germany,Bangalore,Pricing,Home,No,New Visitor,No,70,10,23,37,4782
3174,3174,ses3175,usd3175,2025-07-13,Tablet,Edge,Linux,Organic search,Canada,Bangalore,Login,Blog,No,Returning Visitor,No,42,38,23,49,1534
3175,3175,ses3176,usd3176,2025-02-19,Desktop,Firefox,Linux,Paid search,US,Bangalore,Contact,Contact,No,New Visitor,Yes,89,43,4,37,5155
3176,3176,ses3177,usd3177,2025-08-12,Desktop,Chrome,Android,Social media,Australia,Mumbai,Blog,Products,No,New Visitor,No,81,43,22,27,2967
3177,3177,ses3178,usd3178,2025-08-20,Desktop,Edge,MacOS,Direct,Canada,London,Home,Services,No,New Visitor,Yes,47,18,13,6,5218
3178,3178,ses3179,usd3179,2025-04-05,Desktop,Edge,Android,Social media,Canada,Hyderabad,Contact,Blog,Yes,Returning Visitor,No,78,30,15,2,4271
3179,3179,ses3180,usd3180,2025-04-11,Tablet,Firefox,Android,Organic search,India,New York,Login,Home,Yes,New Visitor,No,87,23,6,23,2532
3180,3180,ses3181,usd3181,2025-02-23,Mobile,Firefox,Windows,Social media,Singapore,Mumbai,Pricing,Products,Yes,Returning Visitor,Yes,37,8,2,3,7406
3181,3181,ses3182,usd3182,2025-03-23,Tablet,Opera,Linux,Referral,Germany,Chennai,Login,Contact,Yes,Returning Visitor,Yes,4,48,6,34,5767
3182,3182,ses3183,usd3183,2025-02-14,Mobile,Firefox,iOS,Organic search,UK,Delhi,Contact,Contact,Yes,New Visitor,Yes,73,13,6,31,4260
3183,3183,ses3184,usd3184,2025-11-29,Mobile,Edge,Linux,Email marketing,UK,Delhi,About us,Contact,No,New Visitor,No,36,35,11,5,5607
3184,3184,ses3185,usd3185,2025-11-27,Mobile,Chrome,Linux,Email marketing,Germany,Delhi,Login,Pricing,Yes,New Visitor,Yes,53,28,6,39,371
3185,3185,ses3186,usd3186,2025-08-22,Desktop,Firefox,Android,Referral,Australia,Hyderabad,Home,Contact,No,Returning Visitor,No,16,30,10,19,3498
3186,3186,ses3187,usd3187,2025-07-28,Desktop,Safari,Linux,Organic search,UK,Sydney,Products,Products,No,New Visitor,No,46,36,22,24,2582
3187,3187,ses3188,usd3188,2025-12-22,Mobile,Firefox,MacOS,Paid search,US,Singapore,Pricing,Blog,Yes,New Visitor,No,37,10,14,34,4559
3188,3188,ses3189,usd3189,2025-11-27,Tablet,Opera,Android,Email marketing,Germany,London,Contact,Pricing,No,Returning Visitor,Yes,91,5,3,8,8162
3189,3189,ses3190,usd3190,2025-06-25,Tablet,Safari,Android,Organic search,Singapore,Sydney,Contact,Services,No,Returning Visitor,No,57,12,2,46,8700
3190,3190,ses3191,usd3191,2025-03-09,Mobile,Opera,Windows,Social media,US,Chennai,Services,Services,Yes,Returning Visitor,Yes,45,38,24,34,1659
3191,3191,ses3192,usd3192,2025-02-20,Tablet,Chrome,Android,Social media,Canada,New York,Services,Blog,Yes,New Visitor,Yes,43,21,24,26,2958
3192,3192,ses3193,usd3193,2025-12-28,Mobile,Firefox,MacOS,Email marketing,Australia,Bangalore,Home,Blog,No,Returning Visitor,Yes,82,9,18,8,8266
3193,3193,ses3194,usd3194,2025-03-11,Mobile,Safari,Windows,Paid search,UK,New York,Blog,Home,No,Returning Visitor,No,84,24,18,17,4139
3194,3194,ses3195,usd3195,2025-01-16,Mobile,Safari,iOS,Social media,Singapore,Hyderabad,Pricing,Products,No,New Visitor,Yes,53,49,14,18,7253
3195,3195,ses3196,usd3196,2025-12-16,Desktop,Chrome,MacOS,Direct,Canada,Bangalore,Products,Blog,Yes,Returning Visitor,No,4,59,21,6,5092
3196,3196,ses3197,usd3197,2025-04-08,Mobile,Safari,Linux,Email marketing,Germany,New York,Blog,Contact,Yes,Returning Visitor,Yes,54,48,12,26,9020
3197,3197,ses3198,usd3198,2025-09-30,Tablet,Edge,MacOS,Paid search,Germany,Singapore,Contact,Home,No,Returning Visitor,No,59,52,11,39,7529
3198,3198,ses3199,usd3199,2025-02-24,Desktop,Edge,Linux,Paid search,Germany,Sydney,About us,Contact,Yes,Returning Visitor,Yes,18,14,21,49,1716
3199,3199,ses3200,usd3200,2025-09-12,Desktop,Safari,Windows,Organic search,US,Mumbai,Blog,Contact,Yes,Returning Visitor,No,28,38,16,42,6726
3200,3200,ses3201,usd3201,2025-10-04,Tablet,Opera,Android,Referral,India,Chennai,Home,Products,No,New Visitor,Yes,15,15,8,11,2333
3201,3201,ses3202,usd3202,2025-09-25,Mobile,Chrome,Linux,Organic search,Australia,Chennai,Pricing,Services,No,Returning Visitor,Yes,79,47,1,32,1128
3202,3202,ses3203,usd3203,2025-11-08,Mobile,Chrome,MacOS,Social media,Canada,Bangalore,Products,Home,Yes,New Visitor,Yes,96,40,6,20,329
3203,3203,ses3204,usd3204,2025-03-24,Mobile,Opera,Windows,Paid search,UK,London,Contact,Contact,Yes,Returning Visitor,Yes,30,9,17,49,2925
3204,3204,ses3205,usd3205,2025-07-21,Tablet,Edge,MacOS,Referral,UK,Bangalore,Services,Home,No,Returning Visitor,Yes,24,28,16,24,1077
3205,3205,ses3206,usd3206,2025-05-03,Tablet,Opera,iOS,Email marketing,Canada,New York,Home,Contact,Yes,New Visitor,No,7,11,19,46,530
3206,3206,ses3207,usd3207,2025-08-09,Desktop,Safari,Windows,Paid search,UK,Hyderabad,Contact,Contact,No,New Visitor,No,37,52,6,44,6879
3207,3207,ses3208,usd3208,2025-02-10,Tablet,Firefox,Linux,Paid search,US,Sydney,Blog,Blog,No,New Visitor,No,7,53,22,36,5905
3208,3208,ses3209,usd3209,2025-04-15,Desktop,Chrome,Linux,Direct,UK,Sydney,Pricing,Home,No,Returning Visitor,Yes,91,15,17,23,1344
3209,3209,ses3210,usd3210,2025-09-20,Tablet,Opera,Windows,Social media,Germany,Sydney,Contact,Products,Yes,New Visitor,No,9,9,18,2,3707
3210,3210,ses3211,usd3211,2025-12-28,Desktop,Edge,MacOS,Referral,India,London,Contact,Home,No,Returning Visitor,No,42,15,5,28,9579
3211,3211,ses3212,usd3212,2025-10-22,Tablet,Chrome,Android,Paid search,India,New York,Pricing,Pricing,No,New Visitor,No,27,21,13,2,7942
3212,3212,ses3213,usd3213,2025-06-07,Tablet,Chrome,MacOS,Social media,Canada,London,About us,Contact,No,Returning Visitor,Yes,56,35,12,38,9344
3213,3213,ses3214,usd3214,2025-04-06,Desktop,Opera,Windows,Email marketing,US,Delhi,Login,Blog,No,New Visitor,No,96,55,13,15,7860
3214,3214,ses3215,usd3215,2025-01-13,Desktop,Firefox,iOS,Direct,India,Mumbai,About us,Contact,No,Returning Visitor,No,95,24,2,38,6512
3215,3215,ses3216,usd3216,2025-06-23,Mobile,Firefox,MacOS,Organic search,US,New York,Blog,Products,No,New Visitor,Yes,26,34,12,37,9262
3216,3216,ses3217,usd3217,2025-02-08,Desktop,Safari,Linux,Direct,India,New York,Services,Pricing,Yes,Returning Visitor,No,17,34,22,10,6864
3217,3217,ses3218,usd3218,2025-04-28,Desktop,Firefox,iOS,Referral,Singapore,New York,Contact,Contact,No,New Visitor,Yes,47,55,16,41,7269
3218,3218,ses3219,usd3219,2025-07-23,Desktop,Safari,Linux,Social media,India,Hyderabad,Services,Contact,Yes,Returning Visitor,No,4,58,10,5,4815
3219,3219,ses3220,usd3220,2025-03-08,Tablet,Safari,Android,Referral,Germany,Singapore,Services,Blog,Yes,New Visitor,No,92,40,1,16,5833
3220,3220,ses3221,usd3221,2025-01-09,Desktop,Firefox,MacOS,Referral,US,Singapore,About us,Products,No,New Visitor,No,52,38,8,7,8010
3221,3221,ses3222,usd3222,2025-08-03,Mobile,Opera,MacOS,Paid search,UK,Sydney,Login,Home,Yes,New Visitor,No,12,25,19,4,6457
3222,3222,ses3223,usd3223,2025-03-17,Desktop,Edge,Linux,Email marketing,Australia,Mumbai,Services,Services,No,New Visitor,No,67,20,14,21,8990
3223,3223,ses3224,usd3224,2025-03-09,Desktop,Opera,MacOS,Direct,US,Delhi,Pricing,Pricing,Yes,New Visitor,Yes,2,55,5,47,6587
3224,3224,ses3225,usd3225,2025-12-14,Tablet,Safari,Windows,Organic search,UK,Chennai,Login,Home,Yes,Returning Visitor,No,59,4,8,10,4938
3225,3225,ses3226,usd3226,2025-05-14,Mobile,Opera,iOS,Paid search,UK,Hyderabad,Contact,Home,Yes,Returning Visitor,No,45,28,23,37,7440
3226,3226,ses3227,usd3227,2025-02-04,Tablet,Edge,Android,Paid search,India,New York,Blog,Pricing,Yes,Returning Visitor,No,42,20,19,45,7665
3227,3227,ses3228,usd3228,2025-02-19,Desktop,Firefox,Android,Direct,India,Mumbai,Contact,Pricing,Yes,New Visitor,Yes,47,46,3,16,5344
3228,3228,ses3229,usd3229,2025-11-28,Desktop,Safari,Android,Social media,US,Mumbai,Contact,Blog,Yes,Returning Visitor,No,5,17,12,25,7416
3229,3229,ses3230,usd3230,2025-01-15,Tablet,Firefox,Android,Referral,US,Singapore,Contact,Contact,Yes,New Visitor,Yes,37,34,6,39,7806
3230,3230,ses3231,usd3231,2025-02-28,Tablet,Chrome,iOS,Organic search,India,Mumbai,Home,Blog,No,Returning Visitor,No,52,22,8,47,2188
3231,3231,ses3232,usd3232,2025-10-20,Mobile,Opera,MacOS,Organic search,US,Bangalore,Blog,Services,Yes,Returning Visitor,No,36,15,19,24,8972
3232,3232,ses3233,usd3233,2025-08-29,Tablet,Opera,iOS,Referral,Canada,Mumbai,Contact,Contact,Yes,New Visitor,No,68,4,20,23,5186
3233,3233,ses3234,usd3234,2025-11-15,Desktop,Chrome,Android,Organic search,Germany,Chennai,Contact,Blog,Yes,New Visitor,No,34,21,17,21,1225
3234,3234,ses3235,usd3235,2025-01-08,Mobile,Firefox,iOS,Paid search,Germany,Mumbai,Login,Products,No,Returning Visitor,No,76,16,20,34,674
3235,3235,ses3236,usd3236,2025-07-12,Mobile,Firefox,Windows,Social media,Australia,Delhi,Login,Contact,Yes,New Visitor,No,55,54,14,25,7892
3236,3236,ses3237,usd3237,2025-09-16,Mobile,Safari,iOS,Paid search,UK,Chennai,Services,Home,Yes,Returning Visitor,No,44,35,16,44,3998
3237,3237,ses3238,usd3238,2025-09-18,Tablet,Opera,Linux,Social media,Australia,Hyderabad,Login,Home,Yes,New Visitor,Yes,94,36,9,32,3989
3238,3238,ses3239,usd3239,2025-09-03,Desktop,Chrome,Android,Social media,US,Mumbai,About us,Pricing,Yes,New Visitor,Yes,18,35,11,16,1527
3239,3239,ses3240,usd3240,2025-08-10,Mobile,Firefox,Windows,Paid search,Germany,Singapore,About us,Contact,No,New Visitor,No,80,26,13,26,2504
3240,3240,ses3241,usd3241,2025-02-05,Mobile,Safari,Windows,Organic search,US,Chennai,Pricing,Pricing,Yes,Returning Visitor,Yes,88,20,7,22,9459
3241,3241,ses3242,usd3242,2025-09-25,Tablet,Safari,Linux,Direct,Germany,London,Login,Services,Yes,New Visitor,Yes,81,25,11,35,1386
3242,3242,ses3243,usd3243,2025-05-08,Desktop,Opera,MacOS,Paid search,Canada,Sydney,Contact,Contact,Yes,New Visitor,Yes,97,28,12,36,9872
3243,3243,ses3244,usd3244,2025-08-04,Desktop,Firefox,Android,Referral,Germany,Bangalore,Services,Services,Yes,New Visitor,Yes,41,31,24,46,6671
3244,3244,ses3245,usd3245,2025-01-18,Tablet,Edge,Windows,Email marketing,India,Singapore,About us,Pricing,No,Returning Visitor,Yes,1,9,13,27,1073
3245,3245,ses3246,usd3246,2025-08-14,Desktop,Chrome,Windows,Referral,Singapore,New York,About us,Contact,Yes,Returning Visitor,No,67,35,3,14,8141
3246,3246,ses3247,usd3247,2025-06-30,Mobile,Opera,MacOS,Referral,Singapore,Chennai,Blog,Contact,No,Returning Visitor,No,31,4,13,42,8661
3247,3247,ses3248,usd3248,2025-10-05,Desktop,Safari,Windows,Email marketing,Germany,Delhi,Contact,Blog,Yes,New Visitor,Yes,84,15,6,3,3431
3248,3248,ses3249,usd3249,2025-11-10,Tablet,Safari,MacOS,Social media,Singapore,Chennai,Blog,Home,No,Returning Visitor,No,32,24,1,26,7239
3249,3249,ses3250,usd3250,2025-04-16,Mobile,Safari,iOS,Paid search,US,Chennai,Login,Services,Yes,Returning Visitor,Yes,4,50,23,21,8010
3250,3250,ses3251,usd3251,2025-04-24,Tablet,Firefox,MacOS,Social media,Canada,London,Pricing,Products,No,New Visitor,No,34,5,1,28,3960
3251,3251,ses3252,usd3252,2025-02-02,Desktop,Opera,Windows,Organic search,UK,Mumbai,Blog,Products,Yes,Returning Visitor,No,98,40,17,49,6963
3252,3252,ses3253,usd3253,2025-03-31,Desktop,Opera,Android,Direct,Singapore,Sydney,About us,Products,No,Returning Visitor,No,65,28,16,8,6462
3253,3253,ses3254,usd3254,2025-07-20,Tablet,Safari,Windows,Direct,UK,Mumbai,Login,Products,No,New Visitor,No,49,33,7,18,8352
3254,3254,ses3255,usd3255,2025-03-17,Mobile,Firefox,Linux,Direct,US,Mumbai,Contact,Home,Yes,New Visitor,Yes,95,16,10,24,1882
3255,3255,ses3256,usd3256,2025-04-19,Desktop,Opera,Linux,Organic search,Australia,Chennai,Blog,Products,No,Returning Visitor,Yes,78,54,21,37,3212
3256,3256,ses3257,usd3257,2025-02-21,Mobile,Chrome,iOS,Organic search,Germany,Delhi,Blog,Home,No,New Visitor,Yes,69,50,13,28,3724
3257,3257,ses3258,usd3258,2025-08-20,Desktop,Safari,MacOS,Paid search,Canada,Hyderabad,Home,Services,Yes,Returning Visitor,Yes,53,14,14,17,1340
3258,3258,ses3259,usd3259,2025-01-26,Mobile,Chrome,Windows,Social media,Canada,Hyderabad,Services,Contact,Yes,Returning Visitor,Yes,86,15,8,5,8754
3259,3259,ses3260,usd3260,2025-04-28,Tablet,Chrome,iOS,Referral,Germany,London,Services,Pricing,Yes,New Visitor,No,36,19,7,8,2406
3260,3260,ses3261,usd3261,2025-11-29,Tablet,Firefox,iOS,Direct,Canada,Hyderabad,Login,Blog,No,New Visitor,No,44,57,23,24,6541
3261,3261,ses3262,usd3262,2025-12-12,Mobile,Safari,Windows,Referral,Canada,London,Pricing,Contact,Yes,Returning Visitor,Yes,39,47,9,5,2794
3262,3262,ses3263,usd3263,2025-05-15,Tablet,Opera,Windows,Direct,Canada,Sydney,Login,Blog,Yes,Returning Visitor,No,82,41,23,21,6382
3263,3263,ses3264,usd3264,2025-08-24,Desktop,Opera,Linux,Referral,Canada,Hyderabad,Services,Services,No,Returning Visitor,No,17,25,14,32,2960
3264,3264,ses3265,usd3265,2025-04-08,Desktop,Chrome,MacOS,Direct,US,Singapore,Home,Services,Yes,Returning Visitor,No,23,15,18,11,1090
3265,3265,ses3266,usd3266,2025-01-13,Tablet,Safari,Linux,Direct,UK,London,About us,Home,Yes,Returning Visitor,Yes,61,48,18,2,7695
3266,3266,ses3267,usd3267,2025-03-19,Mobile,Firefox,iOS,Social media,India,Bangalore,Login,Blog,No,New Visitor,No,22,3,18,45,2833
3267,3267,ses3268,usd3268,2025-03-27,Desktop,Safari,Android,Social media,Germany,Bangalore,About us,Contact,No,New Visitor,No,64,25,14,39,2467
3268,3268,ses3269,usd3269,2025-07-04,Mobile,Edge,Linux,Email marketing,Germany,Delhi,Services,Home,Yes,New Visitor,Yes,13,6,5,21,4719
3269,3269,ses3270,usd3270,2025-09-21,Desktop,Edge,iOS,Organic search,US,London,Services,Contact,No,New Visitor,No,4,10,6,13,5757
3270,3270,ses3271,usd3271,2025-01-25,Mobile,Opera,Linux,Email marketing,Australia,Hyderabad,Products,Blog,Yes,New Visitor,No,25,53,7,23,7126
3271,3271,ses3272,usd3272,2025-04-16,Tablet,Firefox,Linux,Social media,US,Singapore,Home,Services,No,New Visitor,Yes,44,36,9,26,2916
3272,3272,ses3273,usd3273,2025-01-02,Mobile,Firefox,iOS,Referral,Canada,Mumbai,Products,Services,No,New Visitor,No,82,26,14,45,2819
3273,3273,ses3274,usd3274,2025-11-30,Tablet,Safari,iOS,Email marketing,Canada,Hyderabad,Contact,Contact,No,New Visitor,No,75,1,2,29,9874
3274,3274,ses3275,usd3275,2025-09-03,Desktop,Safari,MacOS,Paid search,Germany,New York,About us,Contact,Yes,New Visitor,No,21,44,20,39,9051
3275,3275,ses3276,usd3276,2025-12-06,Tablet,Chrome,MacOS,Paid search,Germany,Hyderabad,About us,Products,Yes,Returning Visitor,Yes,23,47,2,8,2005
3276,3276,ses3277,usd3277,2025-10-13,Mobile,Chrome,iOS,Referral,US,Mumbai,Home,Services,No,Returning Visitor,No,61,20,24,19,5977
3277,3277,ses3278,usd3278,2025-08-30,Desktop,Edge,Windows,Paid search,UK,Delhi,Pricing,Home,Yes,New Visitor,Yes,2,27,20,16,5084
3278,3278,ses3279,usd3279,2025-09-29,Mobile,Safari,Linux,Social media,Singapore,Chennai,Services,Pricing,No,New Visitor,No,47,32,8,12,2972
3279,3279,ses3280,usd3280,2025-06-06,Tablet,Safari,iOS,Paid search,Canada,Bangalore,Products,Contact,No,Returning Visitor,No,79,31,2,9,9712
3280,3280,ses3281,usd3281,2025-06-23,Desktop,Firefox,Windows,Organic search,India,Sydney,Login,Contact,No,Returning Visitor,No,48,58,9,8,5355
3281,3281,ses3282,usd3282,2025-08-27,Desktop,Chrome,Linux,Paid search,Germany,Hyderabad,Home,Contact,No,New Visitor,No,39,50,19,21,1513
3282,3282,ses3283,usd3283,2025-07-22,Tablet,Opera,MacOS,Direct,US,Bangalore,Products,Blog,No,New Visitor,Yes,72,1,18,5,5380
3283,3283,ses3284,usd3284,2025-06-13,Mobile,Edge,Windows,Email marketing,India,Bangalore,Pricing,Contact,No,New Visitor,No,72,16,15,38,3739
3284,3284,ses3285,usd3285,2025-11-03,Desktop,Safari,Windows,Email marketing,Singapore,Bangalore,Home,Pricing,Yes,New Visitor,No,82,55,7,31,8897
3285,3285,ses3286,usd3286,2025-02-16,Tablet,Opera,MacOS,Paid search,Australia,Singapore,Home,Products,No,New Visitor,No,19,20,5,7,4161
3286,3286,ses3287,usd3287,2025-03-05,Desktop,Opera,iOS,Email marketing,India,Singapore,About us,Contact,Yes,New Visitor,No,64,40,10,6,2165
3287,3287,ses3288,usd3288,2025-09-23,Mobile,Opera,MacOS,Paid search,Australia,Mumbai,Login,Services,No,New Visitor,Yes,5,19,15,10,4683
3288,3288,ses3289,usd3289,2025-02-04,Mobile,Safari,Windows,Email marketing,UK,New York,Pricing,Contact,No,Returning Visitor,Yes,14,45,24,36,7622
3289,3289,ses3290,usd3290,2025-11-22,Mobile,Chrome,iOS,Paid search,Germany,Mumbai,Products,Contact,No,New Visitor,Yes,68,1,19,38,5385
3290,3290,ses3291,usd3291,2025-05-27,Mobile,Firefox,Android,Referral,Singapore,New York,Blog,Services,No,New Visitor,No,84,42,1,44,581
3291,3291,ses3292,usd3292,2025-02-25,Tablet,Safari,MacOS,Social media,Singapore,Mumbai,Login,Contact,Yes,New Visitor,Yes,15,15,12,33,7485
3292,3292,ses3293,usd3293,2025-04-24,Tablet,Safari,Windows,Organic search,Canada,Mumbai,Products,Home,Yes,Returning Visitor,No,58,43,12,2,1517
3293,3293,ses3294,usd3294,2025-01-17,Mobile,Safari,iOS,Email marketing,Canada,New York,Login,Home,Yes,Returning Visitor,No,27,23,18,30,1946
3294,3294,ses3295,usd3295,2025-09-25,Desktop,Chrome,Windows,Paid search,Singapore,Sydney,Login,Home,Yes,Returning Visitor,No,99,28,24,22,3096
3295,3295,ses3296,usd3296,2025-05-02,Desktop,Firefox,Android,Direct,Canada,Bangalore,About us,Contact,Yes,New Visitor,Yes,56,11,18,31,8799
3296,3296,ses3297,usd3297,2025-01-18,Tablet,Opera,Linux,Direct,Germany,London,Login,Services,No,Returning Visitor,No,40,39,15,13,880
3297,3297,ses3298,usd3298,2025-10-08,Tablet,Safari,Windows,Email marketing,Singapore,Sydney,Pricing,Contact,No,Returning Visitor,Yes,50,12,12,11,7231
3298,3298,ses3299,usd3299,2025-06-07,Tablet,Safari,MacOS,Email marketing,Germany,Delhi,Services,Products,Yes,New Visitor,Yes,66,31,19,45,6471
3299,3299,ses3300,usd3300,2025-06-06,Mobile,Firefox,Windows,Referral,UK,London,Login,Products,No,New Visitor,No,61,37,3,12,3090
3300,3300,ses3301,usd3301,2025-08-16,Mobile,Edge,Android,Paid search,UK,New York,Home,Contact,Yes,Returning Visitor,Yes,57,9,4,5,75
3301,3301,ses3302,usd3302,2025-05-30,Desktop,Edge,Windows,Direct,Canada,Delhi,Blog,Pricing,Yes,New Visitor,No,74,23,19,46,2949
3302,3302,ses3303,usd3303,2025-06-03,Mobile,Firefox,Android,Organic search,Germany,Mumbai,Login,Contact,Yes,New Visitor,Yes,77,26,10,23,4279
3303,3303,ses3304,usd3304,2025-10-29,Mobile,Firefox,iOS,Organic search,Australia,London,Blog,Blog,Yes,New Visitor,Yes,42,8,7,20,5873
3304,3304,ses3305,usd3305,2025-01-21,Mobile,Opera,MacOS,Referral,Germany,Hyderabad,Contact,Contact,No,New Visitor,No,64,17,13,16,2360
3305,3305,ses3306,usd3306,2025-06-09,Tablet,Chrome,MacOS,Direct,US,Hyderabad,Login,Contact,No,Returning Visitor,Yes,47,10,1,44,9689
3306,3306,ses3307,usd3307,2025-06-19,Tablet,Opera,Linux,Paid search,Australia,Chennai,Services,Home,Yes,New Visitor,Yes,91,3,1,44,8018
3307,3307,ses3308,usd3308,2025-09-09,Tablet,Opera,iOS,Paid search,Australia,New York,Login,Home,No,New Visitor,No,85,27,2,39,9920
3308,3308,ses3309,usd3309,2025-03-22,Mobile,Safari,MacOS,Referral,UK,Singapore,Pricing,Products,No,Returning Visitor,Yes,58,21,20,14,4699
3309,3309,ses3310,usd3310,2025-12-08,Tablet,Opera,MacOS,Email marketing,Germany,Hyderabad,Login,Services,Yes,Returning Visitor,No,54,16,16,37,5794
3310,3310,ses3311,usd3311,2025-05-10,Mobile,Safari,Windows,Email marketing,Germany,Sydney,About us,Home,No,New Visitor,No,53,10,22,41,359
3311,3311,ses3312,usd3312,2025-09-10,Tablet,Firefox,MacOS,Direct,US,Chennai,Login,Products,Yes,Returning Visitor,Yes,78,39,1,19,7881
3312,3312,ses3313,usd3313,2025-10-09,Mobile,Firefox,Linux,Email marketing,Germany,London,Pricing,Pricing,Yes,New Visitor,No,74,23,1,18,4018
3313,3313,ses3314,usd3314,2025-11-30,Mobile,Edge,MacOS,Direct,Germany,Bangalore,Home,Blog,No,Returning Visitor,Yes,6,30,16,48,6616
3314,3314,ses3315,usd3315,2025-10-10,Desktop,Safari,Windows,Referral,Canada,Singapore,Services,Services,No,New Visitor,No,20,57,21,38,4066
3315,3315,ses3316,usd3316,2025-04-04,Mobile,Firefox,Android,Email marketing,Australia,Chennai,About us,Home,Yes,Returning Visitor,Yes,91,45,23,13,2580
3316,3316,ses3317,usd3317,2025-12-24,Desktop,Opera,Android,Organic search,Australia,Singapore,Blog,Contact,No,New Visitor,No,48,24,9,3,8001
3317,3317,ses3318,usd3318,2025-05-22,Tablet,Safari,iOS,Social media,Australia,Bangalore,Contact,Services,Yes,New Visitor,Yes,50,35,14,2,8761
3318,3318,ses3319,usd3319,2025-06-02,Tablet,Opera,iOS,Referral,Canada,Singapore,Products,Home,No,Returning Visitor,Yes,19,40,12,6,5539
3319,3319,ses3320,usd3320,2025-05-01,Tablet,Edge,Windows,Direct,Canada,Chennai,Login,Blog,Yes,New Visitor,Yes,27,59,4,21,7293
3320,3320,ses3321,usd3321,2025-01-07,Mobile,Chrome,Linux,Email marketing,Singapore,Hyderabad,Pricing,Blog,Yes,Returning Visitor,No,14,36,3,34,6792
3321,3321,ses3322,usd3322,2025-11-06,Mobile,Firefox,iOS,Social media,Canada,Sydney,Products,Home,No,New Visitor,No,98,5,5,7,5003
3322,3322,ses3323,usd3323,2025-11-24,Tablet,Safari,Windows,Referral,US,London,Home,Blog,No,Returning Visitor,No,84,35,17,12,275
3323,3323,ses3324,usd3324,2025-03-21,Tablet,Safari,iOS,Email marketing,Singapore,Singapore,About us,Contact,Yes,Returning Visitor,Yes,8,1,4,31,6825
3324,3324,ses3325,usd3325,2025-10-03,Desktop,Chrome,Windows,Email marketing,Germany,London,Login,Home,Yes,Returning Visitor,No,70,46,4,43,6365
3325,3325,ses3326,usd3326,2025-05-02,Mobile,Safari,Linux,Organic search,US,Bangalore,Login,Pricing,No,Returning Visitor,Yes,83,4,20,20,9603
3326,3326,ses3327,usd3327,2025-09-17,Tablet,Edge,Windows,Email marketing,Germany,Singapore,About us,Services,No,Returning Visitor,No,4,11,23,6,6552
3327,3327,ses3328,usd3328,2025-01-14,Desktop,Safari,iOS,Organic search,US,Chennai,Blog,Contact,Yes,New Visitor,No,51,52,14,17,761
3328,3328,ses3329,usd3329,2025-02-22,Desktop,Safari,MacOS,Social media,UK,Mumbai,Services,Contact,No,New Visitor,No,44,38,11,38,1696
3329,3329,ses3330,usd3330,2025-10-19,Tablet,Chrome,Android,Direct,Australia,Chennai,Products,Home,No,New Visitor,Yes,86,43,16,42,6590
3330,3330,ses3331,usd3331,2025-04-30,Desktop,Firefox,Windows,Referral,Germany,Chennai,About us,Blog,Yes,Returning Visitor,Yes,70,20,13,14,8013
3331,3331,ses3332,usd3332,2025-10-25,Desktop,Opera,Windows,Direct,US,New York,Pricing,Services,Yes,New Visitor,No,3,52,11,5,7903
3332,3332,ses3333,usd3333,2025-09-20,Desktop,Edge,Linux,Social media,Singapore,Delhi,Products,Products,Yes,Returning Visitor,No,27,2,16,26,8616
3333,3333,ses3334,usd3334,2025-07-07,Mobile,Edge,Windows,Direct,Germany,Singapore,Login,Pricing,No,New Visitor,No,87,1,22,14,1162
3334,3334,ses3335,usd3335,2025-02-28,Desktop,Safari,Linux,Social media,India,London,Login,Home,Yes,New Visitor,Yes,84,35,24,12,135
3335,3335,ses3336,usd3336,2025-03-31,Desktop,Safari,Android,Organic search,US,Hyderabad,Products,Contact,Yes,Returning Visitor,No,84,15,11,21,1155
3336,3336,ses3337,usd3337,2025-02-25,Desktop,Edge,iOS,Referral,UK,Mumbai,Services,Home,Yes,New Visitor,Yes,76,51,6,32,9568
3337,3337,ses3338,usd3338,2025-05-14,Tablet,Chrome,MacOS,Organic search,US,Delhi,Home,Contact,No,New Visitor,Yes,42,35,11,47,4645
3338,3338,ses3339,usd3339,2025-02-02,Desktop,Firefox,Linux,Email marketing,Australia,Mumbai,Contact,Blog,Yes,Returning Visitor,No,51,35,23,10,467
3339,3339,ses3340,usd3340,2025-05-03,Mobile,Opera,MacOS,Direct,Germany,Delhi,Home,Services,Yes,Returning Visitor,No,57,14,14,29,6357
3340,3340,ses3341,usd3341,2025-05-26,Mobile,Chrome,Linux,Direct,Canada,Chennai,Services,Blog,No,Returning Visitor,No,92,43,7,16,2812
3341,3341,ses3342,usd3342,2025-08-05,Tablet,Safari,Windows,Organic search,Singapore,Mumbai,Pricing,Contact,No,New Visitor,No,17,31,10,2,4119
3342,3342,ses3343,usd3343,2025-03-22,Desktop,Edge,iOS,Email marketing,Germany,London,Contact,Home,No,New Visitor,No,20,39,22,22,3301
3343,3343,ses3344,usd3344,2025-05-10,Desktop,Opera,Android,Organic search,Singapore,Singapore,Login,Products,Yes,New Visitor,Yes,92,17,20,43,1331
3344,3344,ses3345,usd3345,2025-01-01,Desktop,Chrome,iOS,Social media,Germany,Bangalore,Login,Pricing,No,New Visitor,No,40,32,12,42,105
3345,3345,ses3346,usd3346,2025-05-25,Tablet,Edge,Windows,Organic search,US,Singapore,Pricing,Contact,Yes,New Visitor,Yes,9,56,6,19,110
3346,3346,ses3347,usd3347,2025-07-21,Tablet,Edge,iOS,Referral,India,Sydney,Contact,Contact,Yes,Returning Visitor,No,91,6,21,24,4491
3347,3347,ses3348,usd3348,2025-01-26,Mobile,Safari,Linux,Referral,Singapore,Singapore,Services,Home,No,Returning Visitor,No,61,55,15,20,8668
3348,3348,ses3349,usd3349,2025-02-09,Tablet,Safari,Linux,Email marketing,Singapore,Sydney,Products,Contact,No,Returning Visitor,No,19,25,14,31,3539
3349,3349,ses3350,usd3350,2025-10-27,Mobile,Firefox,Linux,Email marketing,Singapore,Mumbai,Login,Blog,No,Returning Visitor,No,94,12,20,20,5746
3350,3350,ses3351,usd3351,2025-06-04,Mobile,Safari,Linux,Referral,Germany,Mumbai,Contact,Contact,No,Returning Visitor,No,12,8,21,14,192
3351,3351,ses3352,usd3352,2025-11-27,Mobile,Safari,iOS,Organic search,Australia,New York,Pricing,Products,Yes,New Visitor,No,98,8,18,36,9394
3352,3352,ses3353,usd3353,2025-07-26,Desktop,Firefox,Android,Referral,UK,Sydney,About us,Blog,No,Returning Visitor,Yes,2,55,14,4,1875
3353,3353,ses3354,usd3354,2025-09-01,Desktop,Safari,Windows,Paid search,Singapore,New York,Products,Home,No,New Visitor,Yes,21,25,12,5,1974
3354,3354,ses3355,usd3355,2025-02-02,Tablet,Opera,iOS,Referral,Canada,Bangalore,Products,Contact,No,New Visitor,Yes,81,4,5,45,4655
3355,3355,ses3356,usd3356,2025-06-23,Desktop,Edge,Linux,Paid search,US,Singapore,About us,Contact,Yes,Returning Visitor,Yes,9,6,20,36,5218
3356,3356,ses3357,usd3357,2025-08-22,Tablet,Firefox,Windows,Direct,India,Chennai,Contact,Blog,No,New Visitor,Yes,67,56,21,32,4638
3357,3357,ses3358,usd3358,2025-02-10,Desktop,Safari,Windows,Social media,UK,London,Pricing,Contact,No,New Visitor,Yes,31,30,20,48,7805
3358,3358,ses3359,usd3359,2025-10-14,Tablet,Edge,iOS,Email marketing,Canada,Singapore,Contact,Home,Yes,New Visitor,Yes,70,37,7,7,3886
3359,3359,ses3360,usd3360,2025-01-13,Tablet,Chrome,iOS,Social media,India,London,Pricing,Contact,No,Returning Visitor,Yes,47,36,23,20,2770
3360,3360,ses3361,usd3361,2025-09-26,Desktop,Firefox,iOS,Organic search,Australia,Hyderabad,Pricing,Blog,Yes,New Visitor,No,14,10,16,47,3579
3361,3361,ses3362,usd3362,2025-04-01,Desktop,Chrome,Linux,Paid search,Australia,Hyderabad,Login,Services,No,New Visitor,No,12,34,10,42,6081
3362,3362,ses3363,usd3363,2025-02-12,Desktop,Firefox,Linux,Direct,US,Delhi,Contact,Services,Yes,New Visitor,No,86,17,1,1,8770
3363,3363,ses3364,usd3364,2025-09-24,Tablet,Firefox,Linux,Organic search,UK,Delhi,About us,Pricing,Yes,New Visitor,Yes,66,47,5,1,1029
3364,3364,ses3365,usd3365,2025-03-07,Desktop,Opera,Linux,Social media,Australia,Mumbai,About us,Blog,No,New Visitor,No,4,15,21,10,906
3365,3365,ses3366,usd3366,2025-12-20,Mobile,Chrome,Android,Direct,UK,London,Contact,Services,No,New Visitor,Yes,7,43,7,29,3806
3366,3366,ses3367,usd3367,2025-04-07,Desktop,Opera,Windows,Referral,UK,Sydney,Home,Contact,Yes,New Visitor,Yes,35,13,14,35,5432
3367,3367,ses3368,usd3368,2025-12-18,Mobile,Opera,Linux,Social media,Australia,London,Products,Products,No,New Visitor,Yes,84,5,20,27,2507
3368,3368,ses3369,usd3369,2025-05-02,Desktop,Opera,Linux,Organic search,India,New York,Services,Products,No,Returning Visitor,Yes,13,8,20,28,8953
3369,3369,ses3370,usd3370,2025-08-21,Desktop,Firefox,Windows,Paid search,Singapore,Bangalore,Login,Pricing,Yes,Returning Visitor,Yes,62,41,17,22,3126
3370,3370,ses3371,usd3371,2025-01-15,Tablet,Firefox,Android,Email marketing,India,Sydney,Login,Contact,No,Returning Visitor,Yes,73,29,3,10,1131
3371,3371,ses3372,usd3372,2025-02-03,Desktop,Safari,iOS,Paid search,India,Singapore,Services,Products,Yes,Returning Visitor,Yes,53,6,14,48,3418
3372,3372,ses3373,usd3373,2025-05-17,Mobile,Chrome,iOS,Email marketing,Australia,Mumbai,Login,Contact,Yes,New Visitor,No,23,32,3,13,9050
3373,3373,ses3374,usd3374,2025-02-03,Desktop,Chrome,MacOS,Paid search,India,Delhi,About us,Contact,Yes,Returning Visitor,No,16,51,21,40,9871
3374,3374,ses3375,usd3375,2025-08-16,Desktop,Opera,Linux,Email marketing,Canada,Chennai,Contact,Home,No,Returning Visitor,Yes,59,22,16,32,6767
3375,3375,ses3376,usd3376,2025-10-07,Tablet,Chrome,iOS,Referral,Canada,Singapore,Login,Home,No,New Visitor,Yes,50,37,23,46,7714
3376,3376,ses3377,usd3377,2025-05-16,Mobile,Opera,iOS,Direct,UK,Hyderabad,Contact,Home,No,Returning Visitor,No,28,38,12,26,4058
3377,3377,ses3378,usd3378,2025-05-13,Desktop,Opera,Android,Referral,Australia,Chennai,Blog,Home,No,Returning Visitor,Yes,84,50,6,20,6081
3378,3378,ses3379,usd3379,2025-02-04,Desktop,Safari,Android,Email marketing,US,Mumbai,Blog,Contact,Yes,New Visitor,No,60,48,13,7,8707
3379,3379,ses3380,usd3380,2025-11-04,Desktop,Chrome,Android,Social media,Germany,Chennai,Pricing,Contact,No,New Visitor,No,51,50,2,5,1203
3380,3380,ses3381,usd3381,2025-02-26,Desktop,Opera,Linux,Direct,Germany,Singapore,Services,Blog,Yes,Returning Visitor,Yes,38,55,13,12,3752
3381,3381,ses3382,usd3382,2025-02-23,Mobile,Chrome,MacOS,Paid search,US,London,Contact,Home,Yes,Returning Visitor,No,68,44,24,30,7897
3382,3382,ses3383,usd3383,2025-04-20,Desktop,Edge,iOS,Social media,US,Singapore,Contact,Pricing,Yes,New Visitor,Yes,57,48,23,38,3902
3383,3383,ses3384,usd3384,2025-12-26,Mobile,Chrome,Windows,Social media,Australia,Bangalore,Contact,Products,No,Returning Visitor,No,85,51,9,33,522
3384,3384,ses3385,usd3385,2025-04-22,Tablet,Chrome,Windows,Direct,Australia,Delhi,Contact,Contact,No,New Visitor,No,80,29,3,4,9934
3385,3385,ses3386,usd3386,2025-11-24,Tablet,Safari,MacOS,Referral,US,New York,Services,Contact,Yes,Returning Visitor,No,35,26,2,17,7330
3386,3386,ses3387,usd3387,2025-03-14,Desktop,Edge,Windows,Organic search,US,Singapore,Login,Services,Yes,New Visitor,No,65,44,10,39,2041
3387,3387,ses3388,usd3388,2025-07-05,Tablet,Opera,Linux,Email marketing,Singapore,New York,Contact,Products,Yes,Returning Visitor,No,53,12,4,24,471
3388,3388,ses3389,usd3389,2025-10-01,Desktop,Edge,Windows,Referral,Germany,Chennai,Services,Services,No,Returning Visitor,No,84,40,23,22,9947
3389,3389,ses3390,usd3390,2025-11-27,Desktop,Safari,MacOS,Paid search,UK,Bangalore,Services,Contact,No,New Visitor,No,67,1,19,47,5668
3390,3390,ses3391,usd3391,2025-10-08,Mobile,Safari,Linux,Direct,UK,New York,Pricing,Contact,No,New Visitor,No,17,55,1,25,1860
3391,3391,ses3392,usd3392,2025-09-28,Mobile,Edge,Linux,Referral,US,Mumbai,Contact,Services,No,Returning Visitor,Yes,54,52,21,14,4995
3392,3392,ses3393,usd3393,2025-02-13,Mobile,Firefox,Linux,Email marketing,Australia,New York,Blog,Contact,Yes,Returning Visitor,No,48,15,5,20,5
3393,3393,ses3394,usd3394,2025-12-02,Desktop,Safari,MacOS,Organic search,Australia,New York,Services,Contact,No,New Visitor,No,57,37,8,36,7012
3394,3394,ses3395,usd3395,2025-04-19,Tablet,Safari,Linux,Organic search,US,Chennai,Pricing,Products,Yes,New Visitor,No,61,34,5,37,9949
3395,3395,ses3396,usd3396,2025-07-24,Desktop,Chrome,MacOS,Referral,Australia,Singapore,Products,Products,Yes,Returning Visitor,Yes,84,21,8,13,2676
3396,3396,ses3397,usd3397,2025-01-03,Tablet,Edge,Windows,Email marketing,Singapore,Singapore,Login,Services,Yes,New Visitor,No,15,32,12,21,3529
3397,3397,ses3398,usd3398,2025-12-17,Tablet,Firefox,Windows,Referral,India,New York,Blog,Blog,Yes,New Visitor,Yes,3,37,20,30,5243
3398,3398,ses3399,usd3399,2025-07-10,Desktop,Chrome,Windows,Organic search,India,Delhi,Contact,Services,No,New Visitor,Yes,4,29,19,15,4411
3399,3399,ses3400,usd3400,2025-03-04,Tablet,Safari,Android,Email marketing,US,Singapore,Contact,Blog,Yes,Returning Visitor,Yes,2,36,16,4,8102
3400,3400,ses3401,usd3401,2025-06-04,Desktop,Edge,Linux,Social media,US,Delhi,Products,Contact,Yes,New Visitor,Yes,82,2,19,23,5897
3401,3401,ses3402,usd3402,2025-07-13,Desktop,Chrome,MacOS,Social media,India,Singapore,Pricing,Services,No,New Visitor,Yes,75,13,16,34,2992
3402,3402,ses3403,usd3403,2025-10-02,Mobile,Opera,MacOS,Direct,Germany,Singapore,Services,Home,Yes,New Visitor,Yes,81,37,15,41,9811
3403,3403,ses3404,usd3404,2025-11-21,Mobile,Safari,Android,Social media,Australia,Bangalore,Login,Contact,Yes,New Visitor,No,18,2,6,1,2778
3404,3404,ses3405,usd3405,2025-04-16,Tablet,Edge,iOS,Social media,India,Mumbai,Blog,Blog,Yes,New Visitor,Yes,53,30,10,35,624
3405,3405,ses3406,usd3406,2025-12-20,Tablet,Firefox,Windows,Social media,UK,Sydney,About us,Contact,Yes,Returning Visitor,Yes,80,18,2,41,8168
3406,3406,ses3407,usd3407,2025-08-17,Mobile,Opera,iOS,Paid search,Singapore,Hyderabad,Products,Pricing,Yes,Returning Visitor,No,97,2,5,33,147
3407,3407,ses3408,usd3408,2025-03-05,Tablet,Edge,iOS,Social media,India,London,Services,Contact,No,Returning Visitor,Yes,12,12,10,27,5805
3408,3408,ses3409,usd3409,2025-10-14,Desktop,Chrome,Linux,Email marketing,UK,Delhi,Home,Services,Yes,New Visitor,No,48,45,7,21,9020
3409,3409,ses3410,usd3410,2025-06-26,Mobile,Edge,Windows,Email marketing,India,Chennai,Services,Services,No,Returning Visitor,No,63,6,2,41,3400
3410,3410,ses3411,usd3411,2025-03-09,Mobile,Opera,MacOS,Paid search,Germany,Chennai,Contact,Contact,Yes,Returning Visitor,No,56,56,4,23,8285
3411,3411,ses3412,usd3412,2025-06-29,Mobile,Safari,Android,Direct,Germany,Mumbai,Products,Blog,Yes,New Visitor,Yes,25,14,11,6,1610
3412,3412,ses3413,usd3413,2025-08-09,Desktop,Chrome,Android,Paid search,Canada,Sydney,Contact,Pricing,No,New Visitor,Yes,60,34,19,34,1821
3413,3413,ses3414,usd3414,2025-05-31,Desktop,Safari,MacOS,Organic search,UK,Delhi,Login,Contact,No,Returning Visitor,No,13,34,3,14,5722
3414,3414,ses3415,usd3415,2025-03-30,Desktop,Safari,Linux,Referral,UK,New York,Home,Products,No,New Visitor,No,88,13,5,15,7397
3415,3415,ses3416,usd3416,2025-06-10,Mobile,Opera,iOS,Organic search,US,London,Services,Blog,No,New Visitor,Yes,5,17,23,13,3299
3416,3416,ses3417,usd3417,2025-07-10,Desktop,Firefox,MacOS,Referral,UK,Mumbai,About us,Blog,No,New Visitor,Yes,56,57,14,43,2848
3417,3417,ses3418,usd3418,2025-03-21,Tablet,Safari,iOS,Email marketing,India,London,Blog,Contact,No,Returning Visitor,No,47,12,9,8,5853
3418,3418,ses3419,usd3419,2025-12-07,Mobile,Safari,Android,Organic search,Canada,New York,Pricing,Products,Yes,Returning Visitor,No,84,36,15,35,5556
3419,3419,ses3420,usd3420,2025-05-15,Mobile,Opera,Android,Social media,India,Bangalore,Login,Services,Yes,Returning Visitor,No,39,42,17,37,3776
3420,3420,ses3421,usd3421,2025-05-09,Mobile,Firefox,Windows,Referral,Canada,Delhi,Pricing,Products,No,New Visitor,No,76,27,9,3,4546
3421,3421,ses3422,usd3422,2025-08-25,Mobile,Safari,Android,Referral,Canada,Bangalore,About us,Home,No,Returning Visitor,No,92,24,21,19,8855
3422,3422,ses3423,usd3423,2025-01-06,Tablet,Chrome,Android,Social media,UK,London,About us,Home,No,Returning Visitor,Yes,9,18,22,16,6933
3423,3423,ses3424,usd3424,2025-11-16,Mobile,Firefox,Android,Email marketing,UK,Bangalore,Login,Blog,Yes,Returning Visitor,Yes,99,28,7,34,1625
3424,3424,ses3425,usd3425,2025-06-28,Tablet,Chrome,Linux,Referral,India,London,Login,Pricing,No,Returning Visitor,No,4,14,8,26,6213
3425,3425,ses3426,usd3426,2025-12-18,Tablet,Chrome,MacOS,Paid search,India,Bangalore,Blog,Services,No,Returning Visitor,No,17,44,7,10,1706
3426,3426,ses3427,usd3427,2025-04-09,Tablet,Edge,Android,Organic search,Australia,New York,Contact,Contact,No,New Visitor,Yes,26,43,24,41,3998
3427,3427,ses3428,usd3428,2025-04-14,Desktop,Chrome,Windows,Direct,UK,Sydney,Home,Products,Yes,Returning Visitor,Yes,9,54,23,8,480
3428,3428,ses3429,usd3429,2025-09-28,Desktop,Edge,MacOS,Social media,Canada,Hyderabad,Products,Contact,No,New Visitor,Yes,60,26,8,43,68
3429,3429,ses3430,usd3430,2025-04-30,Tablet,Firefox,iOS,Direct,India,Mumbai,Login,Home,Yes,Returning Visitor,Yes,10,21,7,29,1881
3430,3430,ses3431,usd3431,2025-11-07,Tablet,Firefox,Android,Email marketing,US,New York,Login,Pricing,Yes,Returning Visitor,Yes,47,48,19,27,3962
3431,3431,ses3432,usd3432,2025-02-05,Tablet,Opera,Windows,Email marketing,Australia,New York,About us,Home,Yes,Returning Visitor,Yes,15,44,6,8,520
3432,3432,ses3433,usd3433,2025-10-13,Tablet,Chrome,iOS,Organic search,India,London,Contact,Home,Yes,Returning Visitor,Yes,46,26,11,6,3320
3433,3433,ses3434,usd3434,2025-11-11,Tablet,Opera,MacOS,Organic search,Canada,Bangalore,About us,Pricing,Yes,New Visitor,No,22,51,19,44,6898
3434,3434,ses3435,usd3435,2025-04-10,Mobile,Firefox,MacOS,Social media,Germany,New York,Login,Contact,No,New Visitor,No,45,9,8,9,6712
3435,3435,ses3436,usd3436,2025-02-08,Desktop,Firefox,iOS,Referral,Singapore,New York,Home,Services,No,Returning Visitor,No,5,24,8,22,731
3436,3436,ses3437,usd3437,2025-07-23,Desktop,Firefox,Linux,Referral,India,Sydney,Blog,Blog,No,New Visitor,Yes,2,34,19,43,1550
3437,3437,ses3438,usd3438,2025-07-04,Desktop,Opera,Windows,Email marketing,Australia,London,About us,Blog,Yes,New Visitor,No,51,51,3,34,8032
3438,3438,ses3439,usd3439,2025-07-11,Mobile,Opera,Android,Direct,UK,New York,Pricing,Pricing,No,Returning Visitor,No,27,58,6,32,8542
3439,3439,ses3440,usd3440,2025-01-01,Desktop,Firefox,MacOS,Paid search,Australia,Delhi,Home,Blog,No,Returning Visitor,Yes,36,35,21,47,7539
3440,3440,ses3441,usd3441,2025-02-03,Desktop,Chrome,MacOS,Organic search,Canada,Chennai,Products,Contact,No,Returning Visitor,No,10,3,4,7,528
3441,3441,ses3442,usd3442,2025-07-15,Tablet,Chrome,MacOS,Email marketing,India,London,About us,Pricing,No,Returning Visitor,Yes,1,50,2,8,3102
3442,3442,ses3443,usd3443,2025-10-16,Desktop,Chrome,Linux,Direct,Singapore,Delhi,Products,Blog,Yes,New Visitor,Yes,42,40,3,45,441
3443,3443,ses3444,usd3444,2025-11-03,Tablet,Chrome,Windows,Direct,Australia,Hyderabad,Contact,Blog,Yes,New Visitor,No,69,55,5,19,8785
3444,3444,ses3445,usd3445,2025-09-21,Mobile,Firefox,Windows,Organic search,Germany,Chennai,Contact,Blog,No,New Visitor,Yes,92,37,2,29,8756
3445,3445,ses3446,usd3446,2025-02-11,Mobile,Edge,Android,Referral,US,Delhi,Contact,Products,No,Returning Visitor,Yes,87,53,9,16,1566
3446,3446,ses3447,usd3447,2025-02-27,Tablet,Safari,Android,Direct,Singapore,Bangalore,Contact,Services,Yes,New Visitor,No,90,46,1,47,4904
3447,3447,ses3448,usd3448,2025-01-25,Desktop,Safari,MacOS,Paid search,US,Singapore,Contact,Blog,Yes,Returning Visitor,No,71,49,11,8,240
3448,3448,ses3449,usd3449,2025-02-16,Mobile,Firefox,Android,Email marketing,UK,New York,About us,Contact,No,Returning Visitor,Yes,24,57,9,39,5849
3449,3449,ses3450,usd3450,2025-01-07,Tablet,Firefox,MacOS,Paid search,Canada,London,Pricing,Home,Yes,Returning Visitor,Yes,54,58,22,9,1153
3450,3450,ses3451,usd3451,2025-09-17,Mobile,Opera,Android,Email marketing,US,Hyderabad,Services,Contact,No,New Visitor,Yes,59,26,20,39,9554
3451,3451,ses3452,usd3452,2025-10-02,Desktop,Firefox,Android,Direct,Singapore,Mumbai,Products,Home,Yes,Returning Visitor,No,29,24,11,36,9558
3452,3452,ses3453,usd3453,2025-02-17,Tablet,Chrome,Android,Referral,Canada,London,Pricing,Pricing,Yes,Returning Visitor,No,99,14,8,34,205
3453,3453,ses3454,usd3454,2025-06-21,Tablet,Opera,iOS,Paid search,UK,Singapore,Login,Products,Yes,New Visitor,Yes,66,45,24,13,306
3454,3454,ses3455,usd3455,2025-07-06,Tablet,Chrome,Linux,Paid search,US,London,Services,Services,Yes,Returning Visitor,Yes,28,55,6,28,2388
3455,3455,ses3456,usd3456,2025-05-13,Desktop,Chrome,Windows,Organic search,Singapore,Chennai,Blog,Services,Yes,New Visitor,Yes,13,56,2,38,7794
3456,3456,ses3457,usd3457,2025-01-06,Mobile,Opera,Linux,Paid search,Australia,Hyderabad,Services,Products,Yes,New Visitor,Yes,63,46,22,34,5541
3457,3457,ses3458,usd3458,2025-10-18,Desktop,Chrome,Android,Referral,Canada,Chennai,Home,Pricing,Yes,New Visitor,Yes,42,55,11,45,9722
3458,3458,ses3459,usd3459,2025-09-07,Tablet,Edge,Android,Direct,US,Mumbai,Login,Contact,Yes,New Visitor,No,10,37,16,39,6079
3459,3459,ses3460,usd3460,2025-02-15,Mobile,Opera,iOS,Direct,US,Hyderabad,Pricing,Services,No,New Visitor,No,10,53,4,40,8261
3460,3460,ses3461,usd3461,2025-07-08,Desktop,Safari,MacOS,Referral,Germany,Bangalore,Services,Blog,No,New Visitor,Yes,84,6,8,24,3535
3461,3461,ses3462,usd3462,2025-10-12,Tablet,Firefox,Android,Paid search,UK,London,Login,Contact,Yes,Returning Visitor,No,59,34,6,30,8315
3462,3462,ses3463,usd3463,2025-02-28,Desktop,Chrome,Linux,Email marketing,UK,London,Login,Contact,No,Returning Visitor,No,14,16,2,49,4809
3463,3463,ses3464,usd3464,2025-01-27,Desktop,Firefox,iOS,Organic search,UK,London,About us,Contact,Yes,Returning Visitor,Yes,27,19,24,43,2689
3464,3464,ses3465,usd3465,2025-06-04,Desktop,Chrome,Windows,Social media,UK,London,Login,Blog,No,Returning Visitor,No,52,37,16,38,1097
3465,3465,ses3466,usd3466,2025-07-26,Desktop,Opera,Android,Referral,India,New York,Blog,Home,No,Returning Visitor,No,93,6,18,41,8908
3466,3466,ses3467,usd3467,2025-02-28,Desktop,Firefox,Android,Email marketing,Australia,Bangalore,Pricing,Blog,No,Returning Visitor,Yes,1,2,13,27,9534
3467,3467,ses3468,usd3468,2025-11-20,Tablet,Safari,Android,Social media,India,Delhi,Services,Pricing,No,Returning Visitor,Yes,15,42,3,32,3512
3468,3468,ses3469,usd3469,2025-02-28,Mobile,Safari,Android,Social media,Canada,Singapore,Home,Pricing,No,Returning Visitor,Yes,29,54,17,5,6292
3469,3469,ses3470,usd3470,2025-03-05,Desktop,Safari,MacOS,Paid search,India,Singapore,Blog,Contact,Yes,Returning Visitor,Yes,18,44,9,47,4680
3470,3470,ses3471,usd3471,2025-08-09,Desktop,Opera,Windows,Organic search,UK,Chennai,Home,Products,No,Returning Visitor,Yes,68,11,16,40,9541
3471,3471,ses3472,usd3472,2025-06-08,Desktop,Edge,Linux,Social media,Canada,Mumbai,Services,Services,No,Returning Visitor,No,70,54,23,2,7876
3472,3472,ses3473,usd3473,2025-10-07,Desktop,Firefox,Android,Referral,Singapore,Hyderabad,Home,Products,No,New Visitor,Yes,46,56,15,34,6998
3473,3473,ses3474,usd3474,2025-02-01,Tablet,Chrome,MacOS,Direct,US,Sydney,Home,Contact,No,Returning Visitor,Yes,74,43,16,15,8882
3474,3474,ses3475,usd3475,2025-11-20,Tablet,Edge,iOS,Social media,Singapore,London,Pricing,Pricing,No,New Visitor,Yes,86,13,23,9,371
3475,3475,ses3476,usd3476,2025-01-15,Desktop,Edge,Linux,Direct,Canada,Mumbai,Products,Contact,No,New Visitor,Yes,68,4,7,10,5371
3476,3476,ses3477,usd3477,2025-11-10,Tablet,Edge,Windows,Social media,Canada,Sydney,Products,Contact,No,Returning Visitor,Yes,78,4,21,4,3252
3477,3477,ses3478,usd3478,2025-11-21,Mobile,Safari,Android,Email marketing,Australia,Bangalore,Home,Pricing,Yes,Returning Visitor,Yes,70,12,12,18,7
3478,3478,ses3479,usd3479,2025-05-31,Tablet,Chrome,Linux,Email marketing,Canada,Singapore,About us,Blog,Yes,New Visitor,No,67,34,7,35,3808
3479,3479,ses3480,usd3480,2025-11-14,Desktop,Firefox,Windows,Direct,Canada,New York,Services,Contact,Yes,New Visitor,No,93,30,16,44,6225
3480,3480,ses3481,usd3481,2025-03-28,Desktop,Safari,Linux,Social media,Australia,Singapore,About us,Contact,No,New Visitor,Yes,29,39,12,46,7809
3481,3481,ses3482,usd3482,2025-11-06,Desktop,Edge,Windows,Direct,Canada,New York,Home,Services,Yes,New Visitor,No,38,53,4,25,521
3482,3482,ses3483,usd3483,2025-03-22,Tablet,Safari,iOS,Social media,Canada,Delhi,Home,Products,Yes,Returning Visitor,Yes,47,21,21,29,4206
3483,3483,ses3484,usd3484,2025-08-03,Tablet,Firefox,iOS,Referral,US,Singapore,Pricing,Contact,Yes,New Visitor,Yes,73,21,23,4,1312
3484,3484,ses3485,usd3485,2025-07-18,Tablet,Firefox,Android,Paid search,Canada,New York,Login,Blog,No,New Visitor,Yes,76,35,9,16,6174
3485,3485,ses3486,usd3486,2025-11-02,Desktop,Firefox,MacOS,Email marketing,Canada,Delhi,Services,Services,Yes,New Visitor,Yes,58,25,7,32,3409
3486,3486,ses3487,usd3487,2025-11-24,Desktop,Chrome,Windows,Social media,Australia,Mumbai,About us,Products,No,Returning Visitor,Yes,38,17,5,17,1701
3487,3487,ses3488,usd3488,2025-11-07,Desktop,Opera,Linux,Organic search,Germany,Sydney,About us,Services,No,Returning Visitor,Yes,47,39,4,45,4260
3488,3488,ses3489,usd3489,2025-06-20,Desktop,Safari,Linux,Organic search,US,Hyderabad,Login,Home,Yes,New Visitor,Yes,59,46,9,8,4601
3489,3489,ses3490,usd3490,2025-02-26,Mobile,Chrome,MacOS,Direct,UK,Bangalore,Products,Blog,Yes,New Visitor,Yes,59,30,8,13,5052
3490,3490,ses3491,usd3491,2025-11-07,Desktop,Safari,Android,Direct,Canada,Bangalore,Products,Contact,No,New Visitor,No,25,18,12,28,3445
3491,3491,ses3492,usd3492,2025-11-11,Desktop,Opera,MacOS,Paid search,India,London,Home,Pricing,No,Returning Visitor,Yes,48,19,23,44,1749
3492,3492,ses3493,usd3493,2025-11-05,Tablet,Safari,Android,Social media,UK,Delhi,Pricing,Products,Yes,New Visitor,No,94,21,12,36,1355
3493,3493,ses3494,usd3494,2025-09-05,Tablet,Edge,Linux,Organic search,Canada,Mumbai,Services,Home,Yes,Returning Visitor,Yes,65,42,18,15,8023
3494,3494,ses3495,usd3495,2025-02-09,Mobile,Chrome,Android,Social media,Canada,Singapore,Services,Products,No,Returning Visitor,Yes,70,2,14,17,2538
3495,3495,ses3496,usd3496,2025-08-09,Tablet,Opera,Linux,Social media,UK,Chennai,Blog,Products,Yes,New Visitor,No,54,49,4,49,1873
3496,3496,ses3497,usd3497,2025-06-19,Desktop,Edge,Linux,Referral,India,Bangalore,Blog,Products,No,New Visitor,Yes,7,47,23,25,3537
3497,3497,ses3498,usd3498,2025-05-02,Mobile,Edge,Linux,Paid search,Germany,Mumbai,Login,Services,Yes,Returning Visitor,Yes,54,31,6,45,4550
3498,3498,ses3499,usd3499,2025-01-11,Tablet,Edge,MacOS,Direct,Canada,London,About us,Contact,Yes,Returning Visitor,Yes,40,14,4,7,89
3499,3499,ses3500,usd3500,2025-01-10,Mobile,Chrome,Android,Referral,UK,Chennai,Home,Contact,Yes,Returning Visitor,No,60,16,9,41,9975
3500,3500,ses3501,usd3501,2025-04-11,Tablet,Firefox,MacOS,Organic search,Germany,New York,Blog,Contact,Yes,Returning Visitor,Yes,39,52,5,19,6997
3501,3501,ses3502,usd3502,2025-04-20,Mobile,Firefox,Windows,Email marketing,Singapore,Bangalore,Services,Contact,Yes,Returning Visitor,No,47,37,12,14,633
3502,3502,ses3503,usd3503,2025-05-11,Desktop,Chrome,Android,Organic search,India,London,Blog,Home,Yes,New Visitor,Yes,7,36,2,39,798
3503,3503,ses3504,usd3504,2025-12-12,Desktop,Opera,Windows,Direct,Canada,Sydney,About us,Contact,Yes,Returning Visitor,No,90,59,20,15,8822
3504,3504,ses3505,usd3505,2025-10-25,Desktop,Firefox,Android,Referral,Germany,Singapore,Login,Blog,No,Returning Visitor,No,35,56,22,36,857
3505,3505,ses3506,usd3506,2025-01-11,Desktop,Edge,Android,Social media,US,Bangalore,Pricing,Home,Yes,New Visitor,No,30,30,2,23,7184
3506,3506,ses3507,usd3507,2025-10-29,Mobile,Edge,MacOS,Organic search,Germany,London,About us,Services,Yes,Returning Visitor,No,82,43,20,41,3331
3507,3507,ses3508,usd3508,2025-02-15,Desktop,Safari,MacOS,Referral,Singapore,Hyderabad,Contact,Home,No,Returning Visitor,No,3,54,21,42,8053
3508,3508,ses3509,usd3509,2025-11-06,Tablet,Chrome,Android,Social media,US,Hyderabad,Login,Home,No,Returning Visitor,Yes,52,28,19,25,7664
3509,3509,ses3510,usd3510,2025-10-03,Tablet,Edge,MacOS,Organic search,Germany,Mumbai,About us,Contact,Yes,New Visitor,Yes,37,40,6,46,1377
3510,3510,ses3511,usd3511,2025-02-11,Tablet,Safari,Linux,Paid search,US,Hyderabad,Login,Products,No,Returning Visitor,No,32,44,12,36,8538
3511,3511,ses3512,usd3512,2025-09-15,Tablet,Edge,iOS,Referral,India,Delhi,Home,Products,Yes,New Visitor,Yes,67,38,21,1,2347
3512,3512,ses3513,usd3513,2025-07-30,Desktop,Chrome,Windows,Paid search,Singapore,Delhi,Pricing,Pricing,Yes,Returning Visitor,Yes,60,57,8,1,9517
3513,3513,ses3514,usd3514,2025-11-10,Tablet,Opera,Windows,Social media,Singapore,Delhi,Login,Blog,Yes,New Visitor,Yes,53,14,5,27,4082
3514,3514,ses3515,usd3515,2025-10-26,Tablet,Chrome,Android,Direct,Canada,Singapore,Blog,Products,Yes,New Visitor,Yes,52,50,9,25,7425
3515,3515,ses3516,usd3516,2025-09-30,Tablet,Safari,Linux,Referral,India,Hyderabad,Contact,Contact,Yes,Returning Visitor,Yes,96,47,13,38,6641
3516,3516,ses3517,usd3517,2025-09-02,Desktop,Opera,Android,Paid search,UK,Delhi,Services,Blog,No,Returning Visitor,No,43,38,20,36,5362
3517,3517,ses3518,usd3518,2025-05-14,Tablet,Edge,Linux,Organic search,Canada,London,Products,Contact,No,Returning Visitor,No,2,9,7,4,5432
3518,3518,ses3519,usd3519,2025-03-03,Mobile,Chrome,Android,Email marketing,Australia,Delhi,Contact,Contact,Yes,New Visitor,Yes,28,31,17,47,4536
3519,3519,ses3520,usd3520,2025-03-23,Tablet,Edge,Linux,Referral,Singapore,Hyderabad,About us,Blog,Yes,Returning Visitor,No,92,36,3,15,4593
3520,3520,ses3521,usd3521,2025-08-08,Desktop,Firefox,MacOS,Organic search,Germany,Mumbai,Pricing,Blog,No,New Visitor,Yes,71,24,17,8,1864
3521,3521,ses3522,usd3522,2025-04-02,Desktop,Chrome,Android,Email marketing,Australia,Chennai,About us,Contact,No,New Visitor,Yes,54,3,21,31,5650
3522,3522,ses3523,usd3523,2025-02-24,Mobile,Edge,iOS,Email marketing,Australia,Mumbai,Login,Pricing,No,New Visitor,Yes,26,47,20,34,2585
3523,3523,ses3524,usd3524,2025-07-21,Desktop,Chrome,Windows,Paid search,Singapore,Sydney,Blog,Products,No,New Visitor,Yes,22,53,23,41,8044
3524,3524,ses3525,usd3525,2025-11-02,Desktop,Chrome,MacOS,Referral,Singapore,Hyderabad,Pricing,Blog,No,Returning Visitor,No,37,59,24,40,3045
3525,3525,ses3526,usd3526,2025-05-18,Mobile,Chrome,Linux,Direct,Canada,Chennai,About us,Home,Yes,New Visitor,No,6,36,13,4,9247
3526,3526,ses3527,usd3527,2025-03-18,Tablet,Firefox,Windows,Direct,UK,Sydney,Contact,Pricing,No,Returning Visitor,Yes,79,55,1,31,2294
3527,3527,ses3528,usd3528,2025-08-06,Tablet,Firefox,MacOS,Social media,Canada,Sydney,Home,Services,Yes,New Visitor,No,30,38,9,27,2337
3528,3528,ses3529,usd3529,2025-10-04,Mobile,Safari,Linux,Organic search,Canada,Sydney,Products,Products,Yes,New Visitor,Yes,65,56,22,7,3183
3529,3529,ses3530,usd3530,2025-03-05,Mobile,Edge,MacOS,Organic search,Canada,London,Login,Contact,Yes,New Visitor,No,55,25,14,1,4582
3530,3530,ses3531,usd3531,2025-06-14,Mobile,Edge,iOS,Paid search,Singapore,Hyderabad,About us,Home,No,New Visitor,Yes,25,54,11,44,8413
3531,3531,ses3532,usd3532,2025-07-16,Mobile,Edge,Android,Email marketing,US,New York,Blog,Products,No,Returning Visitor,No,2,49,4,32,2687
3532,3532,ses3533,usd3533,2025-02-19,Tablet,Edge,Linux,Organic search,UK,London,Login,Products,No,Returning Visitor,No,27,32,2,36,1168
3533,3533,ses3534,usd3534,2025-12-24,Mobile,Safari,iOS,Organic search,Canada,Bangalore,Products,Blog,Yes,Returning Visitor,No,77,43,13,8,1985
3534,3534,ses3535,usd3535,2025-01-29,Mobile,Opera,Android,Social media,Australia,London,About us,Home,No,Returning Visitor,Yes,49,1,3,34,6473
3535,3535,ses3536,usd3536,2025-11-09,Mobile,Chrome,Linux,Email marketing,Germany,Sydney,Home,Products,Yes,New Visitor,No,68,9,18,32,4738
3536,3536,ses3537,usd3537,2025-04-29,Desktop,Safari,Android,Social media,Canada,Hyderabad,Contact,Services,Yes,New Visitor,No,83,19,8,30,954
3537,3537,ses3538,usd3538,2025-03-21,Mobile,Chrome,MacOS,Social media,US,Delhi,Products,Products,No,New Visitor,No,29,38,16,11,4114
3538,3538,ses3539,usd3539,2025-04-05,Tablet,Firefox,Linux,Organic search,Australia,Hyderabad,Login,Services,No,Returning Visitor,No,91,40,1,22,8520
3539,3539,ses3540,usd3540,2025-01-29,Mobile,Firefox,MacOS,Email marketing,Germany,London,About us,Blog,Yes,New Visitor,Yes,47,25,17,32,5708
3540,3540,ses3541,usd3541,2025-01-05,Tablet,Firefox,Linux,Referral,Canada,Delhi,Products,Pricing,Yes,Returning Visitor,Yes,1,54,23,32,5771
3541,3541,ses3542,usd3542,2025-12-26,Desktop,Firefox,iOS,Email marketing,Singapore,Chennai,Login,Services,Yes,New Visitor,Yes,33,57,22,30,4238
3542,3542,ses3543,usd3543,2025-09-05,Mobile,Edge,Android,Social media,UK,New York,Blog,Home,No,New Visitor,No,14,3,7,29,1504
3543,3543,ses3544,usd3544,2025-05-11,Desktop,Opera,Windows,Direct,Canada,New York,Services,Blog,Yes,New Visitor,No,53,26,9,43,5706
3544,3544,ses3545,usd3545,2025-11-26,Desktop,Opera,Linux,Social media,UK,London,Pricing,Contact,Yes,Returning Visitor,Yes,3,9,21,42,7584
3545,3545,ses3546,usd3546,2025-10-14,Desktop,Chrome,Linux,Referral,Australia,Singapore,About us,Blog,Yes,Returning Visitor,No,68,30,5,40,5754
3546,3546,ses3547,usd3547,2025-03-13,Desktop,Safari,Windows,Social media,Canada,Mumbai,Contact,Home,No,Returning Visitor,Yes,19,15,24,40,4160
3547,3547,ses3548,usd3548,2025-12-23,Desktop,Firefox,MacOS,Organic search,UK,Singapore,Blog,Pricing,Yes,Returning Visitor,No,32,54,13,13,6108
3548,3548,ses3549,usd3549,2025-08-28,Desktop,Edge,Windows,Social media,India,Chennai,About us,Contact,Yes,New Visitor,Yes,28,47,13,42,6913
3549,3549,ses3550,usd3550,2025-07-19,Mobile,Chrome,MacOS,Referral,Singapore,Delhi,Services,Contact,Yes,New Visitor,No,89,19,10,9,2686
3550,3550,ses3551,usd3551,2025-09-18,Desktop,Chrome,Android,Direct,India,Hyderabad,About us,Services,Yes,New Visitor,Yes,56,23,3,6,2735
3551,3551,ses3552,usd3552,2025-04-14,Desktop,Chrome,Linux,Organic search,Canada,Delhi,About us,Blog,No,Returning Visitor,No,86,59,14,32,1821
3552,3552,ses3553,usd3553,2025-02-04,Desktop,Edge,Windows,Social media,India,Delhi,Pricing,Products,Yes,Returning Visitor,Yes,30,36,7,28,3179
3553,3553,ses3554,usd3554,2025-09-20,Tablet,Edge,Linux,Direct,Canada,Mumbai,Pricing,Contact,No,Returning Visitor,No,24,18,19,35,2073
3554,3554,ses3555,usd3555,2025-05-12,Tablet,Chrome,MacOS,Paid search,Canada,New York,Pricing,Home,No,New Visitor,No,16,33,9,5,3722
3555,3555,ses3556,usd3556,2025-02-15,Mobile,Edge,iOS,Email marketing,Canada,Mumbai,Services,Products,Yes,Returning Visitor,No,60,14,20,9,3186
3556,3556,ses3557,usd3557,2025-10-03,Desktop,Safari,Windows,Organic search,UK,Mumbai,Contact,Pricing,No,Returning Visitor,No,46,31,17,14,1774
3557,3557,ses3558,usd3558,2025-12-23,Tablet,Safari,Android,Paid search,Germany,Hyderabad,Services,Home,Yes,Returning Visitor,Yes,43,40,7,8,1191
3558,3558,ses3559,usd3559,2025-06-24,Desktop,Opera,Windows,Referral,US,Hyderabad,About us,Services,Yes,New Visitor,Yes,34,7,14,10,5376
3559,3559,ses3560,usd3560,2025-04-09,Tablet,Opera,Linux,Social media,India,Singapore,Products,Pricing,Yes,Returning Visitor,No,70,12,19,21,3547
3560,3560,ses3561,usd3561,2025-09-09,Mobile,Opera,Android,Email marketing,UK,Singapore,About us,Services,No,New Visitor,No,71,54,5,13,3000
3561,3561,ses3562,usd3562,2025-12-28,Desktop,Chrome,iOS,Social media,Canada,New York,Services,Services,No,Returning Visitor,Yes,61,50,11,29,2731
3562,3562,ses3563,usd3563,2025-02-07,Tablet,Opera,MacOS,Referral,Canada,London,Login,Contact,No,New Visitor,Yes,1,44,4,9,5487
3563,3563,ses3564,usd3564,2025-09-08,Mobile,Edge,Linux,Referral,Germany,Hyderabad,Login,Services,No,Returning Visitor,Yes,47,13,1,25,2824
3564,3564,ses3565,usd3565,2025-07-30,Desktop,Opera,Android,Organic search,UK,Sydney,Home,Products,No,Returning Visitor,No,5,54,9,44,483
3565,3565,ses3566,usd3566,2025-09-08,Mobile,Firefox,iOS,Social media,Canada,Mumbai,About us,Pricing,Yes,New Visitor,Yes,56,41,2,31,9231
3566,3566,ses3567,usd3567,2025-05-22,Mobile,Opera,iOS,Paid search,US,Hyderabad,About us,Contact,Yes,Returning Visitor,Yes,42,23,20,28,4656
3567,3567,ses3568,usd3568,2025-06-26,Desktop,Opera,Android,Social media,Singapore,Bangalore,Products,Contact,Yes,Returning Visitor,No,12,15,10,12,1576
3568,3568,ses3569,usd3569,2025-01-25,Tablet,Opera,Linux,Direct,UK,London,Services,Blog,No,New Visitor,No,94,48,23,49,2692
3569,3569,ses3570,usd3570,2025-07-21,Desktop,Safari,Windows,Email marketing,Germany,Singapore,About us,Pricing,Yes,Returning Visitor,No,39,21,15,37,2224
3570,3570,ses3571,usd3571,2025-02-17,Tablet,Chrome,MacOS,Paid search,Canada,Bangalore,Pricing,Home,Yes,Returning Visitor,No,77,19,6,4,6728
3571,3571,ses3572,usd3572,2025-04-26,Tablet,Edge,Android,Email marketing,UK,Sydney,Contact,Home,No,Returning Visitor,Yes,26,59,13,48,9664
3572,3572,ses3573,usd3573,2025-07-28,Mobile,Opera,Android,Email marketing,Singapore,Mumbai,Login,Products,Yes,New Visitor,No,16,3,6,21,6764
3573,3573,ses3574,usd3574,2025-04-29,Mobile,Safari,Android,Organic search,India,Sydney,About us,Contact,No,Returning Visitor,No,27,34,21,42,3069
3574,3574,ses3575,usd3575,2025-08-12,Mobile,Edge,Windows,Direct,UK,Delhi,Pricing,Contact,Yes,Returning Visitor,Yes,26,11,10,20,8615
3575,3575,ses3576,usd3576,2025-08-29,Mobile,Opera,iOS,Direct,UK,Delhi,Services,Products,Yes,New Visitor,Yes,51,50,6,3,2801
3576,3576,ses3577,usd3577,2025-06-05,Mobile,Firefox,Android,Direct,Canada,Sydney,Home,Contact,Yes,Returning Visitor,Yes,42,59,8,35,7223
3577,3577,ses3578,usd3578,2025-09-25,Mobile,Chrome,Android,Email marketing,Canada,Hyderabad,Contact,Home,Yes,New Visitor,No,43,57,12,10,8095
3578,3578,ses3579,usd3579,2025-03-10,Tablet,Opera,Linux,Paid search,Canada,Hyderabad,Login,Blog,No,Returning Visitor,Yes,32,23,15,15,2726
3579,3579,ses3580,usd3580,2025-06-28,Tablet,Opera,Windows,Referral,Canada,Chennai,Services,Blog,Yes,Returning Visitor,Yes,27,42,4,8,5925
3580,3580,ses3581,usd3581,2025-05-24,Desktop,Safari,iOS,Paid search,India,Chennai,Blog,Contact,Yes,Returning Visitor,Yes,66,7,19,6,4546
3581,3581,ses3582,usd3582,2025-09-22,Mobile,Chrome,Linux,Social media,Germany,Delhi,Blog,Contact,No,New Visitor,No,85,14,21,26,8847
3582,3582,ses3583,usd3583,2025-04-04,Desktop,Edge,Linux,Organic search,Singapore,Delhi,Pricing,Contact,No,New Visitor,No,31,21,22,35,2460
3583,3583,ses3584,usd3584,2025-01-28,Mobile,Opera,Android,Email marketing,Canada,Delhi,Home,Contact,No,Returning Visitor,Yes,28,5,24,30,182
3584,3584,ses3585,usd3585,2025-01-14,Tablet,Firefox,Linux,Social media,India,New York,Blog,Pricing,No,New Visitor,Yes,80,11,16,40,7378
3585,3585,ses3586,usd3586,2025-09-13,Mobile,Opera,Linux,Social media,Australia,Chennai,Login,Blog,No,New Visitor,Yes,31,24,6,41,1687
3586,3586,ses3587,usd3587,2025-11-10,Tablet,Chrome,Linux,Direct,US,Mumbai,Login,Contact,No,Returning Visitor,No,16,50,24,3,7000
3587,3587,ses3588,usd3588,2025-10-15,Tablet,Opera,iOS,Paid search,Australia,New York,Blog,Blog,No,Returning Visitor,No,28,46,10,46,7485
3588,3588,ses3589,usd3589,2025-06-28,Desktop,Safari,Android,Organic search,India,Mumbai,Blog,Home,Yes,New Visitor,Yes,18,58,15,48,7634
3589,3589,ses3590,usd3590,2025-06-01,Tablet,Opera,Linux,Social media,UK,New York,Products,Blog,Yes,Returning Visitor,No,16,3,23,31,2421
3590,3590,ses3591,usd3591,2025-05-18,Tablet,Safari,Android,Organic search,Singapore,London,Blog,Blog,Yes,Returning Visitor,Yes,29,21,22,30,9931
3591,3591,ses3592,usd3592,2025-07-20,Tablet,Firefox,Windows,Paid search,Canada,Hyderabad,Pricing,Home,No,New Visitor,No,82,14,5,13,8592
3592,3592,ses3593,usd3593,2025-03-17,Tablet,Safari,Linux,Direct,US,Bangalore,About us,Home,No,New Visitor,No,81,20,12,24,1912
3593,3593,ses3594,usd3594,2025-05-29,Tablet,Chrome,Android,Email marketing,UK,Chennai,Login,Products,Yes,Returning Visitor,Yes,45,24,1,21,8118
3594,3594,ses3595,usd3595,2025-08-07,Tablet,Safari,iOS,Paid search,India,Delhi,Blog,Home,No,Returning Visitor,No,47,31,24,30,8669
3595,3595,ses3596,usd3596,2025-01-07,Tablet,Opera,MacOS,Email marketing,India,Mumbai,About us,Products,Yes,New Visitor,No,98,45,21,42,4103
3596,3596,ses3597,usd3597,2025-08-06,Mobile,Firefox,MacOS,Paid search,Singapore,Bangalore,Home,Products,Yes,Returning Visitor,No,9,55,19,41,2728
3597,3597,ses3598,usd3598,2025-07-10,Tablet,Chrome,Linux,Email marketing,Australia,New York,Login,Blog,No,Returning Visitor,Yes,98,29,19,24,9210
3598,3598,ses3599,usd3599,2025-05-05,Desktop,Safari,Windows,Paid search,Singapore,Delhi,Products,Products,Yes,Returning Visitor,No,21,39,3,12,473
3599,3599,ses3600,usd3600,2025-06-12,Desktop,Opera,iOS,Paid search,Australia,Mumbai,About us,Services,Yes,New Visitor,Yes,37,22,14,16,9820
3600,3600,ses3601,usd3601,2025-10-25,Tablet,Safari,iOS,Organic search,Germany,Chennai,Pricing,Blog,Yes,New Visitor,No,2,42,4,11,2149
3601,3601,ses3602,usd3602,2025-05-07,Mobile,Firefox,Windows,Direct,Australia,Sydney,Pricing,Contact,No,Returning Visitor,No,33,1,14,16,211
3602,3602,ses3603,usd3603,2025-12-21,Mobile,Firefox,Linux,Organic search,India,Hyderabad,Blog,Services,No,New Visitor,No,51,19,6,46,9400
3603,3603,ses3604,usd3604,2025-07-19,Tablet,Safari,iOS,Referral,Australia,New York,Services,Blog,Yes,New Visitor,No,17,39,7,39,7211
3604,3604,ses3605,usd3605,2025-06-16,Desktop,Edge,Android,Social media,UK,New York,Login,Products,No,New Visitor,No,38,23,15,39,6719
3605,3605,ses3606,usd3606,2025-11-04,Mobile,Firefox,Linux,Email marketing,India,Singapore,About us,Blog,Yes,New Visitor,No,94,15,22,44,6160
3606,3606,ses3607,usd3607,2025-06-14,Mobile,Firefox,Windows,Direct,Canada,Hyderabad,Pricing,Pricing,Yes,Returning Visitor,Yes,29,35,21,38,5109
3607,3607,ses3608,usd3608,2025-06-10,Tablet,Firefox,iOS,Direct,UK,Sydney,Home,Home,Yes,Returning Visitor,Yes,97,3,15,21,4673
3608,3608,ses3609,usd3609,2025-12-19,Desktop,Opera,Windows,Direct,Canada,New York,About us,Blog,Yes,Returning Visitor,No,31,51,3,1,2505
3609,3609,ses3610,usd3610,2025-05-08,Mobile,Firefox,MacOS,Organic search,Canada,Hyderabad,Services,Blog,No,Returning Visitor,Yes,51,40,6,49,6584
3610,3610,ses3611,usd3611,2025-06-04,Desktop,Firefox,iOS,Social media,India,Mumbai,Products,Products,No,Returning Visitor,Yes,25,25,15,5,1299
3611,3611,ses3612,usd3612,2025-02-26,Mobile,Edge,Windows,Social media,UK,Hyderabad,About us,Services,Yes,Returning Visitor,Yes,88,36,16,28,8170
3612,3612,ses3613,usd3613,2025-02-10,Tablet,Firefox,Linux,Referral,Singapore,London,Contact,Services,Yes,New Visitor,No,42,12,10,31,7184
3613,3613,ses3614,usd3614,2025-12-25,Mobile,Firefox,iOS,Organic search,UK,Sydney,Contact,Contact,Yes,Returning Visitor,Yes,25,49,14,3,1698
3614,3614,ses3615,usd3615,2025-09-15,Tablet,Firefox,Windows,Referral,Australia,Chennai,Contact,Blog,Yes,New Visitor,Yes,69,25,19,4,2989
3615,3615,ses3616,usd3616,2025-08-11,Mobile,Opera,Android,Organic search,Singapore,Delhi,Services,Pricing,No,New Visitor,Yes,27,29,21,48,9916
3616,3616,ses3617,usd3617,2025-09-21,Tablet,Safari,Android,Email marketing,US,Chennai,Login,Blog,No,New Visitor,No,94,54,16,17,5360
3617,3617,ses3618,usd3618,2025-01-18,Desktop,Safari,iOS,Email marketing,India,Hyderabad,Services,Home,Yes,New Visitor,No,10,46,5,17,6508
3618,3618,ses3619,usd3619,2025-03-25,Desktop,Safari,Windows,Referral,US,New York,Pricing,Blog,No,New Visitor,No,92,34,9,3,9029
3619,3619,ses3620,usd3620,2025-07-30,Tablet,Safari,Windows,Organic search,Germany,Bangalore,Home,Products,No,New Visitor,Yes,29,22,9,44,3114
3620,3620,ses3621,usd3621,2025-08-29,Tablet,Safari,iOS,Paid search,Singapore,Singapore,Blog,Contact,Yes,Returning Visitor,No,62,22,8,46,9432
3621,3621,ses3622,usd3622,2025-02-17,Tablet,Chrome,Linux,Direct,Germany,Sydney,Login,Pricing,Yes,Returning Visitor,Yes,20,5,5,6,9622
3622,3622,ses3623,usd3623,2025-07-15,Tablet,Safari,MacOS,Social media,India,Hyderabad,Pricing,Contact,Yes,New Visitor,Yes,93,55,13,19,9388
3623,3623,ses3624,usd3624,2025-01-26,Mobile,Safari,Android,Social media,Singapore,Chennai,Products,Contact,No,New Visitor,Yes,20,35,23,6,4584
3624,3624,ses3625,usd3625,2025-04-17,Tablet,Firefox,Android,Direct,US,London,Pricing,Pricing,No,Returning Visitor,No,32,6,21,12,1257
3625,3625,ses3626,usd3626,2025-06-19,Tablet,Chrome,iOS,Direct,Singapore,Sydney,Pricing,Services,Yes,New Visitor,Yes,39,48,22,23,244
3626,3626,ses3627,usd3627,2025-02-23,Tablet,Firefox,Windows,Paid search,Australia,Bangalore,Blog,Pricing,No,New Visitor,Yes,25,32,10,16,2916
3627,3627,ses3628,usd3628,2025-02-02,Tablet,Firefox,Linux,Email marketing,US,London,Contact,Services,No,Returning Visitor,No,20,18,21,29,5810
3628,3628,ses3629,usd3629,2025-10-28,Desktop,Opera,iOS,Email marketing,India,Chennai,Blog,Blog,Yes,Returning Visitor,Yes,18,13,18,3,9289
3629,3629,ses3630,usd3630,2025-12-04,Desktop,Opera,MacOS,Referral,UK,Chennai,Services,Home,Yes,New Visitor,No,1,52,6,19,9322
3630,3630,ses3631,usd3631,2025-12-13,Mobile,Opera,Windows,Social media,Germany,Singapore,Pricing,Services,Yes,New Visitor,No,35,39,14,11,9114
3631,3631,ses3632,usd3632,2025-04-09,Tablet,Edge,MacOS,Direct,Canada,Delhi,Contact,Home,No,Returning Visitor,Yes,41,48,24,5,7881
3632,3632,ses3633,usd3633,2025-03-18,Mobile,Firefox,Windows,Email marketing,Germany,Hyderabad,Pricing,Contact,Yes,New Visitor,No,49,11,12,42,4339
3633,3633,ses3634,usd3634,2025-07-12,Desktop,Firefox,Windows,Paid search,US,Sydney,Pricing,Blog,No,Returning Visitor,Yes,28,13,22,37,1322
3634,3634,ses3635,usd3635,2025-01-27,Tablet,Firefox,MacOS,Email marketing,Canada,Mumbai,Products,Pricing,Yes,Returning Visitor,Yes,8,47,11,11,331
3635,3635,ses3636,usd3636,2025-03-03,Desktop,Opera,MacOS,Referral,India,Delhi,Products,Contact,No,New Visitor,Yes,82,38,9,48,545
3636,3636,ses3637,usd3637,2025-06-27,Desktop,Opera,Windows,Paid search,Australia,Hyderabad,About us,Products,Yes,Returning Visitor,No,51,43,15,22,5314
3637,3637,ses3638,usd3638,2025-09-26,Mobile,Firefox,MacOS,Paid search,Singapore,Mumbai,Pricing,Contact,No,New Visitor,No,5,35,12,37,5584
3638,3638,ses3639,usd3639,2025-04-22,Tablet,Opera,Windows,Paid search,US,Sydney,Products,Services,No,New Visitor,Yes,13,9,20,45,5921
3639,3639,ses3640,usd3640,2025-05-22,Mobile,Opera,Linux,Organic search,Canada,Bangalore,Contact,Pricing,No,New Visitor,No,20,27,16,19,6481
3640,3640,ses3641,usd3641,2025-06-17,Mobile,Safari,Windows,Referral,India,London,Services,Services,Yes,Returning Visitor,Yes,1,9,4,40,2839
3641,3641,ses3642,usd3642,2025-01-09,Tablet,Opera,MacOS,Referral,Germany,Sydney,About us,Services,No,Returning Visitor,No,85,50,15,46,7473
3642,3642,ses3643,usd3643,2025-06-27,Tablet,Firefox,Linux,Direct,Singapore,Singapore,Home,Blog,No,Returning Visitor,No,89,57,22,32,2348
3643,3643,ses3644,usd3644,2025-04-11,Desktop,Edge,Linux,Organic search,Australia,New York,Blog,Services,No,Returning Visitor,No,45,9,3,25,8401
3644,3644,ses3645,usd3645,2025-04-03,Desktop,Safari,Android,Paid search,Canada,Chennai,About us,Services,No,Returning Visitor,No,33,32,10,9,2155
3645,3645,ses3646,usd3646,2025-10-20,Desktop,Edge,Android,Email marketing,UK,Sydney,Services,Services,No,Returning Visitor,No,40,19,15,34,862
3646,3646,ses3647,usd3647,2025-01-16,Desktop,Chrome,MacOS,Paid search,US,Bangalore,Home,Contact,No,Returning Visitor,No,48,31,11,35,7742
3647,3647,ses3648,usd3648,2025-11-18,Desktop,Safari,iOS,Organic search,India,Bangalore,Contact,Contact,Yes,New Visitor,No,11,52,23,43,5432
3648,3648,ses3649,usd3649,2025-09-08,Tablet,Safari,Linux,Direct,US,Sydney,Blog,Services,No,New Visitor,Yes,45,57,20,3,7978
3649,3649,ses3650,usd3650,2025-09-06,Tablet,Chrome,Android,Referral,UK,Hyderabad,Contact,Blog,Yes,New Visitor,Yes,97,7,10,14,8160
3650,3650,ses3651,usd3651,2025-12-02,Tablet,Chrome,MacOS,Referral,UK,Bangalore,Blog,Home,Yes,Returning Visitor,Yes,56,39,6,36,3921
3651,3651,ses3652,usd3652,2025-09-14,Desktop,Safari,Android,Direct,Singapore,Singapore,Pricing,Pricing,Yes,New Visitor,Yes,92,23,9,27,459
3652,3652,ses3653,usd3653,2025-04-29,Desktop,Edge,iOS,Referral,US,New York,Login,Contact,Yes,Returning Visitor,No,73,28,9,1,9685
3653,3653,ses3654,usd3654,2025-09-28,Desktop,Chrome,iOS,Organic search,India,Bangalore,Services,Pricing,No,Returning Visitor,No,78,54,4,39,3333
3654,3654,ses3655,usd3655,2025-05-12,Desktop,Chrome,iOS,Paid search,Singapore,Chennai,Products,Products,Yes,New Visitor,Yes,49,47,23,21,5245
3655,3655,ses3656,usd3656,2025-03-07,Mobile,Firefox,Windows,Referral,India,Mumbai,About us,Contact,Yes,Returning Visitor,Yes,65,36,22,16,9325
3656,3656,ses3657,usd3657,2025-06-09,Mobile,Chrome,iOS,Organic search,UK,Singapore,Blog,Pricing,Yes,New Visitor,No,28,42,5,4,183
3657,3657,ses3658,usd3658,2025-08-30,Tablet,Firefox,Linux,Paid search,UK,Chennai,Login,Blog,Yes,New Visitor,Yes,4,26,18,46,3132
3658,3658,ses3659,usd3659,2025-02-07,Tablet,Opera,iOS,Email marketing,US,London,Services,Blog,No,New Visitor,No,13,55,22,16,7770
3659,3659,ses3660,usd3660,2025-07-09,Desktop,Firefox,Windows,Paid search,US,New York,Pricing,Blog,No,New Visitor,Yes,39,26,24,25,7434
3660,3660,ses3661,usd3661,2025-10-13,Desktop,Opera,iOS,Organic search,Canada,Hyderabad,Services,Contact,Yes,New Visitor,Yes,16,34,6,36,541
3661,3661,ses3662,usd3662,2025-12-06,Tablet,Opera,iOS,Referral,Germany,Bangalore,Services,Home,No,Returning Visitor,No,40,13,4,45,9374
3662,3662,ses3663,usd3663,2025-02-24,Tablet,Firefox,Linux,Email marketing,India,Delhi,Products,Contact,Yes,New Visitor,Yes,33,37,9,43,9372
3663,3663,ses3664,usd3664,2025-02-19,Desktop,Opera,MacOS,Referral,Singapore,Sydney,Products,Contact,No,Returning Visitor,No,24,1,24,28,89
3664,3664,ses3665,usd3665,2025-05-26,Mobile,Chrome,Windows,Referral,Singapore,Chennai,Login,Blog,Yes,New Visitor,No,19,29,1,26,7135
3665,3665,ses3666,usd3666,2025-08-04,Desktop,Safari,Linux,Social media,India,Singapore,About us,Home,No,New Visitor,No,64,59,10,41,6759
3666,3666,ses3667,usd3667,2025-10-20,Tablet,Chrome,iOS,Referral,UK,New York,Login,Services,Yes,Returning Visitor,Yes,40,40,18,15,8722
3667,3667,ses3668,usd3668,2025-08-27,Desktop,Safari,Windows,Social media,Australia,Chennai,Contact,Blog,No,Returning Visitor,Yes,81,18,21,45,2388
3668,3668,ses3669,usd3669,2025-07-22,Desktop,Firefox,Android,Paid search,Australia,Hyderabad,Products,Home,No,Returning Visitor,Yes,41,34,19,4,2147
3669,3669,ses3670,usd3670,2025-12-15,Mobile,Opera,Linux,Organic search,UK,Hyderabad,Pricing,Pricing,Yes,New Visitor,Yes,29,5,18,4,1206
3670,3670,ses3671,usd3671,2025-08-24,Desktop,Firefox,Android,Direct,Australia,Hyderabad,Contact,Home,Yes,Returning Visitor,Yes,67,8,3,26,2204
3671,3671,ses3672,usd3672,2025-01-27,Mobile,Chrome,MacOS,Email marketing,Canada,Chennai,Login,Home,Yes,Returning Visitor,No,64,3,1,28,9215
3672,3672,ses3673,usd3673,2025-06-10,Mobile,Chrome,MacOS,Paid search,Australia,Bangalore,Services,Pricing,Yes,New Visitor,Yes,2,3,22,18,3423
3673,3673,ses3674,usd3674,2025-05-05,Desktop,Firefox,Android,Paid search,India,Chennai,About us,Home,Yes,New Visitor,Yes,12,13,4,33,3905
3674,3674,ses3675,usd3675,2025-09-11,Desktop,Chrome,iOS,Direct,Australia,London,Blog,Contact,No,Returning Visitor,Yes,29,59,2,21,1569
3675,3675,ses3676,usd3676,2025-02-03,Mobile,Chrome,Windows,Email marketing,Canada,Mumbai,Login,Services,No,New Visitor,No,97,44,11,44,9700
3676,3676,ses3677,usd3677,2025-08-03,Desktop,Firefox,MacOS,Paid search,Singapore,New York,Blog,Home,Yes,Returning Visitor,Yes,90,39,5,27,4432
3677,3677,ses3678,usd3678,2025-10-31,Tablet,Chrome,Android,Direct,Germany,Bangalore,Products,Blog,No,New Visitor,No,6,40,14,27,5031
3678,3678,ses3679,usd3679,2025-03-04,Desktop,Opera,MacOS,Email marketing,Germany,Hyderabad,About us,Blog,Yes,Returning Visitor,No,69,23,21,13,4714
3679,3679,ses3680,usd3680,2025-10-22,Desktop,Chrome,MacOS,Referral,UK,New York,Contact,Blog,Yes,Returning Visitor,Yes,76,44,10,41,5839
3680,3680,ses3681,usd3681,2025-11-02,Mobile,Edge,iOS,Organic search,India,Bangalore,Contact,Pricing,Yes,Returning Visitor,No,47,57,5,48,1495
3681,3681,ses3682,usd3682,2025-06-25,Mobile,Firefox,MacOS,Social media,Australia,London,Contact,Contact,No,New Visitor,No,43,8,16,6,6440
3682,3682,ses3683,usd3683,2025-11-02,Tablet,Edge,Android,Direct,Australia,New York,Services,Products,Yes,New Visitor,No,58,18,16,12,7748
3683,3683,ses3684,usd3684,2025-12-04,Desktop,Edge,Android,Email marketing,Canada,Mumbai,About us,Contact,Yes,Returning Visitor,No,15,29,6,30,5850
3684,3684,ses3685,usd3685,2025-11-08,Tablet,Opera,iOS,Direct,Australia,Singapore,Blog,Products,Yes,New Visitor,No,78,38,2,39,7718
3685,3685,ses3686,usd3686,2025-07-28,Mobile,Opera,MacOS,Referral,India,Bangalore,Contact,Services,Yes,Returning Visitor,Yes,61,1,19,49,5248
3686,3686,ses3687,usd3687,2025-01-01,Mobile,Opera,MacOS,Direct,Australia,Hyderabad,About us,Services,No,New Visitor,No,82,36,21,18,3377
3687,3687,ses3688,usd3688,2025-10-17,Desktop,Safari,iOS,Paid search,India,Delhi,About us,Products,Yes,New Visitor,Yes,88,2,11,49,1781
3688,3688,ses3689,usd3689,2025-05-10,Desktop,Chrome,Windows,Email marketing,Canada,Chennai,Login,Home,No,Returning Visitor,Yes,96,47,19,19,1234
3689,3689,ses3690,usd3690,2025-10-20,Mobile,Safari,Linux,Email marketing,Canada,Bangalore,Products,Blog,No,New Visitor,Yes,12,25,16,17,1999
3690,3690,ses3691,usd3691,2025-04-16,Tablet,Edge,Android,Social media,Australia,London,Contact,Contact,No,New Visitor,Yes,88,54,8,48,9092
3691,3691,ses3692,usd3692,2025-12-15,Tablet,Firefox,Windows,Email marketing,India,New York,About us,Products,No,Returning Visitor,No,56,10,14,43,2177
3692,3692,ses3693,usd3693,2025-03-02,Mobile,Opera,Windows,Social media,India,Singapore,Pricing,Products,No,Returning Visitor,No,98,53,4,22,2649
3693,3693,ses3694,usd3694,2025-10-15,Mobile,Edge,Android,Organic search,UK,Delhi,Pricing,Home,Yes,Returning Visitor,Yes,25,13,3,44,6643
3694,3694,ses3695,usd3695,2025-02-16,Mobile,Edge,Linux,Organic search,Canada,Hyderabad,Blog,Home,Yes,New Visitor,No,6,3,2,6,9456
3695,3695,ses3696,usd3696,2025-07-03,Desktop,Safari,Android,Referral,Singapore,Hyderabad,Home,Contact,No,New Visitor,No,99,34,1,1,7162
3696,3696,ses3697,usd3697,2025-09-13,Tablet,Safari,Linux,Paid search,US,Mumbai,Blog,Home,No,Returning Visitor,No,57,44,15,34,2696
3697,3697,ses3698,usd3698,2025-08-20,Tablet,Opera,MacOS,Email marketing,India,Mumbai,About us,Services,Yes,New Visitor,No,11,33,1,42,1183
3698,3698,ses3699,usd3699,2025-05-18,Mobile,Edge,iOS,Referral,India,New York,Products,Pricing,No,New Visitor,No,59,13,8,10,4158
3699,3699,ses3700,usd3700,2025-05-07,Tablet,Edge,Android,Referral,Canada,Mumbai,Products,Contact,Yes,Returning Visitor,No,54,25,8,21,7000
3700,3700,ses3701,usd3701,2025-02-02,Tablet,Firefox,Windows,Referral,UK,Mumbai,About us,Services,No,New Visitor,Yes,26,21,7,4,7253
3701,3701,ses3702,usd3702,2025-01-16,Desktop,Safari,MacOS,Referral,Australia,Hyderabad,Contact,Blog,Yes,New Visitor,Yes,84,44,5,32,4927
3702,3702,ses3703,usd3703,2025-10-22,Desktop,Firefox,MacOS,Email marketing,India,Mumbai,Home,Blog,Yes,Returning Visitor,No,73,42,10,46,6975
3703,3703,ses3704,usd3704,2025-05-24,Desktop,Edge,MacOS,Organic search,Australia,Bangalore,Pricing,Contact,Yes,Returning Visitor,Yes,52,8,20,17,3825
3704,3704,ses3705,usd3705,2025-07-19,Mobile,Chrome,Windows,Direct,Canada,Sydney,Login,Contact,Yes,Returning Visitor,No,45,23,12,44,657
3705,3705,ses3706,usd3706,2025-03-31,Desktop,Firefox,Windows,Organic search,Canada,Mumbai,Home,Home,Yes,New Visitor,Yes,14,59,5,11,5330
3706,3706,ses3707,usd3707,2025-07-04,Desktop,Chrome,Linux,Paid search,India,Bangalore,Login,Contact,Yes,New Visitor,No,56,7,8,41,3744
3707,3707,ses3708,usd3708,2025-06-14,Desktop,Edge,MacOS,Email marketing,Australia,London,Contact,Home,Yes,New Visitor,No,26,27,8,49,8601
3708,3708,ses3709,usd3709,2025-04-22,Desktop,Chrome,Windows,Social media,Germany,Bangalore,Contact,Blog,Yes,New Visitor,Yes,77,50,15,13,3746
3709,3709,ses3710,usd3710,2025-03-12,Desktop,Safari,iOS,Organic search,Australia,Hyderabad,About us,Blog,Yes,New Visitor,Yes,66,20,7,10,3636
3710,3710,ses3711,usd3711,2025-07-29,Desktop,Chrome,iOS,Social media,Germany,Chennai,Home,Home,No,Returning Visitor,Yes,34,4,9,14,7064
3711,3711,ses3712,usd3712,2025-10-06,Desktop,Chrome,Linux,Organic search,UK,Delhi,Login,Pricing,Yes,Returning Visitor,No,70,25,2,25,3646
3712,3712,ses3713,usd3713,2025-01-15,Mobile,Safari,iOS,Social media,Germany,Mumbai,Products,Products,Yes,New Visitor,No,64,15,1,1,1748
3713,3713,ses3714,usd3714,2025-05-21,Tablet,Firefox,Android,Direct,Canada,Singapore,Services,Home,Yes,New Visitor,Yes,89,55,6,14,2587
3714,3714,ses3715,usd3715,2025-09-09,Mobile,Edge,Android,Social media,Australia,Mumbai,Pricing,Pricing,No,Returning Visitor,Yes,29,50,2,44,1327
3715,3715,ses3716,usd3716,2025-08-28,Mobile,Firefox,Windows,Social media,Germany,Delhi,About us,Products,No,New Visitor,No,9,46,13,37,2928
3716,3716,ses3717,usd3717,2025-10-31,Mobile,Safari,Windows,Referral,Singapore,New York,About us,Services,No,Returning Visitor,Yes,16,57,21,33,2048
3717,3717,ses3718,usd3718,2025-10-03,Desktop,Firefox,MacOS,Email marketing,Canada,New York,Login,Contact,Yes,New Visitor,Yes,72,35,21,7,5037
3718,3718,ses3719,usd3719,2025-11-30,Desktop,Opera,Windows,Social media,UK,Mumbai,Home,Blog,No,Returning Visitor,No,36,33,10,49,3234
3719,3719,ses3720,usd3720,2025-05-28,Mobile,Chrome,MacOS,Referral,Canada,London,Services,Home,Yes,Returning Visitor,Yes,26,50,2,29,6161
3720,3720,ses3721,usd3721,2025-04-07,Desktop,Opera,Android,Direct,US,Bangalore,Home,Services,Yes,New Visitor,No,86,55,4,42,3423
3721,3721,ses3722,usd3722,2025-09-20,Mobile,Chrome,Android,Organic search,UK,London,Login,Home,No,Returning Visitor,Yes,90,1,24,47,5072
3722,3722,ses3723,usd3723,2025-02-05,Tablet,Firefox,Android,Direct,India,Mumbai,Products,Home,Yes,New Visitor,No,70,39,22,29,2799
3723,3723,ses3724,usd3724,2025-09-16,Tablet,Safari,Linux,Paid search,UK,Sydney,Services,Services,No,New Visitor,No,67,43,16,31,6542
3724,3724,ses3725,usd3725,2025-10-09,Mobile,Firefox,Linux,Email marketing,US,Sydney,Products,Services,No,Returning Visitor,No,21,24,8,5,8727
3725,3725,ses3726,usd3726,2025-04-06,Mobile,Opera,Windows,Social media,India,London,Products,Services,No,New Visitor,No,98,57,18,32,4680
3726,3726,ses3727,usd3727,2025-01-06,Tablet,Chrome,Linux,Social media,India,Sydney,Contact,Contact,No,Returning Visitor,No,43,6,18,27,1890
3727,3727,ses3728,usd3728,2025-09-09,Mobile,Opera,Windows,Direct,US,Chennai,Login,Blog,No,Returning Visitor,Yes,82,43,2,25,6417
3728,3728,ses3729,usd3729,2025-08-22,Desktop,Safari,Windows,Paid search,Australia,Hyderabad,Services,Pricing,No,New Visitor,No,20,21,3,4,4789
3729,3729,ses3730,usd3730,2025-10-17,Tablet,Chrome,Windows,Paid search,Singapore,Singapore,Home,Contact,Yes,New Visitor,No,64,30,23,8,9444
3730,3730,ses3731,usd3731,2025-03-31,Desktop,Firefox,Linux,Referral,US,Sydney,Login,Blog,No,New Visitor,No,3,46,21,18,1570
3731,3731,ses3732,usd3732,2025-08-11,Tablet,Safari,Windows,Social media,Australia,Hyderabad,Pricing,Pricing,Yes,New Visitor,No,55,19,2,26,8908
3732,3732,ses3733,usd3733,2025-06-02,Desktop,Chrome,Windows,Paid search,US,Hyderabad,Services,Services,No,Returning Visitor,No,58,43,7,23,9091
3733,3733,ses3734,usd3734,2025-07-15,Tablet,Safari,Android,Referral,Australia,Hyderabad,Contact,Blog,No,New Visitor,Yes,47,27,10,39,5710
3734,3734,ses3735,usd3735,2025-12-23,Mobile,Edge,Android,Organic search,India,Chennai,About us,Home,Yes,Returning Visitor,No,51,18,9,23,3028
3735,3735,ses3736,usd3736,2025-11-04,Mobile,Chrome,Android,Paid search,Germany,Hyderabad,Login,Blog,No,Returning Visitor,Yes,56,45,23,27,5230
3736,3736,ses3737,usd3737,2025-04-02,Desktop,Firefox,MacOS,Paid search,Germany,Chennai,Services,Home,No,New Visitor,No,84,51,14,1,9329
3737,3737,ses3738,usd3738,2025-03-25,Desktop,Firefox,MacOS,Organic search,Germany,London,Services,Products,No,New Visitor,Yes,18,49,21,7,6555
3738,3738,ses3739,usd3739,2025-04-26,Mobile,Opera,Android,Paid search,Canada,Delhi,About us,Contact,No,Returning Visitor,No,35,24,14,48,8677
3739,3739,ses3740,usd3740,2025-04-13,Tablet,Safari,iOS,Referral,Australia,Mumbai,Products,Contact,No,Returning Visitor,No,30,29,1,28,3868
3740,3740,ses3741,usd3741,2025-03-18,Tablet,Safari,Linux,Social media,Germany,Singapore,About us,Services,Yes,New Visitor,No,17,47,8,6,940
3741,3741,ses3742,usd3742,2025-02-24,Mobile,Safari,iOS,Organic search,Singapore,Sydney,About us,Home,Yes,Returning Visitor,No,14,45,13,17,365
3742,3742,ses3743,usd3743,2025-07-17,Mobile,Firefox,Android,Social media,UK,Chennai,Blog,Home,Yes,New Visitor,No,81,54,8,21,8360
3743,3743,ses3744,usd3744,2025-02-19,Mobile,Safari,Android,Referral,India,Chennai,Login,Contact,No,New Visitor,No,43,10,2,18,8849
3744,3744,ses3745,usd3745,2025-03-12,Tablet,Safari,iOS,Email marketing,Australia,Delhi,About us,Contact,No,Returning Visitor,No,30,26,19,37,8185
3745,3745,ses3746,usd3746,2025-12-31,Tablet,Safari,iOS,Paid search,Canada,Chennai,Services,Pricing,No,Returning Visitor,No,15,23,16,47,2639
3746,3746,ses3747,usd3747,2025-11-05,Desktop,Chrome,Android,Social media,Australia,London,Login,Home,Yes,New Visitor,No,35,6,10,11,4060
3747,3747,ses3748,usd3748,2025-09-27,Desktop,Opera,Linux,Organic search,UK,Singapore,Login,Services,Yes,New Visitor,Yes,53,21,3,11,5826
3748,3748,ses3749,usd3749,2025-07-30,Tablet,Opera,iOS,Paid search,UK,Mumbai,About us,Home,No,Returning Visitor,Yes,86,43,11,35,1112
3749,3749,ses3750,usd3750,2025-04-03,Desktop,Safari,Linux,Email marketing,Canada,Chennai,Blog,Blog,Yes,Returning Visitor,No,20,2,22,41,581
3750,3750,ses3751,usd3751,2025-01-19,Tablet,Chrome,MacOS,Social media,Germany,Chennai,Pricing,Blog,No,Returning Visitor,Yes,62,21,4,11,7182
3751,3751,ses3752,usd3752,2025-07-17,Mobile,Safari,Linux,Paid search,US,New York,Contact,Services,Yes,New Visitor,No,11,59,24,2,2097
3752,3752,ses3753,usd3753,2025-08-21,Mobile,Chrome,MacOS,Email marketing,Singapore,Hyderabad,Pricing,Home,Yes,Returning Visitor,No,52,22,9,33,8397
3753,3753,ses3754,usd3754,2025-11-15,Tablet,Firefox,Linux,Organic search,UK,London,Blog,Contact,Yes,New Visitor,No,32,11,17,40,3971
3754,3754,ses3755,usd3755,2025-04-24,Tablet,Safari,Android,Paid search,Canada,Singapore,Services,Home,Yes,New Visitor,No,45,19,12,25,2431
3755,3755,ses3756,usd3756,2025-09-30,Tablet,Firefox,iOS,Email marketing,India,Bangalore,Contact,Products,Yes,New Visitor,No,56,12,21,21,9488
3756,3756,ses3757,usd3757,2025-01-15,Desktop,Opera,Android,Referral,Canada,New York,Home,Pricing,Yes,New Visitor,Yes,6,2,24,48,7073
3757,3757,ses3758,usd3758,2025-01-14,Desktop,Edge,Windows,Referral,Australia,Sydney,Pricing,Blog,Yes,Returning Visitor,Yes,96,24,23,20,8057
3758,3758,ses3759,usd3759,2025-06-29,Tablet,Chrome,Windows,Social media,US,London,Login,Services,Yes,New Visitor,No,43,12,15,32,1973
3759,3759,ses3760,usd3760,2025-04-04,Tablet,Safari,MacOS,Direct,UK,London,About us,Pricing,No,Returning Visitor,No,81,29,12,34,2441
3760,3760,ses3761,usd3761,2025-03-13,Mobile,Edge,Linux,Email marketing,India,Delhi,Home,Contact,No,New Visitor,Yes,7,1,1,27,5833
3761,3761,ses3762,usd3762,2025-06-28,Mobile,Firefox,Android,Email marketing,Australia,New York,Blog,Services,Yes,New Visitor,Yes,39,28,21,14,9828
3762,3762,ses3763,usd3763,2025-09-09,Mobile,Edge,iOS,Organic search,Australia,New York,Pricing,Home,No,New Visitor,No,5,16,13,19,1954
3763,3763,ses3764,usd3764,2025-08-26,Mobile,Firefox,iOS,Email marketing,UK,Singapore,Blog,Contact,Yes,Returning Visitor,No,60,30,12,10,382
3764,3764,ses3765,usd3765,2025-07-28,Desktop,Safari,Android,Organic search,Singapore,Bangalore,Products,Contact,Yes,Returning Visitor,Yes,62,15,1,33,8605
3765,3765,ses3766,usd3766,2025-08-03,Mobile,Opera,Linux,Email marketing,US,Sydney,Contact,Contact,Yes,Returning Visitor,No,78,14,5,7,2134
3766,3766,ses3767,usd3767,2025-09-08,Mobile,Chrome,Windows,Direct,Australia,Hyderabad,Contact,Contact,Yes,Returning Visitor,No,90,54,8,27,595
3767,3767,ses3768,usd3768,2025-05-03,Mobile,Safari,Windows,Direct,Australia,London,Blog,Products,No,New Visitor,No,55,24,23,12,1637
3768,3768,ses3769,usd3769,2025-07-29,Desktop,Opera,Linux,Referral,Canada,Chennai,Home,Services,No,New Visitor,Yes,27,25,7,32,80
3769,3769,ses3770,usd3770,2025-07-21,Desktop,Chrome,MacOS,Paid search,US,Delhi,About us,Contact,No,Returning Visitor,Yes,4,43,17,7,3713
3770,3770,ses3771,usd3771,2025-06-27,Mobile,Safari,Android,Organic search,US,New York,Services,Contact,Yes,Returning Visitor,Yes,85,3,13,37,5388
3771,3771,ses3772,usd3772,2025-01-30,Mobile,Firefox,Linux,Referral,Germany,Delhi,About us,Pricing,Yes,New Visitor,Yes,36,37,13,31,1282
3772,3772,ses3773,usd3773,2025-11-20,Mobile,Safari,iOS,Paid search,US,Bangalore,Services,Contact,No,Returning Visitor,Yes,84,40,16,42,7946
3773,3773,ses3774,usd3774,2025-10-12,Desktop,Chrome,Linux,Organic search,Germany,Sydney,About us,Services,No,New Visitor,Yes,50,57,21,39,1675
3774,3774,ses3775,usd3775,2025-01-18,Mobile,Firefox,Linux,Referral,US,Singapore,Login,Pricing,No,New Visitor,No,59,48,5,16,4319
3775,3775,ses3776,usd3776,2025-09-10,Mobile,Edge,Android,Social media,Australia,Delhi,Pricing,Products,Yes,New Visitor,No,62,30,9,41,8582
3776,3776,ses3777,usd3777,2025-06-19,Tablet,Safari,MacOS,Organic search,US,Sydney,Blog,Services,Yes,Returning Visitor,No,62,27,22,47,3072
3777,3777,ses3778,usd3778,2025-03-18,Tablet,Firefox,Windows,Social media,UK,Singapore,About us,Contact,Yes,New Visitor,Yes,76,34,1,9,3849
3778,3778,ses3779,usd3779,2025-10-24,Tablet,Chrome,Windows,Referral,Canada,Delhi,Pricing,Services,Yes,Returning Visitor,Yes,39,16,8,2,2625
3779,3779,ses3780,usd3780,2025-11-03,Tablet,Safari,Android,Organic search,Australia,Chennai,Services,Contact,No,New Visitor,No,39,57,13,40,3359
3780,3780,ses3781,usd3781,2025-08-31,Tablet,Edge,iOS,Direct,India,Singapore,Home,Pricing,Yes,Returning Visitor,Yes,78,22,21,24,5314
3781,3781,ses3782,usd3782,2025-10-23,Desktop,Chrome,Android,Direct,Germany,Sydney,Blog,Products,No,New Visitor,Yes,96,13,9,25,4851
3782,3782,ses3783,usd3783,2025-03-21,Desktop,Safari,Linux,Social media,India,Singapore,Blog,Pricing,No,New Visitor,No,5,3,11,7,6874
3783,3783,ses3784,usd3784,2025-12-10,Tablet,Chrome,iOS,Organic search,Singapore,Bangalore,Blog,Home,Yes,New Visitor,Yes,9,53,16,33,4140
3784,3784,ses3785,usd3785,2025-10-28,Mobile,Edge,iOS,Social media,UK,Singapore,Products,Contact,Yes,New Visitor,Yes,56,33,1,7,6053
3785,3785,ses3786,usd3786,2025-10-25,Tablet,Chrome,Android,Social media,Australia,Sydney,About us,Services,No,Returning Visitor,No,88,45,17,9,5209
3786,3786,ses3787,usd3787,2025-08-09,Mobile,Chrome,iOS,Social media,Australia,London,Pricing,Products,No,Returning Visitor,No,91,11,6,14,2185
3787,3787,ses3788,usd3788,2025-06-01,Desktop,Edge,Android,Direct,Germany,Singapore,Login,Blog,No,New Visitor,No,54,25,3,46,7974
3788,3788,ses3789,usd3789,2025-03-19,Desktop,Firefox,Linux,Social media,India,London,Home,Blog,Yes,New Visitor,No,12,59,9,14,4305
3789,3789,ses3790,usd3790,2025-07-15,Desktop,Safari,MacOS,Direct,Canada,Singapore,Home,Services,Yes,New Visitor,No,8,43,16,43,3707
3790,3790,ses3791,usd3791,2025-04-08,Mobile,Opera,iOS,Social media,Singapore,Delhi,About us,Blog,No,Returning Visitor,No,67,24,22,26,1354
3791,3791,ses3792,usd3792,2025-11-19,Desktop,Chrome,iOS,Referral,UK,New York,Pricing,Pricing,Yes,Returning Visitor,No,57,11,11,5,1324
3792,3792,ses3793,usd3793,2025-08-16,Desktop,Chrome,Android,Organic search,India,New York,Contact,Pricing,Yes,New Visitor,No,44,39,14,29,6962
3793,3793,ses3794,usd3794,2025-02-10,Desktop,Edge,Linux,Direct,UK,Sydney,Login,Home,No,Returning Visitor,No,44,19,1,2,1460
3794,3794,ses3795,usd3795,2025-06-08,Desktop,Opera,MacOS,Social media,India,Bangalore,Home,Blog,Yes,New Visitor,No,27,48,1,10,3017
3795,3795,ses3796,usd3796,2025-12-16,Mobile,Opera,Windows,Paid search,UK,Sydney,Blog,Contact,Yes,New Visitor,No,37,14,20,24,4317
3796,3796,ses3797,usd3797,2025-03-06,Tablet,Opera,iOS,Email marketing,India,New York,Blog,Home,Yes,Returning Visitor,Yes,81,57,16,46,2179
3797,3797,ses3798,usd3798,2025-01-09,Tablet,Safari,MacOS,Paid search,UK,Mumbai,Products,Pricing,Yes,New Visitor,No,17,37,23,21,9743
3798,3798,ses3799,usd3799,2025-01-06,Mobile,Edge,Android,Social media,Singapore,New York,Contact,Home,Yes,New Visitor,No,90,57,5,32,7614
3799,3799,ses3800,usd3800,2025-10-05,Tablet,Firefox,MacOS,Referral,India,Chennai,Home,Contact,No,New Visitor,Yes,14,11,10,32,8382
3800,3800,ses3801,usd3801,2025-01-30,Desktop,Safari,MacOS,Direct,India,Hyderabad,Products,Blog,No,New Visitor,Yes,41,37,13,46,571
3801,3801,ses3802,usd3802,2025-10-04,Desktop,Edge,MacOS,Email marketing,Canada,Singapore,About us,Products,Yes,New Visitor,Yes,36,25,2,26,5824
3802,3802,ses3803,usd3803,2025-02-16,Desktop,Opera,iOS,Paid search,US,New York,About us,Services,Yes,New Visitor,No,36,38,24,7,9021
3803,3803,ses3804,usd3804,2025-02-05,Mobile,Firefox,Linux,Referral,Canada,Hyderabad,Services,Pricing,No,Returning Visitor,Yes,7,42,22,41,5295
3804,3804,ses3805,usd3805,2025-10-13,Desktop,Opera,iOS,Direct,India,London,Services,Pricing,No,New Visitor,No,71,56,5,4,8105
3805,3805,ses3806,usd3806,2025-09-14,Desktop,Safari,Windows,Paid search,US,Mumbai,Services,Home,Yes,Returning Visitor,No,31,31,11,42,3835
3806,3806,ses3807,usd3807,2025-07-21,Tablet,Opera,iOS,Social media,India,Singapore,Blog,Contact,No,Returning Visitor,Yes,66,57,4,22,5602
3807,3807,ses3808,usd3808,2025-12-22,Desktop,Safari,Android,Direct,Singapore,Mumbai,Products,Products,No,New Visitor,No,34,51,4,1,664
3808,3808,ses3809,usd3809,2025-03-06,Desktop,Opera,Windows,Referral,Australia,New York,Home,Home,Yes,Returning Visitor,No,10,44,1,36,4614
3809,3809,ses3810,usd3810,2025-05-24,Mobile,Edge,iOS,Social media,UK,Mumbai,Blog,Blog,Yes,Returning Visitor,Yes,91,39,19,10,4409
3810,3810,ses3811,usd3811,2025-04-21,Mobile,Firefox,iOS,Social media,Singapore,Mumbai,Login,Blog,Yes,Returning Visitor,No,84,33,20,23,3202
3811,3811,ses3812,usd3812,2025-05-11,Mobile,Firefox,Android,Direct,Singapore,Singapore,Login,Home,No,Returning Visitor,No,46,53,11,2,6074
3812,3812,ses3813,usd3813,2025-06-16,Desktop,Opera,Linux,Organic search,Australia,New York,Home,Pricing,No,New Visitor,Yes,84,10,2,45,5948
3813,3813,ses3814,usd3814,2025-08-05,Mobile,Firefox,Android,Paid search,Germany,Singapore,Blog,Contact,Yes,New Visitor,Yes,53,29,20,15,1144
3814,3814,ses3815,usd3815,2025-04-18,Tablet,Firefox,iOS,Paid search,Canada,New York,Home,Services,Yes,New Visitor,No,5,32,22,15,4263
3815,3815,ses3816,usd3816,2025-08-19,Tablet,Edge,Android,Social media,Australia,Mumbai,Contact,Contact,Yes,New Visitor,No,14,35,8,14,220
3816,3816,ses3817,usd3817,2025-08-05,Tablet,Opera,Android,Direct,UK,Singapore,Contact,Contact,No,New Visitor,Yes,29,10,11,25,5687
3817,3817,ses3818,usd3818,2025-06-03,Desktop,Chrome,MacOS,Referral,Germany,Sydney,Contact,Services,Yes,New Visitor,No,87,44,16,25,5255
3818,3818,ses3819,usd3819,2025-02-17,Desktop,Chrome,Linux,Referral,India,Hyderabad,Blog,Contact,Yes,New Visitor,Yes,84,47,18,5,4220
3819,3819,ses3820,usd3820,2025-10-31,Desktop,Firefox,Windows,Referral,India,Mumbai,Login,Pricing,Yes,Returning Visitor,No,70,7,15,35,8916
3820,3820,ses3821,usd3821,2025-04-01,Tablet,Firefox,Android,Referral,Germany,Chennai,Services,Contact,Yes,Returning Visitor,No,66,20,21,43,9707
3821,3821,ses3822,usd3822,2025-06-09,Mobile,Edge,Android,Organic search,Singapore,London,Products,Contact,No,Returning Visitor,Yes,63,37,5,30,9824
3822,3822,ses3823,usd3823,2025-04-17,Mobile,Firefox,Linux,Social media,Singapore,Chennai,Home,Products,Yes,Returning Visitor,Yes,96,46,9,44,2103
3823,3823,ses3824,usd3824,2025-07-03,Tablet,Opera,Windows,Direct,Singapore,Chennai,Login,Contact,Yes,Returning Visitor,No,34,31,23,2,6657
3824,3824,ses3825,usd3825,2025-11-07,Tablet,Edge,Android,Social media,UK,Bangalore,Products,Blog,No,Returning Visitor,Yes,15,6,15,33,7652
3825,3825,ses3826,usd3826,2025-02-28,Desktop,Chrome,Windows,Email marketing,US,New York,Services,Pricing,Yes,Returning Visitor,No,55,16,7,42,4962
3826,3826,ses3827,usd3827,2025-04-30,Mobile,Safari,iOS,Direct,Canada,New York,Blog,Blog,Yes,New Visitor,No,98,20,23,44,8616
3827,3827,ses3828,usd3828,2025-12-15,Tablet,Firefox,Linux,Email marketing,India,Sydney,About us,Blog,Yes,New Visitor,Yes,87,12,1,36,3154
3828,3828,ses3829,usd3829,2025-05-10,Mobile,Opera,Linux,Direct,US,Delhi,About us,Home,Yes,New Visitor,Yes,38,59,16,29,1542
3829,3829,ses3830,usd3830,2025-04-22,Desktop,Firefox,MacOS,Social media,UK,Chennai,Products,Products,No,Returning Visitor,Yes,81,17,10,42,8971
3830,3830,ses3831,usd3831,2025-02-02,Mobile,Chrome,MacOS,Referral,Australia,New York,Home,Pricing,Yes,New Visitor,No,53,52,3,15,1808
3831,3831,ses3832,usd3832,2025-12-24,Mobile,Chrome,Windows,Direct,India,Sydney,Blog,Pricing,Yes,New Visitor,Yes,12,38,21,18,8896
3832,3832,ses3833,usd3833,2025-01-31,Mobile,Opera,MacOS,Social media,US,Chennai,Login,Services,Yes,Returning Visitor,Yes,21,47,24,6,7992
3833,3833,ses3834,usd3834,2025-09-14,Tablet,Safari,iOS,Social media,Australia,Bangalore,Products,Services,Yes,Returning Visitor,Yes,70,3,20,28,8883
3834,3834,ses3835,usd3835,2025-03-24,Tablet,Chrome,Linux,Email marketing,Germany,Hyderabad,Products,Products,No,Returning Visitor,Yes,6,46,14,24,1089
3835,3835,ses3836,usd3836,2025-08-13,Desktop,Opera,Android,Email marketing,Singapore,London,About us,Services,Yes,Returning Visitor,Yes,6,14,17,32,5435
3836,3836,ses3837,usd3837,2025-11-03,Desktop,Safari,Linux,Organic search,Singapore,Sydney,About us,Contact,Yes,New Visitor,Yes,54,13,6,42,4350
3837,3837,ses3838,usd3838,2025-03-27,Tablet,Opera,MacOS,Email marketing,India,Singapore,Pricing,Products,No,New Visitor,Yes,4,2,7,30,7855
3838,3838,ses3839,usd3839,2025-10-05,Desktop,Edge,MacOS,Social media,Germany,London,Products,Services,Yes,New Visitor,Yes,89,54,4,44,9420
3839,3839,ses3840,usd3840,2025-03-12,Desktop,Opera,Android,Organic search,Singapore,Delhi,About us,Home,No,Returning Visitor,Yes,14,33,9,25,4249
3840,3840,ses3841,usd3841,2025-06-04,Desktop,Opera,Linux,Social media,UK,Sydney,Home,Contact,No,Returning Visitor,Yes,25,22,4,31,145
3841,3841,ses3842,usd3842,2025-01-01,Mobile,Firefox,MacOS,Direct,Canada,Chennai,Services,Pricing,Yes,New Visitor,Yes,70,51,3,6,2471
3842,3842,ses3843,usd3843,2025-12-23,Desktop,Firefox,Windows,Email marketing,Singapore,Sydney,Login,Contact,No,New Visitor,Yes,35,1,17,31,2944
3843,3843,ses3844,usd3844,2025-10-15,Mobile,Safari,iOS,Paid search,Germany,Singapore,Products,Services,No,Returning Visitor,No,22,18,22,24,2345
3844,3844,ses3845,usd3845,2025-02-27,Desktop,Firefox,iOS,Referral,India,Mumbai,Services,Blog,No,New Visitor,Yes,66,20,14,19,3862
3845,3845,ses3846,usd3846,2025-08-19,Desktop,Opera,Linux,Referral,Canada,Mumbai,About us,Contact,Yes,New Visitor,No,25,44,21,9,5446
3846,3846,ses3847,usd3847,2025-01-17,Tablet,Firefox,MacOS,Social media,US,New York,Products,Contact,No,Returning Visitor,No,78,46,16,19,7182
3847,3847,ses3848,usd3848,2025-03-24,Desktop,Safari,Linux,Referral,Australia,Bangalore,Contact,Home,No,Returning Visitor,No,81,42,22,13,4348
3848,3848,ses3849,usd3849,2025-06-05,Tablet,Edge,Windows,Organic search,Singapore,Chennai,Services,Services,Yes,New Visitor,No,87,17,19,15,5260
3849,3849,ses3850,usd3850,2025-03-11,Tablet,Chrome,Linux,Social media,UK,Singapore,Services,Contact,No,Returning Visitor,Yes,70,1,22,40,9633
3850,3850,ses3851,usd3851,2025-06-12,Desktop,Firefox,Linux,Social media,Germany,Mumbai,Services,Contact,No,Returning Visitor,Yes,46,31,8,21,5897
3851,3851,ses3852,usd3852,2025-02-16,Desktop,Edge,Windows,Email marketing,Germany,New York,Contact,Services,No,New Visitor,Yes,31,57,7,40,3346
3852,3852,ses3853,usd3853,2025-09-19,Desktop,Firefox,Windows,Email marketing,Canada,Delhi,Contact,Pricing,Yes,Returning Visitor,Yes,57,34,16,29,4083
3853,3853,ses3854,usd3854,2025-09-12,Desktop,Chrome,iOS,Organic search,Germany,Chennai,Services,Blog,Yes,New Visitor,No,90,54,15,49,8836
3854,3854,ses3855,usd3855,2025-11-04,Tablet,Firefox,Linux,Paid search,Singapore,Delhi,Home,Services,No,Returning Visitor,Yes,76,34,21,41,717
3855,3855,ses3856,usd3856,2025-10-15,Tablet,Firefox,iOS,Direct,India,Hyderabad,Contact,Products,Yes,New Visitor,No,17,15,18,22,6917
3856,3856,ses3857,usd3857,2025-06-07,Mobile,Chrome,Windows,Organic search,US,Sydney,Products,Services,Yes,New Visitor,Yes,42,48,13,21,1926
3857,3857,ses3858,usd3858,2025-05-16,Desktop,Opera,Linux,Organic search,Germany,Delhi,Blog,Services,No,New Visitor,Yes,29,23,23,21,5235
3858,3858,ses3859,usd3859,2025-03-04,Desktop,Opera,iOS,Referral,US,Sydney,Home,Pricing,Yes,New Visitor,No,18,29,20,42,4616
3859,3859,ses3860,usd3860,2025-03-05,Desktop,Firefox,Linux,Referral,Germany,New York,Products,Home,Yes,Returning Visitor,Yes,39,20,19,5,5309
3860,3860,ses3861,usd3861,2025-01-06,Desktop,Firefox,MacOS,Direct,Australia,Delhi,About us,Contact,Yes,New Visitor,Yes,65,51,19,34,9301
3861,3861,ses3862,usd3862,2025-11-11,Desktop,Safari,Windows,Social media,Australia,Mumbai,Contact,Pricing,Yes,Returning Visitor,No,16,36,17,26,7369
3862,3862,ses3863,usd3863,2025-11-14,Tablet,Edge,iOS,Referral,Germany,Bangalore,Products,Blog,No,New Visitor,No,51,29,8,19,3053
3863,3863,ses3864,usd3864,2025-03-31,Desktop,Edge,Windows,Social media,US,Chennai,About us,Products,No,Returning Visitor,No,70,46,10,38,8292
3864,3864,ses3865,usd3865,2025-09-17,Desktop,Chrome,MacOS,Social media,Singapore,Chennai,Products,Home,Yes,Returning Visitor,No,91,14,9,25,6697
3865,3865,ses3866,usd3866,2025-07-20,Tablet,Opera,iOS,Email marketing,Germany,Chennai,Products,Home,Yes,New Visitor,Yes,84,40,12,24,1159
3866,3866,ses3867,usd3867,2025-06-30,Tablet,Opera,Android,Email marketing,Canada,London,About us,Blog,Yes,Returning Visitor,No,74,26,15,29,9189
3867,3867,ses3868,usd3868,2025-10-06,Tablet,Edge,Linux,Direct,India,London,Pricing,Services,Yes,Returning Visitor,Yes,74,16,3,35,5334
3868,3868,ses3869,usd3869,2025-04-16,Tablet,Opera,iOS,Referral,Germany,Bangalore,Login,Services,No,New Visitor,Yes,27,16,1,34,9931
3869,3869,ses3870,usd3870,2025-05-28,Desktop,Firefox,Android,Social media,US,Delhi,Products,Contact,Yes,Returning Visitor,Yes,60,3,6,10,9488
3870,3870,ses3871,usd3871,2025-07-10,Tablet,Edge,Windows,Organic search,Australia,London,Services,Services,No,Returning Visitor,No,60,16,16,28,5435
3871,3871,ses3872,usd3872,2025-05-01,Tablet,Safari,Linux,Email marketing,Singapore,Chennai,Blog,Pricing,Yes,Returning Visitor,No,3,9,5,11,360
3872,3872,ses3873,usd3873,2025-06-30,Desktop,Edge,Android,Referral,UK,Mumbai,Login,Contact,No,New Visitor,No,26,53,15,34,1959
3873,3873,ses3874,usd3874,2025-02-07,Tablet,Safari,Linux,Referral,Canada,London,Contact,Home,No,New Visitor,Yes,60,14,10,31,5532
3874,3874,ses3875,usd3875,2025-03-31,Desktop,Opera,Android,Social media,Germany,Chennai,About us,Contact,No,New Visitor,Yes,80,28,15,17,1956
3875,3875,ses3876,usd3876,2025-11-15,Tablet,Chrome,Linux,Social media,UK,Bangalore,Pricing,Pricing,No,New Visitor,Yes,83,35,3,41,5274
3876,3876,ses3877,usd3877,2025-11-25,Desktop,Safari,MacOS,Referral,Canada,Delhi,Services,Services,No,Returning Visitor,Yes,36,49,19,37,2462
3877,3877,ses3878,usd3878,2025-06-24,Mobile,Opera,Linux,Direct,Germany,London,Contact,Services,Yes,Returning Visitor,No,1,19,6,41,8699
3878,3878,ses3879,usd3879,2025-10-17,Desktop,Safari,MacOS,Paid search,US,Sydney,Services,Contact,No,New Visitor,No,12,59,15,27,9437
3879,3879,ses3880,usd3880,2025-08-08,Tablet,Safari,MacOS,Paid search,Singapore,Hyderabad,Blog,Services,Yes,Returning Visitor,No,80,33,13,29,6007
3880,3880,ses3881,usd3881,2025-11-12,Desktop,Chrome,Windows,Organic search,Canada,Sydney,Home,Pricing,Yes,Returning Visitor,No,61,50,14,17,7301
3881,3881,ses3882,usd3882,2025-02-24,Desktop,Chrome,Linux,Organic search,India,Singapore,Products,Services,No,New Visitor,No,78,1,10,46,6842
3882,3882,ses3883,usd3883,2025-08-12,Mobile,Safari,Windows,Referral,Canada,Bangalore,Home,Pricing,No,New Visitor,Yes,36,34,24,20,7015
3883,3883,ses3884,usd3884,2025-04-14,Desktop,Edge,MacOS,Email marketing,US,Mumbai,Services,Blog,Yes,New Visitor,No,67,6,5,28,7338
3884,3884,ses3885,usd3885,2025-05-11,Mobile,Firefox,Android,Direct,Germany,Chennai,Home,Blog,Yes,New Visitor,Yes,88,45,9,23,2961
3885,3885,ses3886,usd3886,2025-06-05,Desktop,Firefox,Android,Email marketing,Singapore,Bangalore,Home,Blog,Yes,Returning Visitor,Yes,56,34,5,45,3143
3886,3886,ses3887,usd3887,2025-03-22,Desktop,Edge,MacOS,Social media,US,Bangalore,About us,Products,No,Returning Visitor,Yes,89,17,10,25,1878
3887,3887,ses3888,usd3888,2025-02-10,Tablet,Safari,MacOS,Organic search,Singapore,New York,About us,Blog,Yes,New Visitor,Yes,76,45,9,13,8192
3888,3888,ses3889,usd3889,2025-05-31,Desktop,Opera,MacOS,Organic search,UK,Delhi,Pricing,Products,No,Returning Visitor,Yes,99,2,13,37,8804
3889,3889,ses3890,usd3890,2025-05-28,Mobile,Chrome,Android,Direct,US,Singapore,Login,Contact,No,Returning Visitor,No,62,20,3,43,8527
3890,3890,ses3891,usd3891,2025-03-13,Tablet,Edge,Windows,Email marketing,Canada,New York,Home,Contact,No,Returning Visitor,No,95,30,3,18,3634
3891,3891,ses3892,usd3892,2025-06-26,Tablet,Chrome,MacOS,Social media,US,Sydney,Services,Home,Yes,New Visitor,Yes,2,3,21,42,1371
3892,3892,ses3893,usd3893,2025-09-21,Tablet,Edge,MacOS,Referral,Australia,Chennai,Home,Blog,Yes,Returning Visitor,No,71,39,23,40,8439
3893,3893,ses3894,usd3894,2025-06-07,Desktop,Chrome,MacOS,Paid search,Australia,London,Contact,Products,No,New Visitor,Yes,19,24,23,29,7584
3894,3894,ses3895,usd3895,2025-08-14,Tablet,Safari,MacOS,Direct,UK,Delhi,Contact,Pricing,No,New Visitor,Yes,61,47,7,36,1888
3895,3895,ses3896,usd3896,2025-10-21,Mobile,Opera,Android,Social media,Singapore,Mumbai,Contact,Products,Yes,New Visitor,Yes,61,19,20,31,3096
3896,3896,ses3897,usd3897,2025-07-02,Desktop,Opera,iOS,Social media,Australia,Mumbai,Home,Contact,No,Returning Visitor,No,81,27,17,32,9552
3897,3897,ses3898,usd3898,2025-02-12,Desktop,Chrome,Android,Referral,India,Chennai,About us,Contact,No,Returning Visitor,Yes,86,35,6,25,6510
3898,3898,ses3899,usd3899,2025-09-17,Tablet,Opera,Android,Paid search,Australia,Hyderabad,Login,Services,No,Returning Visitor,No,81,41,7,25,6501
3899,3899,ses3900,usd3900,2025-01-03,Mobile,Opera,MacOS,Social media,US,Mumbai,Blog,Blog,No,New Visitor,Yes,74,13,14,13,7330
3900,3900,ses3901,usd3901,2025-11-15,Tablet,Firefox,Android,Email marketing,US,Mumbai,Services,Services,Yes,New Visitor,No,71,2,5,33,7138
3901,3901,ses3902,usd3902,2025-04-02,Desktop,Opera,MacOS,Direct,US,Sydney,Pricing,Home,Yes,New Visitor,No,15,1,11,32,4204
3902,3902,ses3903,usd3903,2025-08-31,Mobile,Safari,iOS,Organic search,India,New York,Blog,Services,No,New Visitor,Yes,70,55,13,25,6059
3903,3903,ses3904,usd3904,2025-08-28,Desktop,Edge,iOS,Social media,Canada,Hyderabad,Login,Contact,No,New Visitor,No,52,44,2,43,2449
3904,3904,ses3905,usd3905,2025-06-25,Mobile,Edge,Android,Email marketing,Germany,Bangalore,Blog,Products,No,New Visitor,No,28,26,16,11,1922
3905,3905,ses3906,usd3906,2025-04-07,Mobile,Edge,Android,Referral,UK,Delhi,About us,Contact,Yes,Returning Visitor,No,85,9,12,31,4097
3906,3906,ses3907,usd3907,2025-11-16,Mobile,Opera,Windows,Email marketing,UK,Delhi,Home,Pricing,Yes,New Visitor,Yes,20,12,2,1,8960
3907,3907,ses3908,usd3908,2025-06-16,Mobile,Chrome,Android,Referral,Canada,New York,Blog,Blog,Yes,Returning Visitor,No,44,40,12,15,3427
3908,3908,ses3909,usd3909,2025-01-06,Mobile,Firefox,iOS,Direct,Germany,Mumbai,Blog,Home,Yes,New Visitor,No,70,16,11,45,2242
3909,3909,ses3910,usd3910,2025-06-11,Tablet,Opera,Android,Referral,India,Sydney,Contact,Contact,Yes,Returning Visitor,Yes,7,5,15,15,2684
3910,3910,ses3911,usd3911,2025-05-04,Tablet,Edge,iOS,Email marketing,Germany,Sydney,Pricing,Products,No,Returning Visitor,No,99,42,7,20,1301
3911,3911,ses3912,usd3912,2025-11-24,Mobile,Safari,iOS,Organic search,US,Bangalore,About us,Services,No,New Visitor,Yes,44,31,17,43,8540
3912,3912,ses3913,usd3913,2025-07-24,Desktop,Firefox,Linux,Social media,UK,Mumbai,Pricing,Services,Yes,Returning Visitor,Yes,86,14,6,17,1544
3913,3913,ses3914,usd3914,2025-04-02,Tablet,Firefox,Windows,Organic search,India,Bangalore,Pricing,Blog,Yes,New Visitor,No,38,36,19,5,2550
3914,3914,ses3915,usd3915,2025-07-15,Mobile,Firefox,iOS,Referral,Australia,Delhi,Services,Contact,Yes,New Visitor,Yes,17,57,22,30,7241
3915,3915,ses3916,usd3916,2025-07-17,Mobile,Opera,iOS,Paid search,UK,Mumbai,Contact,Services,No,New Visitor,Yes,47,38,4,46,6139
3916,3916,ses3917,usd3917,2025-07-10,Desktop,Opera,Linux,Email marketing,Canada,Sydney,Blog,Products,No,Returning Visitor,No,18,52,12,34,379
3917,3917,ses3918,usd3918,2025-08-03,Desktop,Firefox,Windows,Direct,India,Delhi,Home,Contact,No,New Visitor,Yes,71,22,9,11,9779
3918,3918,ses3919,usd3919,2025-08-08,Tablet,Chrome,iOS,Referral,UK,Sydney,Products,Contact,Yes,Returning Visitor,No,70,14,4,17,4663
3919,3919,ses3920,usd3920,2025-08-07,Desktop,Safari,Windows,Direct,US,Mumbai,Pricing,Products,Yes,New Visitor,Yes,8,43,2,36,4927
3920,3920,ses3921,usd3921,2025-10-26,Desktop,Edge,Linux,Organic search,US,New York,Products,Products,No,New Visitor,No,15,49,20,37,8247
3921,3921,ses3922,usd3922,2025-11-02,Tablet,Safari,Linux,Email marketing,Australia,New York,Pricing,Contact,No,Returning Visitor,No,32,1,23,7,7305
3922,3922,ses3923,usd3923,2025-10-03,Desktop,Edge,Linux,Paid search,Australia,Sydney,About us,Products,Yes,New Visitor,Yes,4,11,14,24,8063
3923,3923,ses3924,usd3924,2025-08-15,Tablet,Edge,Linux,Referral,India,Delhi,Services,Pricing,No,Returning Visitor,Yes,40,50,11,6,1167
3924,3924,ses3925,usd3925,2025-05-29,Desktop,Firefox,MacOS,Organic search,Singapore,Singapore,Home,Services,No,Returning Visitor,Yes,76,10,22,24,796
3925,3925,ses3926,usd3926,2025-07-09,Tablet,Safari,iOS,Organic search,India,Mumbai,About us,Products,No,Returning Visitor,No,20,16,23,17,5599
3926,3926,ses3927,usd3927,2025-07-08,Mobile,Firefox,Android,Email marketing,India,Sydney,Services,Contact,No,Returning Visitor,No,42,53,9,22,1160
3927,3927,ses3928,usd3928,2025-11-03,Tablet,Firefox,Windows,Social media,Canada,Singapore,Contact,Contact,Yes,Returning Visitor,No,47,58,4,32,1275
3928,3928,ses3929,usd3929,2025-04-27,Desktop,Firefox,iOS,Direct,Canada,Sydney,About us,Home,No,Returning Visitor,Yes,75,52,10,30,6411
3929,3929,ses3930,usd3930,2025-08-31,Mobile,Safari,Linux,Paid search,Singapore,Chennai,Products,Contact,Yes,New Visitor,Yes,95,52,6,47,5433
3930,3930,ses3931,usd3931,2025-10-23,Mobile,Edge,MacOS,Direct,Canada,London,Blog,Home,Yes,Returning Visitor,No,31,26,18,9,7470
3931,3931,ses3932,usd3932,2025-10-17,Tablet,Edge,Linux,Referral,India,Singapore,Pricing,Products,No,New Visitor,No,69,35,21,46,6532
3932,3932,ses3933,usd3933,2025-12-21,Desktop,Firefox,MacOS,Email marketing,UK,Sydney,Login,Home,Yes,Returning Visitor,No,77,51,6,36,4561
3933,3933,ses3934,usd3934,2025-06-10,Tablet,Edge,Android,Paid search,US,Hyderabad,Contact,Blog,Yes,Returning Visitor,No,88,5,22,36,5516
3934,3934,ses3935,usd3935,2025-02-26,Tablet,Firefox,Linux,Direct,Singapore,Chennai,Blog,Services,No,Returning Visitor,Yes,82,9,18,6,2538
3935,3935,ses3936,usd3936,2025-11-29,Mobile,Opera,Windows,Email marketing,Singapore,Chennai,About us,Services,Yes,Returning Visitor,Yes,7,31,14,6,3105
3936,3936,ses3937,usd3937,2025-07-30,Tablet,Chrome,MacOS,Referral,Singapore,New York,Pricing,Blog,No,Returning Visitor,No,84,45,11,15,8333
3937,3937,ses3938,usd3938,2025-10-03,Mobile,Chrome,Android,Referral,Australia,Singapore,Products,Contact,Yes,Returning Visitor,Yes,3,36,4,44,5781
3938,3938,ses3939,usd3939,2025-07-08,Desktop,Edge,MacOS,Organic search,Canada,Singapore,Blog,Contact,No,Returning Visitor,No,66,10,12,22,9949
3939,3939,ses3940,usd3940,2025-08-17,Tablet,Firefox,Windows,Referral,US,London,Contact,Contact,Yes,New Visitor,Yes,22,49,21,5,315
3940,3940,ses3941,usd3941,2025-12-07,Tablet,Edge,Linux,Social media,US,Bangalore,Contact,Products,No,New Visitor,Yes,42,55,7,31,4276
3941,3941,ses3942,usd3942,2025-03-23,Tablet,Chrome,Android,Paid search,Canada,Hyderabad,About us,Services,No,Returning Visitor,No,66,47,14,39,6145
3942,3942,ses3943,usd3943,2025-10-06,Mobile,Chrome,Windows,Email marketing,Canada,Singapore,Login,Contact,No,New Visitor,Yes,76,43,4,33,222
3943,3943,ses3944,usd3944,2025-12-04,Mobile,Opera,Windows,Email marketing,Germany,Delhi,Contact,Blog,No,New Visitor,No,46,44,13,8,3304
3944,3944,ses3945,usd3945,2025-09-10,Desktop,Chrome,MacOS,Referral,Canada,New York,Login,Products,No,Returning Visitor,Yes,85,17,13,37,1948
3945,3945,ses3946,usd3946,2025-12-09,Tablet,Edge,Windows,Direct,Canada,Sydney,Blog,Contact,No,Returning Visitor,Yes,86,13,21,12,5727
3946,3946,ses3947,usd3947,2025-07-17,Tablet,Edge,MacOS,Organic search,Singapore,Chennai,About us,Contact,No,New Visitor,No,32,35,11,39,1156
3947,3947,ses3948,usd3948,2025-12-06,Tablet,Firefox,Linux,Referral,Australia,Singapore,Services,Products,No,New Visitor,Yes,49,30,12,42,5792
3948,3948,ses3949,usd3949,2025-03-09,Mobile,Opera,Linux,Referral,Germany,Mumbai,Contact,Contact,No,Returning Visitor,Yes,1,23,12,7,4076
3949,3949,ses3950,usd3950,2025-09-25,Mobile,Safari,MacOS,Email marketing,India,New York,About us,Services,No,Returning Visitor,Yes,69,22,1,20,6976
3950,3950,ses3951,usd3951,2025-08-01,Tablet,Safari,Windows,Referral,Australia,Sydney,Products,Home,No,New Visitor,Yes,41,4,5,3,4896
3951,3951,ses3952,usd3952,2025-09-29,Mobile,Opera,Linux,Referral,Germany,New York,Login,Contact,Yes,New Visitor,No,72,10,12,12,6476
3952,3952,ses3953,usd3953,2025-03-28,Tablet,Opera,Android,Social media,UK,Delhi,Login,Home,No,New Visitor,Yes,98,33,23,19,2293
3953,3953,ses3954,usd3954,2025-12-01,Desktop,Safari,MacOS,Referral,US,Hyderabad,Pricing,Contact,Yes,New Visitor,No,10,27,5,6,9085
3954,3954,ses3955,usd3955,2025-08-25,Desktop,Opera,iOS,Organic search,UK,Chennai,Contact,Blog,No,Returning Visitor,No,91,42,5,42,2007
3955,3955,ses3956,usd3956,2025-03-08,Tablet,Chrome,iOS,Referral,India,Chennai,Pricing,Pricing,Yes,New Visitor,No,6,47,9,25,5017
3956,3956,ses3957,usd3957,2025-12-04,Tablet,Edge,Linux,Referral,Australia,Delhi,Contact,Blog,Yes,Returning Visitor,No,21,44,15,49,4199
3957,3957,ses3958,usd3958,2025-08-10,Tablet,Edge,Windows,Email marketing,Germany,London,Blog,Home,Yes,New Visitor,No,4,18,12,43,5165
3958,3958,ses3959,usd3959,2025-08-01,Tablet,Firefox,Windows,Referral,Singapore,Bangalore,Blog,Services,Yes,New Visitor,No,12,46,18,12,9908
3959,3959,ses3960,usd3960,2025-02-13,Tablet,Edge,MacOS,Email marketing,Germany,Sydney,Pricing,Services,No,New Visitor,Yes,18,40,6,6,1395
3960,3960,ses3961,usd3961,2025-11-21,Mobile,Edge,Android,Paid search,US,New York,Pricing,Pricing,Yes,Returning Visitor,No,40,43,9,35,7677
3961,3961,ses3962,usd3962,2025-02-26,Mobile,Opera,iOS,Paid search,Australia,Sydney,Contact,Contact,Yes,Returning Visitor,No,35,16,21,33,7789
3962,3962,ses3963,usd3963,2025-01-17,Tablet,Opera,Windows,Direct,US,New York,Blog,Services,Yes,New Visitor,Yes,31,26,1,39,9972
3963,3963,ses3964,usd3964,2025-11-11,Desktop,Safari,MacOS,Direct,India,New York,Contact,Contact,No,Returning Visitor,Yes,57,23,9,39,4751
3964,3964,ses3965,usd3965,2025-09-04,Tablet,Chrome,Linux,Referral,Singapore,London,Services,Products,No,New Visitor,No,57,23,15,8,4056
3965,3965,ses3966,usd3966,2025-11-12,Mobile,Opera,Android,Organic search,Canada,Sydney,Contact,Contact,No,Returning Visitor,Yes,17,9,10,1,7885
3966,3966,ses3967,usd3967,2025-05-31,Mobile,Firefox,Linux,Organic search,Australia,Chennai,Pricing,Pricing,Yes,Returning Visitor,Yes,63,34,8,4,3320
3967,3967,ses3968,usd3968,2025-01-01,Tablet,Safari,Linux,Social media,Singapore,Chennai,Pricing,Blog,Yes,Returning Visitor,No,80,48,8,18,3809
3968,3968,ses3969,usd3969,2025-02-17,Desktop,Edge,Android,Organic search,Australia,Delhi,About us,Blog,No,Returning Visitor,Yes,60,38,5,30,3366
3969,3969,ses3970,usd3970,2025-08-22,Desktop,Edge,Linux,Referral,Canada,Hyderabad,Blog,Blog,Yes,Returning Visitor,No,57,18,16,26,8772
3970,3970,ses3971,usd3971,2025-03-28,Tablet,Opera,Android,Social media,Canada,Delhi,Blog,Blog,No,Returning Visitor,Yes,50,43,14,9,7943
3971,3971,ses3972,usd3972,2025-11-07,Tablet,Safari,Windows,Referral,Germany,Hyderabad,Login,Pricing,No,New Visitor,No,30,37,14,4,8053
3972,3972,ses3973,usd3973,2025-10-27,Tablet,Chrome,iOS,Direct,Australia,Chennai,Services,Contact,No,Returning Visitor,No,35,38,24,10,5151
3973,3973,ses3974,usd3974,2025-06-15,Mobile,Opera,MacOS,Direct,Singapore,London,Login,Products,Yes,New Visitor,Yes,49,20,24,29,4691
3974,3974,ses3975,usd3975,2025-12-10,Tablet,Chrome,Linux,Email marketing,Australia,Singapore,Services,Blog,Yes,New Visitor,No,17,25,24,42,472
3975,3975,ses3976,usd3976,2025-12-29,Mobile,Edge,iOS,Referral,Canada,New York,Home,Services,No,Returning Visitor,No,51,32,12,11,9678
3976,3976,ses3977,usd3977,2025-06-16,Desktop,Opera,Android,Organic search,Australia,Singapore,Home,Contact,Yes,New Visitor,No,80,31,12,38,7640
3977,3977,ses3978,usd3978,2025-03-25,Tablet,Edge,MacOS,Social media,UK,Mumbai,Home,Blog,No,Returning Visitor,No,15,33,17,14,6954
3978,3978,ses3979,usd3979,2025-06-30,Tablet,Edge,Linux,Organic search,UK,Singapore,Pricing,Home,No,Returning Visitor,No,28,11,2,13,7092
3979,3979,ses3980,usd3980,2025-02-01,Desktop,Safari,iOS,Organic search,US,Singapore,Blog,Products,No,New Visitor,Yes,93,38,16,22,671
3980,3980,ses3981,usd3981,2025-06-29,Mobile,Chrome,Linux,Social media,India,Singapore,Services,Products,No,New Visitor,Yes,27,51,21,46,4492
3981,3981,ses3982,usd3982,2025-02-01,Desktop,Opera,iOS,Organic search,India,Delhi,Pricing,Pricing,Yes,Returning Visitor,Yes,11,41,19,18,988
3982,3982,ses3983,usd3983,2025-11-05,Mobile,Edge,Windows,Social media,Germany,Delhi,Login,Products,No,New Visitor,No,51,4,20,47,5843
3983,3983,ses3984,usd3984,2025-07-27,Mobile,Edge,iOS,Social media,US,Singapore,Home,Contact,Yes,New Visitor,Yes,2,56,16,5,8247
3984,3984,ses3985,usd3985,2025-11-04,Desktop,Safari,Android,Social media,India,Delhi,Pricing,Products,No,Returning Visitor,Yes,5,35,6,1,9500
3985,3985,ses3986,usd3986,2025-04-26,Desktop,Edge,Windows,Email marketing,Australia,Hyderabad,Products,Home,No,New Visitor,No,27,38,24,14,8792
3986,3986,ses3987,usd3987,2025-05-31,Desktop,Safari,Windows,Social media,India,Singapore,About us,Products,No,New Visitor,Yes,61,37,23,30,3795
3987,3987,ses3988,usd3988,2025-12-02,Desktop,Firefox,Android,Direct,UK,Sydney,Login,Contact,Yes,Returning Visitor,Yes,6,7,6,14,6748
3988,3988,ses3989,usd3989,2025-08-13,Tablet,Edge,iOS,Referral,Germany,New York,Pricing,Contact,No,Returning Visitor,No,19,12,21,5,3202
3989,3989,ses3990,usd3990,2025-06-13,Desktop,Chrome,MacOS,Email marketing,Germany,Singapore,Products,Home,No,New Visitor,Yes,95,5,12,7,3452
3990,3990,ses3991,usd3991,2025-03-06,Tablet,Chrome,Android,Referral,India,Bangalore,Products,Services,No,Returning Visitor,Yes,71,44,17,38,1109
3991,3991,ses3992,usd3992,2025-04-16,Tablet,Edge,iOS,Social media,US,Bangalore,Blog,Products,No,Returning Visitor,No,26,43,1,41,985
3992,3992,ses3993,usd3993,2025-01-18,Tablet,Firefox,Windows,Referral,India,Singapore,Contact,Home,No,New Visitor,Yes,52,3,10,41,2079
3993,3993,ses3994,usd3994,2025-11-10,Mobile,Edge,Linux,Organic search,Singapore,New York,Contact,Home,Yes,Returning Visitor,Yes,44,15,9,12,4719
3994,3994,ses3995,usd3995,2025-03-19,Mobile,Opera,Android,Social media,Australia,Sydney,Pricing,Products,No,New Visitor,Yes,55,53,1,33,3905
3995,3995,ses3996,usd3996,2025-11-20,Tablet,Opera,iOS,Social media,Singapore,Delhi,Pricing,Contact,Yes,New Visitor,No,42,38,20,18,9486
3996,3996,ses3997,usd3997,2025-03-19,Mobile,Opera,Android,Email marketing,US,Singapore,About us,Home,No,Returning Visitor,No,85,43,20,18,7564
3997,3997,ses3998,usd3998,2025-08-26,Desktop,Edge,Linux,Paid search,Singapore,London,Services,Products,No,New Visitor,Yes,73,52,20,32,7718
3998,3998,ses3999,usd3999,2025-09-10,Desktop,Edge,Android,Referral,US,New York,Products,Contact,No,New Visitor,No,3,1,2,14,9016
3999,3999,ses4000,usd4000,2025-01-14,Tablet,Edge,Android,Direct,Australia,Bangalore,About us,Products,Yes,Returning Visitor,Yes,16,28,5,19,1502
4000,4000,ses4001,usd4001,2025-05-02,Tablet,Edge,Linux,Organic search,Singapore,Bangalore,Products,Contact,No,Returning Visitor,Yes,21,35,5,5,6251
4001,4001,ses4002,usd4002,2025-08-25,Tablet,Firefox,Windows,Referral,Australia,New York,Contact,Products,No,Returning Visitor,Yes,23,41,18,35,3026
4002,4002,ses4003,usd4003,2025-09-18,Desktop,Edge,Linux,Direct,US,Mumbai,Services,Services,Yes,Returning Visitor,No,61,3,16,11,9018
4003,4003,ses4004,usd4004,2025-06-02,Mobile,Safari,Linux,Organic search,Australia,Delhi,Home,Pricing,No,Returning Visitor,No,24,35,10,39,1842
4004,4004,ses4005,usd4005,2025-08-30,Desktop,Edge,iOS,Direct,UK,Delhi,Products,Home,Yes,New Visitor,No,36,8,24,11,7209
4005,4005,ses4006,usd4006,2025-12-17,Tablet,Edge,iOS,Organic search,Australia,Chennai,Home,Products,No,Returning Visitor,No,74,14,17,19,9156
4006,4006,ses4007,usd4007,2025-01-24,Desktop,Edge,Linux,Direct,UK,New York,Contact,Home,Yes,New Visitor,Yes,73,3,5,19,1720
4007,4007,ses4008,usd4008,2025-10-06,Desktop,Firefox,MacOS,Email marketing,Singapore,Singapore,Home,Blog,Yes,New Visitor,No,24,26,1,44,4039
4008,4008,ses4009,usd4009,2025-10-12,Desktop,Safari,MacOS,Social media,Canada,Chennai,Pricing,Services,Yes,New Visitor,No,17,6,23,46,7348
4009,4009,ses4010,usd4010,2025-12-05,Desktop,Chrome,Windows,Email marketing,Singapore,Mumbai,Pricing,Products,No,New Visitor,No,71,30,14,40,3164
4010,4010,ses4011,usd4011,2025-09-01,Tablet,Edge,Android,Email marketing,Canada,Bangalore,Blog,Blog,No,Returning Visitor,No,63,1,17,2,8211
4011,4011,ses4012,usd4012,2025-11-18,Desktop,Opera,Windows,Organic search,US,Delhi,Contact,Home,Yes,New Visitor,Yes,90,19,16,3,8469
4012,4012,ses4013,usd4013,2025-11-20,Desktop,Chrome,Windows,Referral,US,Singapore,About us,Services,Yes,New Visitor,No,83,16,24,34,6324
4013,4013,ses4014,usd4014,2025-03-11,Desktop,Safari,Android,Email marketing,India,Hyderabad,Products,Blog,No,New Visitor,Yes,96,54,1,45,5617
4014,4014,ses4015,usd4015,2025-06-02,Mobile,Chrome,iOS,Social media,Germany,Singapore,Home,Contact,No,Returning Visitor,No,97,31,1,19,7974
4015,4015,ses4016,usd4016,2025-01-08,Desktop,Firefox,Android,Email marketing,India,Chennai,Products,Products,No,New Visitor,No,4,53,9,43,177
4016,4016,ses4017,usd4017,2025-09-20,Desktop,Safari,iOS,Direct,Singapore,London,Login,Pricing,No,Returning Visitor,Yes,92,2,15,33,9433
4017,4017,ses4018,usd4018,2025-01-29,Desktop,Safari,Android,Organic search,Canada,Delhi,Contact,Contact,No,Returning Visitor,Yes,31,36,15,24,1351
4018,4018,ses4019,usd4019,2025-12-19,Desktop,Chrome,iOS,Social media,India,Bangalore,About us,Contact,Yes,Returning Visitor,Yes,92,8,24,28,9094
4019,4019,ses4020,usd4020,2025-11-01,Mobile,Opera,Android,Organic search,Canada,Singapore,Contact,Blog,No,New Visitor,Yes,91,45,10,6,9856
4020,4020,ses4021,usd4021,2025-03-09,Tablet,Edge,iOS,Email marketing,US,Bangalore,Pricing,Products,No,Returning Visitor,No,24,8,19,15,9545
4021,4021,ses4022,usd4022,2025-03-08,Desktop,Opera,Android,Organic search,Singapore,Chennai,Blog,Pricing,No,New Visitor,No,50,34,10,39,1218
4022,4022,ses4023,usd4023,2025-09-20,Desktop,Safari,Windows,Paid search,Canada,Bangalore,Home,Services,No,New Visitor,Yes,6,47,16,3,9012
4023,4023,ses4024,usd4024,2025-01-25,Tablet,Safari,Linux,Paid search,Australia,Delhi,Services,Contact,Yes,Returning Visitor,No,58,18,13,49,4092
4024,4024,ses4025,usd4025,2025-11-18,Desktop,Edge,iOS,Referral,Singapore,Bangalore,Pricing,Contact,Yes,Returning Visitor,Yes,12,31,15,40,3507
4025,4025,ses4026,usd4026,2025-10-13,Mobile,Opera,Android,Email marketing,US,London,Home,Home,Yes,New Visitor,No,83,29,19,49,6814
4026,4026,ses4027,usd4027,2025-06-27,Mobile,Safari,Linux,Paid search,India,Hyderabad,Home,Home,Yes,New Visitor,Yes,76,8,19,12,2443
4027,4027,ses4028,usd4028,2025-01-06,Desktop,Safari,Windows,Social media,Australia,New York,Services,Products,No,New Visitor,No,14,14,13,27,6592
4028,4028,ses4029,usd4029,2025-07-22,Desktop,Edge,Linux,Direct,UK,Sydney,Blog,Services,Yes,New Visitor,No,27,1,7,20,8948
4029,4029,ses4030,usd4030,2025-12-26,Mobile,Edge,MacOS,Direct,India,London,About us,Home,Yes,Returning Visitor,No,73,6,10,33,6584
4030,4030,ses4031,usd4031,2025-12-22,Mobile,Opera,Windows,Email marketing,Germany,Singapore,Blog,Contact,Yes,New Visitor,No,84,48,9,18,9782
4031,4031,ses4032,usd4032,2025-05-10,Tablet,Opera,Windows,Organic search,Canada,Hyderabad,Services,Services,No,Returning Visitor,No,95,41,17,5,3681
4032,4032,ses4033,usd4033,2025-02-01,Desktop,Safari,iOS,Direct,India,Delhi,Services,Blog,Yes,New Visitor,Yes,6,16,9,8,9322
4033,4033,ses4034,usd4034,2025-12-15,Mobile,Edge,Linux,Direct,India,Bangalore,About us,Blog,No,New Visitor,No,87,26,1,44,7911
4034,4034,ses4035,usd4035,2025-03-18,Tablet,Chrome,iOS,Social media,US,Bangalore,Pricing,Products,No,New Visitor,No,16,21,4,29,2836
4035,4035,ses4036,usd4036,2025-06-15,Desktop,Opera,MacOS,Social media,India,London,About us,Pricing,No,Returning Visitor,Yes,46,30,24,32,7113
4036,4036,ses4037,usd4037,2025-04-30,Tablet,Safari,Windows,Social media,Singapore,Sydney,Services,Contact,Yes,Returning Visitor,No,89,37,4,7,225
4037,4037,ses4038,usd4038,2025-08-20,Mobile,Chrome,Android,Referral,Canada,New York,Pricing,Contact,No,New Visitor,Yes,74,58,17,24,9248
4038,4038,ses4039,usd4039,2026-01-01,Tablet,Firefox,Android,Direct,Germany,Singapore,Products,Products,Yes,New Visitor,No,69,50,17,27,3607
4039,4039,ses4040,usd4040,2025-01-30,Tablet,Firefox,Android,Direct,Germany,Chennai,Products,Pricing,No,Returning Visitor,Yes,9,20,11,15,9800
4040,4040,ses4041,usd4041,2025-12-23,Desktop,Safari,iOS,Direct,US,London,Contact,Products,Yes,Returning Visitor,Yes,70,30,4,23,3038
4041,4041,ses4042,usd4042,2025-06-18,Tablet,Safari,Windows,Paid search,US,Delhi,Login,Services,Yes,New Visitor,No,70,16,22,2,3999
4042,4042,ses4043,usd4043,2025-02-27,Desktop,Firefox,iOS,Email marketing,Germany,Hyderabad,Products,Home,No,Returning Visitor,No,13,46,13,6,118
4043,4043,ses4044,usd4044,2025-07-25,Desktop,Chrome,Linux,Referral,India,Bangalore,Products,Services,Yes,Returning Visitor,No,78,4,17,4,3190
4044,4044,ses4045,usd4045,2025-05-14,Mobile,Firefox,Linux,Direct,UK,London,About us,Products,Yes,Returning Visitor,Yes,34,48,13,3,5860
4045,4045,ses4046,usd4046,2025-03-23,Desktop,Edge,Linux,Email marketing,Australia,Mumbai,Home,Contact,No,Returning Visitor,Yes,92,32,2,49,5939
4046,4046,ses4047,usd4047,2025-07-05,Mobile,Opera,Windows,Referral,Canada,Sydney,Pricing,Services,Yes,New Visitor,Yes,46,21,7,27,7864
4047,4047,ses4048,usd4048,2025-07-29,Tablet,Firefox,MacOS,Organic search,Singapore,Delhi,Home,Contact,No,Returning Visitor,No,84,33,12,32,8839
4048,4048,ses4049,usd4049,2025-02-09,Mobile,Edge,Windows,Social media,UK,New York,Login,Home,No,Returning Visitor,Yes,69,59,8,26,3417
4049,4049,ses4050,usd4050,2025-06-10,Mobile,Edge,Linux,Email marketing,Canada,Mumbai,Blog,Contact,Yes,New Visitor,No,59,17,11,4,497
4050,4050,ses4051,usd4051,2025-12-31,Mobile,Opera,iOS,Direct,Germany,Singapore,About us,Products,No,Returning Visitor,No,97,15,9,48,3789
4051,4051,ses4052,usd4052,2025-12-14,Tablet,Chrome,iOS,Paid search,UK,Singapore,Pricing,Services,Yes,Returning Visitor,Yes,12,43,7,38,7716
4052,4052,ses4053,usd4053,2025-11-26,Tablet,Opera,Android,Referral,Canada,London,Services,Blog,Yes,Returning Visitor,No,11,57,18,34,1090
4053,4053,ses4054,usd4054,2025-03-02,Tablet,Edge,iOS,Paid search,India,Mumbai,Login,Services,Yes,New Visitor,Yes,35,10,22,9,9984
4054,4054,ses4055,usd4055,2025-01-13,Mobile,Opera,Windows,Email marketing,Singapore,Mumbai,Pricing,Pricing,No,New Visitor,Yes,71,47,21,22,9880
4055,4055,ses4056,usd4056,2025-09-03,Tablet,Firefox,Android,Paid search,Australia,New York,Services,Products,No,New Visitor,No,49,42,18,11,2806
4056,4056,ses4057,usd4057,2025-12-20,Desktop,Safari,MacOS,Paid search,Singapore,Bangalore,Home,Contact,Yes,New Visitor,Yes,41,42,6,16,6876
4057,4057,ses4058,usd4058,2025-05-08,Desktop,Safari,Linux,Social media,India,London,Home,Contact,No,Returning Visitor,Yes,76,13,2,9,633
4058,4058,ses4059,usd4059,2025-03-21,Desktop,Safari,Linux,Paid search,Australia,Hyderabad,Blog,Products,No,Returning Visitor,Yes,50,21,19,27,1981
4059,4059,ses4060,usd4060,2025-06-18,Tablet,Opera,MacOS,Social media,Singapore,Delhi,Blog,Services,Yes,Returning Visitor,Yes,49,51,18,12,749
4060,4060,ses4061,usd4061,2025-06-04,Mobile,Firefox,Android,Paid search,Singapore,London,Pricing,Products,No,Returning Visitor,Yes,38,15,23,3,6130
4061,4061,ses4062,usd4062,2025-11-24,Mobile,Chrome,Linux,Direct,India,Singapore,Pricing,Products,Yes,Returning Visitor,Yes,39,2,20,19,3861
4062,4062,ses4063,usd4063,2025-11-29,Mobile,Opera,Windows,Referral,UK,Bangalore,Blog,Blog,Yes,New Visitor,Yes,38,25,10,9,7232
4063,4063,ses4064,usd4064,2025-08-23,Mobile,Edge,Linux,Social media,Australia,New York,Login,Blog,No,New Visitor,No,12,15,14,14,3420
4064,4064,ses4065,usd4065,2025-09-16,Tablet,Chrome,Windows,Social media,Australia,Hyderabad,Login,Services,No,Returning Visitor,No,28,48,17,1,1923
4065,4065,ses4066,usd4066,2025-04-09,Tablet,Chrome,Android,Email marketing,Germany,New York,About us,Services,No,New Visitor,No,35,39,5,24,7168
4066,4066,ses4067,usd4067,2025-02-15,Mobile,Edge,Linux,Paid search,US,Delhi,Services,Products,No,New Visitor,Yes,85,24,18,31,4424
4067,4067,ses4068,usd4068,2025-04-12,Desktop,Safari,MacOS,Social media,Canada,Sydney,Blog,Contact,No,Returning Visitor,No,4,12,11,23,4757
4068,4068,ses4069,usd4069,2025-06-23,Tablet,Chrome,MacOS,Paid search,Canada,New York,Services,Home,No,New Visitor,Yes,75,42,11,49,1893
4069,4069,ses4070,usd4070,2025-08-04,Mobile,Firefox,MacOS,Direct,US,Mumbai,Contact,Blog,No,Returning Visitor,Yes,76,22,1,11,601
4070,4070,ses4071,usd4071,2025-07-06,Desktop,Chrome,Android,Email marketing,India,Delhi,Home,Contact,Yes,Returning Visitor,No,8,43,19,35,4512
4071,4071,ses4072,usd4072,2025-02-23,Desktop,Chrome,Windows,Referral,Australia,Mumbai,Login,Products,No,Returning Visitor,No,23,7,23,12,7143
4072,4072,ses4073,usd4073,2025-01-03,Tablet,Edge,Linux,Email marketing,Canada,London,Pricing,Contact,Yes,New Visitor,No,59,19,8,19,4306
4073,4073,ses4074,usd4074,2025-02-04,Desktop,Firefox,iOS,Email marketing,US,Hyderabad,Contact,Contact,Yes,Returning Visitor,No,30,1,14,34,9996
4074,4074,ses4075,usd4075,2025-02-16,Tablet,Firefox,Android,Paid search,Singapore,New York,About us,Home,Yes,Returning Visitor,No,55,11,16,13,5814
4075,4075,ses4076,usd4076,2025-05-10,Desktop,Chrome,Android,Social media,Australia,Mumbai,Services,Pricing,No,New Visitor,No,86,20,14,24,6973
4076,4076,ses4077,usd4077,2025-03-10,Tablet,Chrome,iOS,Referral,Singapore,Singapore,Products,Contact,Yes,New Visitor,No,54,41,5,10,2274
4077,4077,ses4078,usd4078,2025-09-10,Tablet,Opera,iOS,Email marketing,Australia,Singapore,Services,Contact,No,Returning Visitor,Yes,37,12,3,2,2585
4078,4078,ses4079,usd4079,2025-10-06,Tablet,Chrome,MacOS,Direct,Singapore,Delhi,Products,Products,Yes,New Visitor,Yes,57,2,22,17,2945
4079,4079,ses4080,usd4080,2025-07-26,Desktop,Chrome,MacOS,Referral,Australia,Bangalore,Home,Services,No,New Visitor,No,5,20,5,34,2553
4080,4080,ses4081,usd4081,2025-03-11,Mobile,Chrome,Android,Referral,US,Delhi,Blog,Home,Yes,Returning Visitor,Yes,91,6,6,42,5168
4081,4081,ses4082,usd4082,2025-01-11,Tablet,Safari,Windows,Email marketing,UK,Delhi,Login,Pricing,Yes,Returning Visitor,No,7,48,15,39,2847
4082,4082,ses4083,usd4083,2025-04-25,Mobile,Chrome,MacOS,Direct,US,Hyderabad,Home,Contact,Yes,Returning Visitor,No,52,7,4,32,9870
4083,4083,ses4084,usd4084,2025-06-23,Tablet,Firefox,Android,Paid search,Canada,Bangalore,Contact,Services,No,New Visitor,No,7,37,7,37,5782
4084,4084,ses4085,usd4085,2025-07-27,Tablet,Edge,Android,Email marketing,Germany,London,Home,Products,No,Returning Visitor,No,31,6,5,44,5769
4085,4085,ses4086,usd4086,2025-03-29,Tablet,Safari,MacOS,Email marketing,Singapore,Hyderabad,Login,Contact,No,Returning Visitor,Yes,32,48,9,19,2225
4086,4086,ses4087,usd4087,2025-05-31,Tablet,Safari,Linux,Direct,Australia,New York,Login,Blog,Yes,New Visitor,No,32,40,17,15,38
4087,4087,ses4088,usd4088,2025-07-21,Desktop,Chrome,iOS,Paid search,Germany,Delhi,Pricing,Contact,No,Returning Visitor,No,88,40,3,45,2355
4088,4088,ses4089,usd4089,2025-12-08,Mobile,Chrome,Android,Referral,Australia,New York,Products,Contact,Yes,New Visitor,Yes,87,21,24,25,4342
4089,4089,ses4090,usd4090,2025-10-17,Tablet,Firefox,Android,Paid search,US,Mumbai,Products,Services,No,New Visitor,No,79,35,5,14,8401
4090,4090,ses4091,usd4091,2025-06-28,Desktop,Opera,MacOS,Social media,Australia,Delhi,Products,Services,No,New Visitor,No,78,21,13,33,888
4091,4091,ses4092,usd4092,2025-01-13,Mobile,Safari,MacOS,Direct,Germany,Mumbai,Pricing,Services,Yes,Returning Visitor,Yes,15,5,8,25,9636
4092,4092,ses4093,usd4093,2025-05-29,Desktop,Edge,Windows,Organic search,Canada,Bangalore,Services,Products,No,New Visitor,No,65,33,19,4,76
4093,4093,ses4094,usd4094,2025-01-15,Mobile,Safari,Windows,Email marketing,Australia,Bangalore,Blog,Products,Yes,Returning Visitor,Yes,52,17,21,17,2159
4094,4094,ses4095,usd4095,2025-04-03,Desktop,Edge,MacOS,Direct,Singapore,Sydney,Home,Home,Yes,Returning Visitor,No,69,47,13,18,4550
4095,4095,ses4096,usd4096,2025-09-16,Desktop,Opera,MacOS,Direct,Canada,Mumbai,About us,Home,No,Returning Visitor,No,80,48,7,21,2611
4096,4096,ses4097,usd4097,2025-08-10,Tablet,Safari,Windows,Paid search,Germany,Chennai,Login,Products,No,New Visitor,No,81,54,7,22,3617
4097,4097,ses4098,usd4098,2025-10-06,Tablet,Opera,Windows,Email marketing,India,Hyderabad,Pricing,Products,No,Returning Visitor,Yes,52,3,5,42,5054
4098,4098,ses4099,usd4099,2025-07-11,Tablet,Edge,MacOS,Email marketing,Germany,Hyderabad,Services,Contact,Yes,Returning Visitor,No,58,1,3,19,7061
4099,4099,ses4100,usd4100,2025-07-02,Tablet,Firefox,MacOS,Direct,India,New York,Pricing,Home,Yes,Returning Visitor,Yes,8,43,2,31,1589
4100,4100,ses4101,usd4101,2025-01-07,Desktop,Chrome,Linux,Email marketing,UK,Sydney,Pricing,Contact,No,Returning Visitor,Yes,22,43,14,35,4793
4101,4101,ses4102,usd4102,2025-11-25,Tablet,Safari,iOS,Direct,Australia,Singapore,Services,Contact,Yes,New Visitor,Yes,22,46,18,48,9463
4102,4102,ses4103,usd4103,2025-04-13,Desktop,Chrome,iOS,Paid search,India,Mumbai,Home,Pricing,No,New Visitor,Yes,73,49,10,19,7498
4103,4103,ses4104,usd4104,2025-07-23,Desktop,Safari,Linux,Paid search,Canada,Hyderabad,Contact,Home,No,New Visitor,Yes,19,43,15,48,5721
4104,4104,ses4105,usd4105,2025-05-08,Tablet,Safari,MacOS,Referral,Singapore,Hyderabad,Pricing,Services,Yes,Returning Visitor,No,61,9,21,7,722
4105,4105,ses4106,usd4106,2025-01-25,Tablet,Chrome,Windows,Social media,US,London,Login,Blog,No,Returning Visitor,Yes,44,27,16,28,252
4106,4106,ses4107,usd4107,2025-08-22,Desktop,Chrome,Windows,Social media,US,New York,Services,Blog,No,New Visitor,No,41,3,17,47,2450
4107,4107,ses4108,usd4108,2025-07-20,Desktop,Edge,MacOS,Direct,Australia,Chennai,Pricing,Blog,Yes,Returning Visitor,No,78,46,19,20,1786
4108,4108,ses4109,usd4109,2025-02-13,Tablet,Safari,Windows,Direct,UK,Hyderabad,Pricing,Products,Yes,Returning Visitor,No,28,55,3,4,5168
4109,4109,ses4110,usd4110,2025-01-06,Mobile,Safari,Windows,Referral,Australia,Sydney,Login,Products,No,Returning Visitor,Yes,27,34,2,30,5644
4110,4110,ses4111,usd4111,2025-09-03,Tablet,Chrome,iOS,Direct,India,Chennai,Contact,Services,No,Returning Visitor,Yes,21,48,22,47,8292
4111,4111,ses4112,usd4112,2025-04-06,Desktop,Firefox,Android,Referral,India,Delhi,About us,Blog,No,New Visitor,Yes,19,37,22,8,8167
4112,4112,ses4113,usd4113,2025-11-25,Mobile,Opera,MacOS,Organic search,UK,Bangalore,Services,Pricing,Yes,New Visitor,Yes,67,5,11,32,6352
4113,4113,ses4114,usd4114,2025-10-10,Mobile,Opera,iOS,Referral,Germany,Mumbai,Products,Services,No,New Visitor,Yes,3,18,7,23,2134
4114,4114,ses4115,usd4115,2025-08-02,Desktop,Opera,iOS,Social media,Canada,New York,Login,Pricing,No,New Visitor,No,84,7,23,42,6864
4115,4115,ses4116,usd4116,2025-06-04,Desktop,Firefox,Windows,Organic search,UK,London,Login,Services,Yes,Returning Visitor,Yes,29,33,10,26,2816
4116,4116,ses4117,usd4117,2025-05-15,Desktop,Safari,Linux,Organic search,Singapore,Hyderabad,About us,Pricing,Yes,New Visitor,Yes,34,34,14,17,158
4117,4117,ses4118,usd4118,2025-04-09,Desktop,Chrome,iOS,Direct,Canada,Singapore,Products,Blog,Yes,New Visitor,No,43,9,1,1,1311
4118,4118,ses4119,usd4119,2025-11-26,Desktop,Safari,Android,Paid search,Germany,New York,Blog,Blog,No,Returning Visitor,Yes,74,50,19,5,7491
4119,4119,ses4120,usd4120,2025-08-21,Mobile,Opera,iOS,Paid search,US,Mumbai,Home,Home,Yes,Returning Visitor,No,93,44,1,5,9808
4120,4120,ses4121,usd4121,2025-12-05,Tablet,Edge,MacOS,Social media,US,Sydney,Login,Services,Yes,New Visitor,No,23,3,5,1,9449
4121,4121,ses4122,usd4122,2025-02-07,Tablet,Chrome,iOS,Email marketing,Singapore,Delhi,Contact,Contact,No,New Visitor,No,8,21,2,3,3374
4122,4122,ses4123,usd4123,2025-12-02,Mobile,Safari,Linux,Organic search,Germany,New York,Contact,Contact,Yes,New Visitor,Yes,41,38,23,11,5862
4123,4123,ses4124,usd4124,2025-04-09,Mobile,Firefox,Android,Direct,Australia,Chennai,Blog,Products,No,New Visitor,Yes,23,59,4,45,8287
4124,4124,ses4125,usd4125,2025-07-29,Mobile,Chrome,Windows,Direct,Canada,Delhi,Home,Products,No,Returning Visitor,No,37,24,22,14,9945
4125,4125,ses4126,usd4126,2025-12-07,Mobile,Edge,Android,Referral,Australia,Sydney,Services,Home,Yes,New Visitor,Yes,49,22,20,2,1350
4126,4126,ses4127,usd4127,2025-06-22,Desktop,Firefox,Windows,Organic search,Australia,Sydney,Products,Services,No,New Visitor,No,68,43,1,38,2733
4127,4127,ses4128,usd4128,2025-01-04,Tablet,Safari,Android,Paid search,US,Delhi,Login,Blog,No,Returning Visitor,No,12,30,20,46,928
4128,4128,ses4129,usd4129,2025-03-22,Tablet,Safari,Android,Referral,Canada,New York,Home,Pricing,No,New Visitor,Yes,24,58,16,43,1920
4129,4129,ses4130,usd4130,2025-10-09,Desktop,Firefox,Windows,Email marketing,UK,Singapore,Blog,Home,Yes,Returning Visitor,No,61,24,20,29,2520
4130,4130,ses4131,usd4131,2025-06-13,Tablet,Edge,iOS,Referral,Germany,Mumbai,Pricing,Blog,Yes,Returning Visitor,No,46,49,15,27,1769
4131,4131,ses4132,usd4132,2025-11-18,Tablet,Firefox,Android,Direct,UK,Delhi,About us,Services,Yes,New Visitor,No,98,31,15,13,6126
4132,4132,ses4133,usd4133,2025-02-11,Desktop,Safari,Android,Organic search,Canada,New York,Blog,Services,No,New Visitor,No,85,47,18,45,8206
4133,4133,ses4134,usd4134,2025-02-26,Desktop,Edge,MacOS,Direct,Australia,Hyderabad,Home,Contact,Yes,New Visitor,Yes,33,18,11,4,3357
4134,4134,ses4135,usd4135,2025-12-27,Desktop,Firefox,MacOS,Paid search,US,Mumbai,Products,Contact,No,Returning Visitor,No,33,39,24,8,6055
4135,4135,ses4136,usd4136,2025-12-31,Tablet,Safari,Android,Organic search,Canada,Sydney,About us,Pricing,Yes,New Visitor,No,41,8,5,41,5971
4136,4136,ses4137,usd4137,2025-03-01,Desktop,Opera,iOS,Email marketing,India,Delhi,Pricing,Pricing,Yes,New Visitor,Yes,82,6,15,29,6709
4137,4137,ses4138,usd4138,2025-07-24,Tablet,Edge,iOS,Organic search,UK,Bangalore,Blog,Contact,No,Returning Visitor,Yes,91,22,22,26,6434
4138,4138,ses4139,usd4139,2025-03-06,Desktop,Edge,MacOS,Direct,Singapore,New York,Products,Pricing,No,Returning Visitor,No,82,9,12,46,3325
4139,4139,ses4140,usd4140,2025-10-14,Desktop,Firefox,iOS,Social media,Germany,Chennai,Blog,Blog,Yes,Returning Visitor,No,58,46,10,19,7366
4140,4140,ses4141,usd4141,2025-03-06,Mobile,Opera,Linux,Social media,India,Mumbai,About us,Pricing,No,New Visitor,Yes,60,29,5,16,4639
4141,4141,ses4142,usd4142,2025-09-10,Tablet,Edge,Android,Email marketing,Germany,Sydney,Services,Contact,No,Returning Visitor,Yes,18,43,1,38,4109
4142,4142,ses4143,usd4143,2025-11-22,Tablet,Firefox,Android,Email marketing,Germany,Hyderabad,Home,Home,Yes,New Visitor,Yes,35,12,13,15,1390
4143,4143,ses4144,usd4144,2025-06-03,Tablet,Edge,Linux,Social media,Canada,New York,Blog,Blog,No,New Visitor,Yes,5,35,19,20,6302
4144,4144,ses4145,usd4145,2025-12-05,Mobile,Safari,MacOS,Referral,Australia,Chennai,Home,Pricing,Yes,Returning Visitor,No,92,20,12,9,9434
4145,4145,ses4146,usd4146,2025-06-22,Mobile,Edge,Linux,Paid search,Canada,London,About us,Products,No,Returning Visitor,No,8,6,10,14,5419
4146,4146,ses4147,usd4147,2025-09-18,Tablet,Firefox,MacOS,Social media,US,Delhi,Services,Products,No,New Visitor,No,32,39,20,16,401
4147,4147,ses4148,usd4148,2025-11-20,Tablet,Edge,Windows,Email marketing,UK,Chennai,Services,Products,No,New Visitor,No,88,44,19,9,4991
4148,4148,ses4149,usd4149,2025-01-19,Tablet,Firefox,Linux,Referral,US,Sydney,About us,Contact,No,Returning Visitor,Yes,37,50,11,15,7286
4149,4149,ses4150,usd4150,2025-06-01,Mobile,Firefox,Android,Referral,Germany,Sydney,Services,Pricing,Yes,Returning Visitor,Yes,50,40,18,32,4229
4150,4150,ses4151,usd4151,2025-10-29,Desktop,Safari,Android,Social media,India,Mumbai,Services,Services,Yes,New Visitor,No,88,48,5,24,983
4151,4151,ses4152,usd4152,2025-02-03,Tablet,Chrome,MacOS,Direct,Germany,Chennai,About us,Pricing,No,Returning Visitor,No,67,51,9,47,6114
4152,4152,ses4153,usd4153,2025-01-27,Desktop,Firefox,iOS,Email marketing,Canada,Singapore,Login,Home,Yes,Returning Visitor,No,39,24,14,35,3970
4153,4153,ses4154,usd4154,2025-09-26,Tablet,Edge,iOS,Email marketing,Australia,Mumbai,Home,Blog,Yes,New Visitor,Yes,14,2,4,35,3079
4154,4154,ses4155,usd4155,2025-09-12,Tablet,Edge,Linux,Email marketing,Canada,Chennai,Login,Products,Yes,New Visitor,Yes,95,25,11,21,7420
4155,4155,ses4156,usd4156,2025-11-28,Mobile,Chrome,MacOS,Paid search,India,London,Login,Contact,No,Returning Visitor,No,35,44,22,32,2816
4156,4156,ses4157,usd4157,2025-09-06,Tablet,Safari,iOS,Email marketing,Singapore,Chennai,Login,Contact,Yes,Returning Visitor,No,94,40,16,11,2531
4157,4157,ses4158,usd4158,2025-07-04,Mobile,Opera,iOS,Email marketing,Germany,Bangalore,About us,Blog,No,New Visitor,Yes,84,13,12,38,6590
4158,4158,ses4159,usd4159,2025-07-11,Mobile,Firefox,Linux,Email marketing,Canada,Bangalore,About us,Blog,Yes,New Visitor,No,13,23,8,39,1263
4159,4159,ses4160,usd4160,2025-11-16,Tablet,Firefox,MacOS,Email marketing,UK,London,About us,Contact,Yes,Returning Visitor,No,58,44,15,35,6950
4160,4160,ses4161,usd4161,2025-02-01,Tablet,Opera,Linux,Referral,Singapore,Delhi,Pricing,Home,Yes,New Visitor,No,35,22,2,49,9997
4161,4161,ses4162,usd4162,2025-07-20,Tablet,Chrome,MacOS,Direct,Australia,Hyderabad,Login,Pricing,Yes,Returning Visitor,No,3,2,6,38,1173
4162,4162,ses4163,usd4163,2025-09-21,Tablet,Opera,MacOS,Referral,UK,Delhi,Contact,Blog,Yes,Returning Visitor,No,61,56,12,27,342
4163,4163,ses4164,usd4164,2025-11-13,Desktop,Firefox,Linux,Email marketing,Singapore,London,Services,Products,No,Returning Visitor,No,82,27,1,46,2004
4164,4164,ses4165,usd4165,2025-10-02,Mobile,Opera,Windows,Referral,Germany,London,Pricing,Home,Yes,Returning Visitor,Yes,20,7,22,13,6407
4165,4165,ses4166,usd4166,2025-05-06,Desktop,Chrome,iOS,Paid search,India,Singapore,Pricing,Services,No,New Visitor,No,11,36,3,16,1730
4166,4166,ses4167,usd4167,2025-09-15,Desktop,Edge,Android,Referral,UK,Bangalore,Pricing,Blog,Yes,Returning Visitor,No,2,27,2,49,2989
4167,4167,ses4168,usd4168,2025-12-01,Mobile,Opera,Windows,Social media,India,Chennai,Products,Services,No,New Visitor,Yes,58,35,14,34,6225
4168,4168,ses4169,usd4169,2025-11-14,Desktop,Safari,Android,Social media,Canada,London,Home,Products,Yes,Returning Visitor,No,72,56,3,39,230
4169,4169,ses4170,usd4170,2025-04-05,Mobile,Chrome,Linux,Email marketing,Singapore,New York,Blog,Contact,No,New Visitor,Yes,86,17,21,12,9255
4170,4170,ses4171,usd4171,2025-11-02,Tablet,Opera,Android,Paid search,India,Singapore,Services,Contact,No,New Visitor,No,68,33,23,30,2460
4171,4171,ses4172,usd4172,2025-12-31,Mobile,Firefox,Linux,Paid search,Singapore,Bangalore,Pricing,Contact,Yes,New Visitor,No,97,29,20,9,6963
4172,4172,ses4173,usd4173,2025-07-08,Desktop,Firefox,Android,Referral,Canada,New York,About us,Products,No,New Visitor,No,52,29,20,41,3423
4173,4173,ses4174,usd4174,2025-09-08,Desktop,Opera,Windows,Organic search,Australia,Chennai,Home,Home,Yes,New Visitor,No,45,30,16,8,2516
4174,4174,ses4175,usd4175,2025-05-01,Tablet,Firefox,MacOS,Direct,Singapore,Chennai,Products,Products,No,New Visitor,No,53,56,14,28,1754
4175,4175,ses4176,usd4176,2025-02-20,Mobile,Firefox,MacOS,Social media,Canada,Hyderabad,Services,Blog,No,New Visitor,Yes,14,14,1,45,9406
4176,4176,ses4177,usd4177,2025-08-21,Mobile,Firefox,iOS,Paid search,Germany,Singapore,Home,Products,No,Returning Visitor,No,55,19,5,2,730
4177,4177,ses4178,usd4178,2025-05-11,Desktop,Safari,Windows,Direct,India,Chennai,About us,Contact,Yes,New Visitor,No,63,43,20,35,1423
4178,4178,ses4179,usd4179,2025-04-09,Tablet,Edge,iOS,Organic search,India,Delhi,Login,Services,Yes,Returning Visitor,No,94,56,23,4,6151
4179,4179,ses4180,usd4180,2025-12-21,Tablet,Firefox,MacOS,Organic search,UK,Bangalore,Pricing,Services,Yes,New Visitor,No,27,45,24,43,7882
4180,4180,ses4181,usd4181,2025-04-10,Desktop,Edge,iOS,Social media,Australia,Sydney,Home,Pricing,Yes,New Visitor,No,5,33,11,29,4180
4181,4181,ses4182,usd4182,2025-09-16,Desktop,Chrome,iOS,Email marketing,UK,New York,Services,Blog,No,Returning Visitor,No,58,50,11,8,4684
4182,4182,ses4183,usd4183,2025-11-18,Mobile,Chrome,Android,Email marketing,India,New York,Contact,Contact,No,New Visitor,No,41,57,19,13,2435
4183,4183,ses4184,usd4184,2025-10-22,Desktop,Safari,Linux,Email marketing,UK,Mumbai,Contact,Home,No,New Visitor,No,66,8,6,12,6932
4184,4184,ses4185,usd4185,2025-08-11,Tablet,Chrome,Android,Email marketing,US,Delhi,About us,Home,Yes,Returning Visitor,Yes,92,5,19,1,6907
4185,4185,ses4186,usd4186,2025-05-09,Mobile,Opera,Linux,Referral,Germany,Mumbai,Services,Products,Yes,New Visitor,No,7,9,17,12,3388
4186,4186,ses4187,usd4187,2025-05-10,Tablet,Edge,iOS,Social media,Germany,Delhi,Services,Pricing,Yes,New Visitor,No,1,13,1,44,4661
4187,4187,ses4188,usd4188,2025-03-14,Desktop,Edge,MacOS,Paid search,Canada,Bangalore,About us,Products,Yes,Returning Visitor,Yes,48,40,8,2,1883
4188,4188,ses4189,usd4189,2025-03-04,Mobile,Edge,MacOS,Email marketing,UK,Bangalore,Pricing,Pricing,Yes,New Visitor,Yes,84,2,15,25,7592
4189,4189,ses4190,usd4190,2025-06-24,Tablet,Opera,Android,Paid search,Canada,London,Products,Blog,Yes,Returning Visitor,No,27,46,14,43,3296
4190,4190,ses4191,usd4191,2025-02-09,Mobile,Chrome,iOS,Email marketing,Canada,Sydney,Contact,Contact,No,Returning Visitor,No,5,49,14,11,7894
4191,4191,ses4192,usd4192,2025-02-26,Desktop,Opera,Windows,Referral,India,Delhi,Home,Blog,Yes,New Visitor,Yes,37,11,3,16,6713
4192,4192,ses4193,usd4193,2025-03-16,Tablet,Opera,Android,Paid search,Germany,Sydney,Login,Blog,Yes,Returning Visitor,No,46,11,8,18,517
4193,4193,ses4194,usd4194,2025-02-22,Desktop,Safari,iOS,Organic search,India,New York,Contact,Contact,Yes,New Visitor,No,21,32,16,27,3633
4194,4194,ses4195,usd4195,2025-05-16,Tablet,Firefox,iOS,Email marketing,UK,Chennai,Services,Contact,Yes,New Visitor,No,53,48,3,38,7520
4195,4195,ses4196,usd4196,2025-10-08,Mobile,Edge,iOS,Paid search,Singapore,Chennai,Products,Services,No,New Visitor,Yes,49,44,23,29,2853
4196,4196,ses4197,usd4197,2025-05-19,Desktop,Firefox,Linux,Organic search,Singapore,Mumbai,Login,Home,Yes,New Visitor,No,34,5,8,42,7762
4197,4197,ses4198,usd4198,2025-09-23,Desktop,Safari,Windows,Social media,India,London,Services,Products,No,New Visitor,Yes,2,3,18,38,8450
4198,4198,ses4199,usd4199,2025-08-28,Tablet,Chrome,Windows,Organic search,Germany,Chennai,Blog,Blog,No,Returning Visitor,Yes,50,33,13,9,3578
4199,4199,ses4200,usd4200,2025-09-20,Mobile,Chrome,Linux,Organic search,India,London,Contact,Products,No,Returning Visitor,No,22,10,12,37,2944
4200,4200,ses4201,usd4201,2025-05-06,Tablet,Firefox,Android,Referral,US,Hyderabad,Login,Contact,No,New Visitor,No,54,29,1,20,326
4201,4201,ses4202,usd4202,2025-10-25,Desktop,Safari,Windows,Social media,Canada,Sydney,Blog,Blog,No,Returning Visitor,Yes,83,56,14,27,7438
4202,4202,ses4203,usd4203,2025-10-06,Tablet,Opera,MacOS,Social media,US,Hyderabad,Products,Contact,Yes,New Visitor,No,66,33,22,20,7383
4203,4203,ses4204,usd4204,2025-11-10,Mobile,Opera,Linux,Organic search,Canada,Bangalore,Login,Contact,Yes,Returning Visitor,No,88,41,23,41,6446
4204,4204,ses4205,usd4205,2025-09-11,Tablet,Firefox,MacOS,Direct,US,New York,Contact,Contact,No,Returning Visitor,No,29,57,9,26,4259
4205,4205,ses4206,usd4206,2025-04-04,Mobile,Safari,iOS,Organic search,UK,London,Services,Pricing,No,Returning Visitor,No,51,42,3,15,2337
4206,4206,ses4207,usd4207,2025-06-29,Desktop,Chrome,Windows,Social media,Singapore,Delhi,Contact,Blog,No,New Visitor,No,37,12,6,45,7402
4207,4207,ses4208,usd4208,2025-01-28,Mobile,Chrome,iOS,Direct,UK,Bangalore,Blog,Pricing,Yes,New Visitor,No,32,23,9,14,683
4208,4208,ses4209,usd4209,2025-01-20,Desktop,Firefox,Windows,Social media,India,New York,Contact,Pricing,Yes,New Visitor,Yes,90,57,19,40,3151
4209,4209,ses4210,usd4210,2025-06-26,Mobile,Firefox,MacOS,Referral,US,Bangalore,Products,Contact,No,New Visitor,No,92,46,2,38,9816
4210,4210,ses4211,usd4211,2025-08-19,Mobile,Edge,Windows,Social media,US,Bangalore,Contact,Contact,Yes,Returning Visitor,No,32,32,15,14,4598
4211,4211,ses4212,usd4212,2025-06-18,Tablet,Edge,Windows,Organic search,UK,Hyderabad,Contact,Products,No,New Visitor,No,32,30,14,17,4603
4212,4212,ses4213,usd4213,2025-02-06,Tablet,Edge,Android,Email marketing,Germany,Chennai,Contact,Services,No,New Visitor,Yes,25,3,6,8,2282
4213,4213,ses4214,usd4214,2025-11-08,Tablet,Opera,MacOS,Social media,UK,Hyderabad,Products,Pricing,No,Returning Visitor,No,61,24,6,6,91
4214,4214,ses4215,usd4215,2025-05-19,Tablet,Edge,Linux,Paid search,UK,London,Contact,Pricing,No,New Visitor,Yes,46,2,7,9,1950
4215,4215,ses4216,usd4216,2025-09-26,Tablet,Safari,iOS,Social media,UK,London,Products,Pricing,No,Returning Visitor,No,60,49,17,5,3851
4216,4216,ses4217,usd4217,2025-04-01,Mobile,Chrome,Android,Direct,US,Delhi,Products,Contact,No,Returning Visitor,Yes,12,54,2,12,1634
4217,4217,ses4218,usd4218,2025-11-15,Mobile,Firefox,Windows,Paid search,Germany,Delhi,Pricing,Contact,Yes,New Visitor,Yes,15,42,14,8,6316
4218,4218,ses4219,usd4219,2025-04-09,Mobile,Safari,Android,Direct,Singapore,New York,About us,Products,No,New Visitor,Yes,89,25,12,15,2256
4219,4219,ses4220,usd4220,2025-11-15,Tablet,Chrome,Linux,Referral,US,Bangalore,Contact,Home,Yes,New Visitor,No,36,41,10,35,1374
4220,4220,ses4221,usd4221,2025-05-20,Desktop,Chrome,Windows,Organic search,Canada,Mumbai,Products,Blog,No,New Visitor,No,76,57,5,39,73
4221,4221,ses4222,usd4222,2025-10-07,Tablet,Edge,MacOS,Referral,Australia,New York,Products,Contact,No,Returning Visitor,No,84,55,17,34,119
4222,4222,ses4223,usd4223,2025-05-07,Mobile,Opera,Windows,Social media,Australia,Chennai,Contact,Pricing,No,Returning Visitor,No,86,56,9,19,5224
4223,4223,ses4224,usd4224,2025-02-22,Mobile,Chrome,MacOS,Social media,Canada,Sydney,Products,Services,No,New Visitor,Yes,97,26,7,44,4772
4224,4224,ses4225,usd4225,2025-03-08,Mobile,Firefox,Linux,Organic search,Singapore,Bangalore,Login,Products,Yes,Returning Visitor,No,44,32,21,45,4417
4225,4225,ses4226,usd4226,2025-04-09,Tablet,Edge,Android,Email marketing,Australia,Sydney,Login,Contact,No,Returning Visitor,Yes,96,16,7,6,4603
4226,4226,ses4227,usd4227,2025-08-10,Mobile,Firefox,Android,Direct,UK,Singapore,Services,Contact,No,Returning Visitor,Yes,81,4,5,2,3653
4227,4227,ses4228,usd4228,2025-08-25,Mobile,Chrome,iOS,Organic search,Canada,Bangalore,Products,Contact,Yes,Returning Visitor,No,64,33,21,18,786
4228,4228,ses4229,usd4229,2025-11-19,Tablet,Edge,Android,Email marketing,Australia,New York,Login,Contact,Yes,New Visitor,No,77,20,16,45,3291
4229,4229,ses4230,usd4230,2025-02-09,Tablet,Opera,Android,Organic search,India,Hyderabad,About us,Home,Yes,Returning Visitor,Yes,59,52,15,22,9246
4230,4230,ses4231,usd4231,2025-02-21,Desktop,Opera,Android,Referral,Germany,Delhi,Blog,Products,No,New Visitor,Yes,60,42,6,14,254
4231,4231,ses4232,usd4232,2025-11-22,Mobile,Opera,Windows,Referral,Singapore,London,About us,Products,Yes,Returning Visitor,No,17,29,7,10,6712
4232,4232,ses4233,usd4233,2025-08-25,Tablet,Opera,MacOS,Direct,Singapore,New York,Login,Contact,Yes,New Visitor,No,14,39,13,47,5680
4233,4233,ses4234,usd4234,2025-05-07,Desktop,Chrome,MacOS,Direct,US,Hyderabad,Login,Contact,No,New Visitor,No,1,13,10,17,4765
4234,4234,ses4235,usd4235,2025-03-05,Tablet,Safari,MacOS,Social media,UK,Bangalore,Blog,Services,No,Returning Visitor,Yes,80,14,19,4,5302
4235,4235,ses4236,usd4236,2025-11-24,Desktop,Opera,Windows,Organic search,Germany,New York,About us,Products,No,Returning Visitor,Yes,49,4,13,34,3103
4236,4236,ses4237,usd4237,2025-06-15,Desktop,Safari,Android,Social media,Germany,Chennai,About us,Contact,No,New Visitor,No,66,12,12,20,2891
4237,4237,ses4238,usd4238,2025-03-30,Tablet,Firefox,Windows,Paid search,UK,New York,Blog,Services,Yes,New Visitor,Yes,48,1,20,47,9263
4238,4238,ses4239,usd4239,2025-05-24,Mobile,Edge,MacOS,Social media,Canada,Sydney,Home,Contact,No,New Visitor,Yes,62,44,15,20,6812
4239,4239,ses4240,usd4240,2025-02-12,Desktop,Edge,Windows,Social media,UK,London,Services,Contact,Yes,Returning Visitor,No,70,38,2,24,9167
4240,4240,ses4241,usd4241,2025-10-08,Tablet,Edge,Windows,Direct,Germany,Bangalore,Services,Services,No,New Visitor,No,53,9,10,22,5079
4241,4241,ses4242,usd4242,2025-09-02,Desktop,Firefox,Windows,Direct,UK,Singapore,Pricing,Contact,No,Returning Visitor,Yes,86,22,3,24,5356
4242,4242,ses4243,usd4243,2025-12-24,Desktop,Edge,Android,Direct,India,Mumbai,Home,Contact,No,Returning Visitor,No,84,41,15,15,5314
4243,4243,ses4244,usd4244,2025-05-10,Mobile,Opera,Windows,Direct,US,Mumbai,Pricing,Contact,Yes,Returning Visitor,No,56,54,18,15,7093
4244,4244,ses4245,usd4245,2025-12-22,Tablet,Chrome,Linux,Organic search,Canada,Chennai,Blog,Contact,No,New Visitor,No,3,16,22,41,4430
4245,4245,ses4246,usd4246,2025-12-15,Tablet,Chrome,Windows,Direct,Germany,Chennai,Pricing,Contact,Yes,Returning Visitor,No,57,31,2,6,7671
4246,4246,ses4247,usd4247,2026-01-01,Tablet,Safari,Linux,Referral,Singapore,Bangalore,About us,Home,No,Returning Visitor,No,57,59,17,49,4400
4247,4247,ses4248,usd4248,2025-10-29,Desktop,Chrome,Android,Email marketing,US,Delhi,Login,Contact,No,New Visitor,Yes,89,52,12,6,9671
4248,4248,ses4249,usd4249,2025-11-20,Tablet,Firefox,iOS,Organic search,Singapore,New York,Contact,Contact,Yes,Returning Visitor,No,78,32,17,3,1585
4249,4249,ses4250,usd4250,2025-10-02,Tablet,Chrome,iOS,Social media,India,Hyderabad,Home,Pricing,No,Returning Visitor,No,92,28,14,10,2971
4250,4250,ses4251,usd4251,2025-04-29,Desktop,Firefox,Windows,Referral,Canada,Delhi,Blog,Contact,No,Returning Visitor,Yes,46,51,15,9,5139
4251,4251,ses4252,usd4252,2025-06-16,Desktop,Firefox,MacOS,Social media,Germany,Delhi,About us,Home,No,Returning Visitor,No,4,49,11,18,9868
4252,4252,ses4253,usd4253,2025-07-28,Mobile,Safari,Android,Referral,Germany,Bangalore,Products,Contact,Yes,New Visitor,Yes,69,18,6,35,5434
4253,4253,ses4254,usd4254,2025-07-28,Tablet,Edge,Linux,Direct,Singapore,Singapore,Login,Contact,Yes,Returning Visitor,Yes,4,23,20,2,8054
4254,4254,ses4255,usd4255,2025-02-25,Mobile,Opera,iOS,Social media,Germany,Delhi,Contact,Products,No,New Visitor,No,10,50,5,39,3128
4255,4255,ses4256,usd4256,2025-07-09,Mobile,Opera,Android,Direct,US,Mumbai,Home,Pricing,No,New Visitor,No,38,20,5,34,9500
4256,4256,ses4257,usd4257,2025-05-31,Mobile,Firefox,iOS,Direct,Germany,London,Home,Pricing,Yes,Returning Visitor,No,61,59,10,37,5817
4257,4257,ses4258,usd4258,2025-08-26,Desktop,Firefox,MacOS,Organic search,US,Bangalore,About us,Blog,Yes,Returning Visitor,No,72,19,9,39,6192
4258,4258,ses4259,usd4259,2025-09-19,Mobile,Firefox,iOS,Direct,Germany,New York,Contact,Services,Yes,New Visitor,Yes,84,45,7,47,2384
4259,4259,ses4260,usd4260,2025-09-01,Desktop,Chrome,Windows,Referral,Singapore,Delhi,Pricing,Contact,No,New Visitor,No,35,6,1,31,6825
4260,4260,ses4261,usd4261,2025-07-09,Desktop,Chrome,Android,Paid search,Australia,Chennai,Contact,Blog,Yes,New Visitor,Yes,31,6,22,29,3026
4261,4261,ses4262,usd4262,2025-11-28,Desktop,Safari,iOS,Referral,Australia,New York,About us,Services,Yes,Returning Visitor,No,24,33,24,25,998
4262,4262,ses4263,usd4263,2025-08-14,Tablet,Chrome,Android,Referral,India,Hyderabad,Pricing,Services,No,Returning Visitor,No,60,42,4,7,72
4263,4263,ses4264,usd4264,2025-03-13,Desktop,Opera,Windows,Referral,Germany,Chennai,Contact,Services,No,Returning Visitor,Yes,65,1,18,42,5044
4264,4264,ses4265,usd4265,2025-09-16,Mobile,Safari,MacOS,Email marketing,Germany,New York,Login,Products,No,New Visitor,Yes,32,32,9,18,3
4265,4265,ses4266,usd4266,2025-03-27,Mobile,Edge,Linux,Direct,UK,Delhi,Services,Contact,Yes,Returning Visitor,Yes,85,40,20,20,5919
4266,4266,ses4267,usd4267,2025-11-29,Desktop,Opera,Linux,Email marketing,Germany,London,Products,Contact,Yes,New Visitor,Yes,16,13,10,10,8661
4267,4267,ses4268,usd4268,2025-11-27,Desktop,Safari,MacOS,Social media,India,Mumbai,Blog,Blog,Yes,New Visitor,No,75,14,4,39,1094
4268,4268,ses4269,usd4269,2025-11-02,Mobile,Chrome,Windows,Paid search,UK,Chennai,Home,Pricing,No,New Visitor,No,99,20,3,33,8370
4269,4269,ses4270,usd4270,2025-05-21,Tablet,Edge,Windows,Email marketing,Germany,Hyderabad,Products,Contact,No,New Visitor,No,35,43,18,24,2049
4270,4270,ses4271,usd4271,2025-09-27,Mobile,Chrome,Windows,Email marketing,Singapore,Hyderabad,Products,Services,Yes,New Visitor,Yes,31,8,4,29,338
4271,4271,ses4272,usd4272,2025-03-04,Tablet,Edge,Linux,Referral,US,Hyderabad,Products,Products,No,New Visitor,No,8,9,24,35,8331
4272,4272,ses4273,usd4273,2025-04-09,Tablet,Safari,Windows,Direct,UK,Delhi,Services,Blog,No,Returning Visitor,No,79,17,22,41,3976
4273,4273,ses4274,usd4274,2025-01-18,Mobile,Opera,MacOS,Referral,Australia,Sydney,About us,Home,No,New Visitor,No,55,46,2,21,461
4274,4274,ses4275,usd4275,2025-01-02,Desktop,Safari,iOS,Referral,Singapore,Chennai,About us,Products,No,Returning Visitor,No,28,36,2,11,4422
4275,4275,ses4276,usd4276,2025-08-05,Mobile,Chrome,Android,Direct,Singapore,Bangalore,Services,Services,No,Returning Visitor,Yes,12,4,7,10,9768
4276,4276,ses4277,usd4277,2025-04-07,Mobile,Firefox,Android,Social media,Germany,Delhi,About us,Contact,Yes,Returning Visitor,Yes,15,24,12,37,1906
4277,4277,ses4278,usd4278,2025-03-31,Desktop,Chrome,Android,Organic search,Singapore,Mumbai,About us,Contact,Yes,Returning Visitor,Yes,38,38,5,25,7836
4278,4278,ses4279,usd4279,2025-04-30,Tablet,Opera,iOS,Referral,Germany,Bangalore,Services,Products,No,Returning Visitor,Yes,48,57,23,9,9869
4279,4279,ses4280,usd4280,2025-06-30,Mobile,Edge,Windows,Social media,India,Chennai,Services,Contact,Yes,Returning Visitor,Yes,60,20,21,19,2464
4280,4280,ses4281,usd4281,2025-07-26,Desktop,Firefox,iOS,Direct,UK,Sydney,Services,Services,Yes,Returning Visitor,Yes,62,3,22,26,8638
4281,4281,ses4282,usd4282,2025-05-25,Tablet,Firefox,Android,Paid search,Australia,Chennai,Contact,Blog,Yes,Returning Visitor,Yes,88,53,2,47,5351
4282,4282,ses4283,usd4283,2025-09-17,Tablet,Opera,Android,Organic search,UK,Hyderabad,Blog,Products,Yes,Returning Visitor,No,12,35,13,24,6808
4283,4283,ses4284,usd4284,2025-11-24,Mobile,Safari,Android,Email marketing,Australia,Mumbai,Blog,Blog,No,New Visitor,Yes,32,59,8,32,6701
4284,4284,ses4285,usd4285,2025-02-02,Tablet,Safari,Android,Email marketing,Germany,Singapore,Services,Home,Yes,New Visitor,Yes,16,21,17,24,9529
4285,4285,ses4286,usd4286,2025-06-02,Desktop,Safari,Android,Organic search,Germany,Chennai,Contact,Contact,No,New Visitor,No,7,1,2,37,5609
4286,4286,ses4287,usd4287,2025-05-18,Mobile,Firefox,Linux,Social media,India,Singapore,Login,Contact,No,Returning Visitor,No,3,23,18,5,1408
4287,4287,ses4288,usd4288,2025-09-08,Desktop,Edge,iOS,Direct,Singapore,Chennai,Products,Home,Yes,New Visitor,No,37,46,16,20,8954
4288,4288,ses4289,usd4289,2025-05-14,Mobile,Opera,MacOS,Direct,Singapore,Singapore,Pricing,Blog,No,Returning Visitor,Yes,91,52,20,2,5875
4289,4289,ses4290,usd4290,2025-02-24,Desktop,Safari,Linux,Direct,Singapore,Chennai,Pricing,Home,Yes,New Visitor,Yes,75,5,19,13,5350
4290,4290,ses4291,usd4291,2025-07-26,Mobile,Firefox,Linux,Referral,UK,Singapore,Services,Contact,Yes,Returning Visitor,No,55,54,3,9,1421
4291,4291,ses4292,usd4292,2025-12-17,Mobile,Opera,iOS,Direct,Australia,London,Contact,Products,Yes,Returning Visitor,No,96,4,14,17,3148
4292,4292,ses4293,usd4293,2025-12-23,Desktop,Firefox,Linux,Paid search,Germany,Singapore,Services,Services,No,New Visitor,Yes,8,13,4,44,148
4293,4293,ses4294,usd4294,2025-07-17,Mobile,Chrome,Windows,Social media,Canada,Hyderabad,About us,Contact,Yes,New Visitor,No,30,4,14,3,7847
4294,4294,ses4295,usd4295,2025-04-04,Mobile,Chrome,Windows,Social media,India,Singapore,Pricing,Contact,No,New Visitor,No,40,44,22,28,5516
4295,4295,ses4296,usd4296,2025-06-28,Mobile,Firefox,iOS,Email marketing,UK,Singapore,Products,Pricing,Yes,New Visitor,Yes,86,32,12,21,1951
4296,4296,ses4297,usd4297,2025-02-19,Tablet,Chrome,MacOS,Direct,India,Hyderabad,Pricing,Home,No,Returning Visitor,No,4,52,8,46,7887
4297,4297,ses4298,usd4298,2025-09-09,Mobile,Chrome,iOS,Organic search,UK,Bangalore,Contact,Services,Yes,Returning Visitor,No,17,45,6,13,3083
4298,4298,ses4299,usd4299,2025-11-06,Desktop,Safari,iOS,Email marketing,Canada,Hyderabad,Home,Products,Yes,Returning Visitor,Yes,73,14,2,47,1480
4299,4299,ses4300,usd4300,2025-01-04,Tablet,Firefox,MacOS,Social media,Singapore,Singapore,Pricing,Products,No,New Visitor,No,78,7,2,24,5234
4300,4300,ses4301,usd4301,2025-01-16,Desktop,Safari,iOS,Direct,India,New York,Pricing,Home,Yes,New Visitor,No,34,59,24,29,6580
4301,4301,ses4302,usd4302,2025-05-21,Mobile,Firefox,Linux,Direct,Canada,London,Login,Home,Yes,New Visitor,Yes,87,9,18,26,2564
4302,4302,ses4303,usd4303,2025-10-14,Tablet,Opera,iOS,Social media,UK,Sydney,About us,Home,No,New Visitor,No,10,20,7,44,8847
4303,4303,ses4304,usd4304,2025-05-25,Mobile,Chrome,Android,Referral,Germany,Singapore,Pricing,Blog,Yes,Returning Visitor,Yes,37,34,10,38,9967
4304,4304,ses4305,usd4305,2025-09-21,Desktop,Safari,Windows,Email marketing,UK,Chennai,Services,Contact,Yes,New Visitor,Yes,63,57,1,26,6302
4305,4305,ses4306,usd4306,2025-07-24,Mobile,Edge,Windows,Organic search,US,Bangalore,Home,Contact,Yes,Returning Visitor,Yes,44,54,6,24,949
4306,4306,ses4307,usd4307,2025-04-01,Desktop,Firefox,Linux,Organic search,Australia,Chennai,Login,Contact,No,New Visitor,No,48,43,24,10,4733
4307,4307,ses4308,usd4308,2025-05-29,Tablet,Safari,MacOS,Direct,Germany,Sydney,Pricing,Blog,No,New Visitor,No,5,43,4,48,9855
4308,4308,ses4309,usd4309,2025-05-10,Tablet,Opera,MacOS,Paid search,US,Delhi,Login,Contact,Yes,New Visitor,No,61,10,11,48,4713
4309,4309,ses4310,usd4310,2025-07-23,Mobile,Safari,Linux,Paid search,India,London,Pricing,Contact,Yes,New Visitor,No,49,19,1,15,2760
4310,4310,ses4311,usd4311,2025-10-29,Mobile,Opera,MacOS,Referral,Australia,Bangalore,Pricing,Contact,Yes,Returning Visitor,No,90,22,8,1,2597
4311,4311,ses4312,usd4312,2025-08-24,Desktop,Firefox,Linux,Direct,Germany,Mumbai,Contact,Home,Yes,New Visitor,Yes,18,31,6,27,3245
4312,4312,ses4313,usd4313,2025-03-11,Desktop,Safari,Linux,Social media,Germany,Singapore,Services,Contact,No,Returning Visitor,Yes,42,6,7,14,4364
4313,4313,ses4314,usd4314,2025-04-04,Tablet,Edge,Android,Referral,Canada,London,Contact,Contact,Yes,New Visitor,No,61,38,23,27,4587
4314,4314,ses4315,usd4315,2025-04-06,Tablet,Firefox,Android,Referral,US,Chennai,Pricing,Home,Yes,Returning Visitor,No,91,3,17,13,9707
4315,4315,ses4316,usd4316,2026-01-01,Desktop,Edge,Windows,Organic search,India,Chennai,About us,Pricing,No,Returning Visitor,No,44,36,1,36,9642
4316,4316,ses4317,usd4317,2025-07-25,Mobile,Firefox,Windows,Paid search,Germany,London,Blog,Services,Yes,Returning Visitor,No,29,15,6,37,1711
4317,4317,ses4318,usd4318,2025-12-10,Mobile,Firefox,Linux,Email marketing,India,New York,Blog,Contact,No,New Visitor,Yes,19,18,13,5,3636
4318,4318,ses4319,usd4319,2025-08-22,Desktop,Chrome,iOS,Social media,Singapore,Chennai,Products,Home,No,Returning Visitor,Yes,93,38,20,44,5796
4319,4319,ses4320,usd4320,2025-05-23,Mobile,Firefox,MacOS,Email marketing,Singapore,Bangalore,Blog,Contact,Yes,New Visitor,No,39,22,7,3,749
4320,4320,ses4321,usd4321,2025-09-08,Desktop,Chrome,Linux,Direct,US,Chennai,Home,Contact,Yes,New Visitor,No,40,5,10,18,7191
4321,4321,ses4322,usd4322,2025-03-18,Desktop,Opera,Windows,Direct,India,London,Pricing,Home,No,Returning Visitor,Yes,39,38,19,10,2811
4322,4322,ses4323,usd4323,2025-08-28,Desktop,Opera,iOS,Direct,Australia,Delhi,Products,Pricing,No,Returning Visitor,No,24,36,14,46,5729
4323,4323,ses4324,usd4324,2025-09-12,Mobile,Edge,Linux,Organic search,US,London,Services,Contact,Yes,Returning Visitor,Yes,34,47,10,17,4902
4324,4324,ses4325,usd4325,2025-08-26,Mobile,Safari,Windows,Email marketing,India,Bangalore,Services,Blog,Yes,Returning Visitor,No,15,18,12,48,5545
4325,4325,ses4326,usd4326,2025-08-28,Mobile,Safari,Linux,Referral,US,Delhi,Blog,Services,Yes,New Visitor,No,48,33,12,18,4987
4326,4326,ses4327,usd4327,2025-01-22,Tablet,Safari,Android,Direct,Singapore,London,Blog,Blog,Yes,New Visitor,No,52,26,1,37,419
4327,4327,ses4328,usd4328,2025-11-13,Mobile,Opera,Linux,Email marketing,Germany,New York,Pricing,Contact,Yes,New Visitor,Yes,81,37,10,24,1599
4328,4328,ses4329,usd4329,2025-02-03,Tablet,Chrome,Linux,Paid search,Australia,Singapore,Blog,Home,No,Returning Visitor,Yes,93,40,9,39,8603
4329,4329,ses4330,usd4330,2025-06-11,Tablet,Chrome,MacOS,Organic search,Canada,London,About us,Pricing,No,Returning Visitor,Yes,57,7,15,34,7713
4330,4330,ses4331,usd4331,2025-04-15,Desktop,Edge,MacOS,Organic search,UK,Chennai,Services,Pricing,Yes,Returning Visitor,Yes,13,20,15,12,3212
4331,4331,ses4332,usd4332,2025-07-08,Tablet,Safari,Windows,Referral,Canada,Mumbai,Login,Pricing,No,New Visitor,No,37,33,1,37,9986
4332,4332,ses4333,usd4333,2025-01-02,Mobile,Opera,Android,Social media,Canada,New York,Login,Services,No,Returning Visitor,Yes,91,18,6,21,8811
4333,4333,ses4334,usd4334,2025-03-23,Mobile,Chrome,iOS,Direct,Singapore,Chennai,Contact,Contact,No,Returning Visitor,Yes,61,10,10,29,524
4334,4334,ses4335,usd4335,2025-09-10,Tablet,Chrome,Windows,Organic search,UK,Delhi,Blog,Home,No,New Visitor,No,4,10,24,13,2121
4335,4335,ses4336,usd4336,2025-02-19,Tablet,Chrome,MacOS,Organic search,US,New York,Pricing,Contact,Yes,Returning Visitor,No,68,35,14,44,1592
4336,4336,ses4337,usd4337,2025-12-12,Desktop,Opera,iOS,Paid search,Canada,Singapore,Pricing,Services,No,Returning Visitor,No,4,30,16,41,9985
4337,4337,ses4338,usd4338,2025-06-19,Tablet,Edge,MacOS,Organic search,Singapore,Delhi,About us,Home,Yes,New Visitor,No,48,55,14,13,614
4338,4338,ses4339,usd4339,2025-06-11,Desktop,Opera,Android,Email marketing,Germany,Chennai,Blog,Home,Yes,New Visitor,Yes,52,3,11,29,7135
4339,4339,ses4340,usd4340,2025-09-23,Tablet,Chrome,iOS,Paid search,US,New York,Services,Blog,Yes,New Visitor,No,91,9,17,28,3754
4340,4340,ses4341,usd4341,2025-07-16,Mobile,Firefox,iOS,Paid search,Canada,London,Services,Products,Yes,Returning Visitor,Yes,68,35,4,18,5942
4341,4341,ses4342,usd4342,2025-01-10,Desktop,Edge,Windows,Direct,Australia,London,Pricing,Contact,Yes,Returning Visitor,No,15,48,17,46,8928
4342,4342,ses4343,usd4343,2025-09-03,Mobile,Safari,Android,Email marketing,India,Delhi,Services,Home,No,New Visitor,No,23,27,22,5,5503
4343,4343,ses4344,usd4344,2025-05-31,Desktop,Firefox,Linux,Organic search,Singapore,Sydney,Pricing,Services,No,Returning Visitor,Yes,76,55,5,49,5192
4344,4344,ses4345,usd4345,2025-01-13,Mobile,Chrome,Linux,Organic search,Australia,Sydney,Pricing,Services,Yes,New Visitor,Yes,44,6,15,39,8080
4345,4345,ses4346,usd4346,2025-07-28,Desktop,Opera,Linux,Paid search,Singapore,Chennai,Blog,Pricing,Yes,Returning Visitor,No,73,52,8,49,840
4346,4346,ses4347,usd4347,2025-01-27,Desktop,Safari,Windows,Paid search,Singapore,Chennai,Contact,Blog,No,Returning Visitor,Yes,44,11,9,46,3810
4347,4347,ses4348,usd4348,2025-11-29,Desktop,Firefox,Windows,Paid search,Australia,London,About us,Services,No,Returning Visitor,No,4,26,24,30,8317
4348,4348,ses4349,usd4349,2025-05-30,Mobile,Firefox,MacOS,Referral,India,Chennai,Products,Contact,Yes,New Visitor,No,40,14,10,34,691
4349,4349,ses4350,usd4350,2025-07-12,Desktop,Edge,Linux,Social media,US,New York,Home,Pricing,No,New Visitor,Yes,7,22,15,17,941
4350,4350,ses4351,usd4351,2025-06-25,Mobile,Edge,Android,Organic search,UK,Bangalore,Pricing,Contact,No,Returning Visitor,No,37,42,12,40,5100
4351,4351,ses4352,usd4352,2025-01-09,Mobile,Edge,Windows,Referral,UK,Bangalore,Blog,Pricing,Yes,New Visitor,No,40,8,15,31,4839
4352,4352,ses4353,usd4353,2025-03-23,Desktop,Opera,MacOS,Direct,Germany,Hyderabad,Home,Home,Yes,New Visitor,No,61,52,17,35,9080
4353,4353,ses4354,usd4354,2025-03-29,Mobile,Opera,MacOS,Referral,Germany,Hyderabad,Products,Home,No,New Visitor,No,89,38,22,26,5113
4354,4354,ses4355,usd4355,2025-12-03,Mobile,Firefox,iOS,Referral,Germany,Singapore,Pricing,Blog,No,New Visitor,Yes,88,53,11,1,2027
4355,4355,ses4356,usd4356,2025-03-20,Desktop,Firefox,iOS,Email marketing,Singapore,Bangalore,Services,Products,Yes,Returning Visitor,No,38,3,4,44,5741
4356,4356,ses4357,usd4357,2025-10-19,Mobile,Firefox,MacOS,Email marketing,India,Chennai,Services,Contact,Yes,Returning Visitor,Yes,40,34,4,3,3610
4357,4357,ses4358,usd4358,2025-09-04,Desktop,Edge,MacOS,Organic search,UK,Hyderabad,Login,Blog,No,New Visitor,No,66,46,11,45,6091
4358,4358,ses4359,usd4359,2025-07-07,Desktop,Safari,Android,Referral,Australia,Chennai,Pricing,Blog,No,Returning Visitor,No,35,11,4,19,8098
4359,4359,ses4360,usd4360,2025-07-06,Tablet,Chrome,iOS,Referral,India,Chennai,Contact,Contact,No,Returning Visitor,No,52,18,21,37,6593
4360,4360,ses4361,usd4361,2025-05-29,Desktop,Edge,iOS,Paid search,Singapore,London,Login,Blog,Yes,Returning Visitor,No,93,40,8,47,704
4361,4361,ses4362,usd4362,2025-08-17,Desktop,Opera,Windows,Social media,Singapore,London,Login,Pricing,Yes,Returning Visitor,Yes,7,48,19,38,3975
4362,4362,ses4363,usd4363,2025-01-24,Mobile,Safari,Android,Paid search,UK,New York,Pricing,Contact,Yes,New Visitor,No,21,35,22,13,4764
4363,4363,ses4364,usd4364,2025-04-23,Tablet,Opera,iOS,Organic search,US,Hyderabad,Blog,Products,No,Returning Visitor,Yes,81,22,17,46,9439
4364,4364,ses4365,usd4365,2025-05-08,Tablet,Firefox,Windows,Organic search,India,Chennai,Services,Blog,No,New Visitor,No,75,36,1,12,9491
4365,4365,ses4366,usd4366,2025-09-03,Desktop,Opera,Windows,Direct,India,New York,Pricing,Contact,No,New Visitor,Yes,10,25,1,33,7747
4366,4366,ses4367,usd4367,2025-08-21,Desktop,Chrome,iOS,Direct,Canada,Sydney,Blog,Products,No,Returning Visitor,Yes,25,54,24,23,1780
4367,4367,ses4368,usd4368,2025-11-13,Tablet,Edge,Android,Paid search,UK,Singapore,Blog,Products,No,Returning Visitor,Yes,97,48,13,20,2029
4368,4368,ses4369,usd4369,2025-06-07,Tablet,Opera,Android,Paid search,Germany,Sydney,Home,Contact,Yes,Returning Visitor,Yes,72,20,19,20,8698
4369,4369,ses4370,usd4370,2025-08-08,Mobile,Opera,Android,Direct,Canada,Sydney,Services,Contact,Yes,New Visitor,No,40,4,23,19,7551
4370,4370,ses4371,usd4371,2025-01-11,Mobile,Safari,Android,Social media,India,Singapore,Login,Pricing,No,New Visitor,Yes,24,21,1,39,9559
4371,4371,ses4372,usd4372,2025-06-05,Tablet,Chrome,iOS,Paid search,Singapore,Sydney,Login,Blog,No,Returning Visitor,No,69,16,10,10,8754
4372,4372,ses4373,usd4373,2025-05-12,Tablet,Firefox,iOS,Social media,India,Singapore,Login,Home,Yes,New Visitor,Yes,92,53,3,20,5298
4373,4373,ses4374,usd4374,2025-12-02,Desktop,Edge,Android,Paid search,UK,Sydney,About us,Home,Yes,New Visitor,Yes,12,41,9,22,4962
4374,4374,ses4375,usd4375,2025-01-24,Mobile,Chrome,Windows,Direct,Singapore,Hyderabad,Login,Services,Yes,Returning Visitor,No,37,26,13,18,4209
4375,4375,ses4376,usd4376,2025-08-05,Desktop,Safari,iOS,Email marketing,Australia,Singapore,Pricing,Home,Yes,Returning Visitor,No,70,49,7,15,1686
4376,4376,ses4377,usd4377,2025-09-11,Mobile,Opera,Linux,Email marketing,Canada,New York,Login,Products,Yes,New Visitor,No,41,32,7,20,9134
4377,4377,ses4378,usd4378,2025-08-30,Tablet,Safari,iOS,Organic search,US,New York,Products,Products,Yes,Returning Visitor,Yes,64,4,23,24,8144
4378,4378,ses4379,usd4379,2025-11-06,Desktop,Chrome,iOS,Referral,US,New York,About us,Blog,No,Returning Visitor,No,10,16,4,47,3559
4379,4379,ses4380,usd4380,2025-06-26,Mobile,Edge,iOS,Email marketing,UK,Bangalore,Pricing,Blog,Yes,Returning Visitor,Yes,50,28,4,4,2724
4380,4380,ses4381,usd4381,2025-01-29,Tablet,Firefox,Linux,Email marketing,India,New York,Products,Services,No,Returning Visitor,No,41,3,3,12,4560
4381,4381,ses4382,usd4382,2025-07-10,Desktop,Safari,Android,Email marketing,Singapore,Singapore,Pricing,Blog,No,New Visitor,No,98,24,16,39,7553
4382,4382,ses4383,usd4383,2025-05-29,Tablet,Chrome,MacOS,Paid search,Australia,Delhi,Home,Products,Yes,Returning Visitor,Yes,35,43,8,2,6529
4383,4383,ses4384,usd4384,2025-11-22,Mobile,Edge,Windows,Organic search,Australia,Hyderabad,Home,Home,No,Returning Visitor,Yes,3,16,22,10,6589
4384,4384,ses4385,usd4385,2025-04-23,Mobile,Opera,Android,Email marketing,Singapore,Bangalore,Products,Blog,Yes,New Visitor,Yes,18,22,14,20,9426
4385,4385,ses4386,usd4386,2025-05-04,Desktop,Firefox,iOS,Social media,Canada,Hyderabad,About us,Home,Yes,Returning Visitor,Yes,25,45,20,13,7006
4386,4386,ses4387,usd4387,2025-07-12,Desktop,Safari,Linux,Social media,India,Hyderabad,Pricing,Contact,No,Returning Visitor,No,29,43,21,37,2620
4387,4387,ses4388,usd4388,2025-03-12,Mobile,Opera,iOS,Organic search,US,London,Services,Pricing,Yes,New Visitor,Yes,56,29,7,42,3517
4388,4388,ses4389,usd4389,2025-06-05,Mobile,Firefox,iOS,Referral,India,Singapore,Blog,Home,No,Returning Visitor,Yes,64,54,14,2,7252
4389,4389,ses4390,usd4390,2025-02-28,Tablet,Opera,Windows,Email marketing,US,Mumbai,Blog,Services,No,New Visitor,No,33,51,12,48,5265
4390,4390,ses4391,usd4391,2025-04-11,Tablet,Firefox,MacOS,Organic search,Germany,Delhi,Pricing,Contact,No,New Visitor,Yes,81,53,11,26,3248
4391,4391,ses4392,usd4392,2025-07-17,Mobile,Opera,Linux,Paid search,Australia,Singapore,Login,Home,Yes,New Visitor,Yes,39,56,18,49,3114
4392,4392,ses4393,usd4393,2025-05-09,Desktop,Edge,iOS,Social media,US,London,Services,Contact,Yes,Returning Visitor,No,33,20,24,5,9992
4393,4393,ses4394,usd4394,2025-06-23,Mobile,Chrome,iOS,Social media,US,Hyderabad,Blog,Contact,No,Returning Visitor,No,63,59,3,2,919
4394,4394,ses4395,usd4395,2025-03-23,Mobile,Firefox,Windows,Referral,India,Singapore,Blog,Services,Yes,New Visitor,No,6,37,1,37,2578
4395,4395,ses4396,usd4396,2025-06-21,Desktop,Firefox,iOS,Referral,US,Chennai,Products,Pricing,Yes,New Visitor,Yes,41,3,7,22,9221
4396,4396,ses4397,usd4397,2025-05-24,Desktop,Firefox,Linux,Social media,Australia,Delhi,Blog,Contact,Yes,New Visitor,Yes,25,29,22,15,9598
4397,4397,ses4398,usd4398,2025-03-19,Tablet,Opera,Android,Social media,Australia,Singapore,About us,Products,Yes,Returning Visitor,Yes,67,14,11,33,6956
4398,4398,ses4399,usd4399,2025-10-27,Mobile,Firefox,Android,Direct,India,London,Pricing,Blog,Yes,Returning Visitor,Yes,38,48,15,47,3841
4399,4399,ses4400,usd4400,2025-01-30,Tablet,Edge,Windows,Email marketing,US,Mumbai,Blog,Blog,Yes,Returning Visitor,Yes,28,58,18,29,6457
4400,4400,ses4401,usd4401,2025-06-13,Desktop,Opera,iOS,Direct,US,Bangalore,Home,Pricing,Yes,Returning Visitor,Yes,29,39,4,47,909
4401,4401,ses4402,usd4402,2025-10-24,Tablet,Edge,Android,Social media,UK,Sydney,Services,Pricing,No,Returning Visitor,Yes,20,12,11,30,5285
4402,4402,ses4403,usd4403,2026-01-01,Tablet,Edge,MacOS,Social media,Australia,Chennai,Blog,Home,No,New Visitor,No,84,50,3,31,636
4403,4403,ses4404,usd4404,2025-12-19,Tablet,Opera,Android,Paid search,Australia,Bangalore,About us,Contact,No,Returning Visitor,Yes,32,55,6,20,9960
4404,4404,ses4405,usd4405,2025-01-23,Tablet,Chrome,MacOS,Social media,Canada,New York,Pricing,Home,Yes,Returning Visitor,Yes,46,33,20,36,8982
4405,4405,ses4406,usd4406,2025-04-08,Tablet,Safari,MacOS,Referral,UK,Mumbai,Blog,Blog,Yes,Returning Visitor,No,84,13,12,36,3840
4406,4406,ses4407,usd4407,2025-03-10,Tablet,Safari,iOS,Social media,US,Singapore,Pricing,Pricing,No,New Visitor,Yes,6,22,23,21,8506
4407,4407,ses4408,usd4408,2025-05-15,Mobile,Chrome,Windows,Direct,Singapore,Hyderabad,About us,Services,No,Returning Visitor,Yes,63,22,8,17,3106
4408,4408,ses4409,usd4409,2025-01-05,Desktop,Edge,iOS,Paid search,Canada,Singapore,Contact,Home,No,New Visitor,No,48,27,6,12,165
4409,4409,ses4410,usd4410,2025-07-12,Mobile,Opera,iOS,Organic search,Australia,Sydney,Login,Home,Yes,New Visitor,Yes,72,23,6,6,5936
4410,4410,ses4411,usd4411,2025-06-04,Mobile,Safari,Linux,Direct,India,Singapore,Products,Home,Yes,New Visitor,No,16,12,12,46,9342
4411,4411,ses4412,usd4412,2025-01-18,Mobile,Safari,Linux,Organic search,Canada,Sydney,Pricing,Home,Yes,New Visitor,Yes,76,34,17,15,3253
4412,4412,ses4413,usd4413,2025-05-20,Tablet,Edge,MacOS,Organic search,Canada,Chennai,Services,Home,Yes,Returning Visitor,Yes,73,8,20,36,1468
4413,4413,ses4414,usd4414,2025-08-08,Desktop,Firefox,MacOS,Direct,India,Delhi,Services,Home,No,Returning Visitor,Yes,19,21,18,47,1101
4414,4414,ses4415,usd4415,2025-06-16,Desktop,Opera,Linux,Paid search,Canada,New York,Pricing,Services,No,Returning Visitor,No,15,31,22,21,678
4415,4415,ses4416,usd4416,2025-01-21,Mobile,Firefox,MacOS,Organic search,India,Delhi,About us,Products,Yes,Returning Visitor,No,35,42,9,27,7238
4416,4416,ses4417,usd4417,2025-03-08,Mobile,Firefox,Android,Social media,Canada,Hyderabad,Blog,Blog,No,New Visitor,No,52,8,23,5,2957
4417,4417,ses4418,usd4418,2025-01-18,Tablet,Opera,iOS,Paid search,Germany,Mumbai,Home,Contact,No,New Visitor,Yes,1,20,11,15,999
4418,4418,ses4419,usd4419,2025-02-02,Mobile,Edge,Windows,Social media,Australia,Chennai,Products,Contact,Yes,Returning Visitor,No,16,30,7,40,3573
4419,4419,ses4420,usd4420,2025-11-12,Tablet,Chrome,iOS,Organic search,Singapore,Hyderabad,Blog,Pricing,No,Returning Visitor,Yes,81,20,24,26,3334
4420,4420,ses4421,usd4421,2025-04-08,Mobile,Chrome,Linux,Paid search,Australia,Singapore,About us,Services,No,Returning Visitor,Yes,7,32,3,3,441
4421,4421,ses4422,usd4422,2025-06-26,Desktop,Safari,Android,Direct,Singapore,London,About us,Blog,No,Returning Visitor,No,96,34,2,19,7412
4422,4422,ses4423,usd4423,2025-02-15,Desktop,Firefox,MacOS,Paid search,US,New York,Products,Services,Yes,New Visitor,Yes,4,12,12,16,5968
4423,4423,ses4424,usd4424,2025-02-26,Tablet,Chrome,Windows,Social media,India,Sydney,Home,Blog,Yes,New Visitor,Yes,73,45,13,2,5801
4424,4424,ses4425,usd4425,2025-02-02,Mobile,Firefox,Android,Direct,Germany,Bangalore,About us,Blog,Yes,Returning Visitor,Yes,14,16,21,12,795
4425,4425,ses4426,usd4426,2025-12-26,Tablet,Safari,MacOS,Email marketing,US,Chennai,Pricing,Home,Yes,Returning Visitor,No,51,41,5,28,833
4426,4426,ses4427,usd4427,2025-11-09,Tablet,Chrome,Android,Email marketing,Australia,Sydney,About us,Pricing,No,New Visitor,No,1,55,13,1,8480
4427,4427,ses4428,usd4428,2025-02-19,Desktop,Opera,Windows,Paid search,US,Singapore,Services,Products,Yes,New Visitor,Yes,27,47,3,13,4220
4428,4428,ses4429,usd4429,2025-01-06,Tablet,Chrome,Linux,Organic search,India,London,Home,Contact,Yes,New Visitor,No,88,22,3,24,5010
4429,4429,ses4430,usd4430,2025-04-24,Desktop,Safari,Windows,Social media,Singapore,Delhi,Blog,Blog,Yes,Returning Visitor,Yes,95,9,12,31,3377
4430,4430,ses4431,usd4431,2025-04-16,Desktop,Edge,Windows,Paid search,US,London,Home,Products,No,New Visitor,Yes,91,32,18,47,7808
4431,4431,ses4432,usd4432,2025-07-07,Mobile,Firefox,iOS,Referral,India,Sydney,Pricing,Services,Yes,New Visitor,Yes,69,26,12,10,5885
4432,4432,ses4433,usd4433,2025-01-02,Mobile,Firefox,MacOS,Paid search,India,Sydney,Services,Pricing,Yes,Returning Visitor,No,79,36,23,7,3258
4433,4433,ses4434,usd4434,2025-07-18,Tablet,Chrome,MacOS,Paid search,US,Sydney,Login,Pricing,Yes,Returning Visitor,No,42,57,16,10,4297
4434,4434,ses4435,usd4435,2025-11-12,Mobile,Opera,MacOS,Organic search,Singapore,New York,Contact,Services,Yes,Returning Visitor,No,39,21,24,5,6323
4435,4435,ses4436,usd4436,2025-06-17,Mobile,Chrome,Windows,Direct,Germany,Bangalore,Services,Services,No,New Visitor,Yes,71,55,9,30,5727
4436,4436,ses4437,usd4437,2025-11-20,Tablet,Safari,Android,Referral,US,Mumbai,Services,Pricing,No,New Visitor,No,10,46,10,1,6364
4437,4437,ses4438,usd4438,2025-11-12,Tablet,Safari,Linux,Referral,Canada,Delhi,Contact,Contact,No,Returning Visitor,No,4,34,12,40,733
4438,4438,ses4439,usd4439,2025-08-21,Desktop,Opera,Linux,Email marketing,US,Singapore,Services,Services,No,New Visitor,Yes,22,4,13,7,7190
4439,4439,ses4440,usd4440,2025-12-19,Mobile,Edge,Android,Organic search,India,New York,Blog,Home,No,Returning Visitor,Yes,6,33,7,17,4533
4440,4440,ses4441,usd4441,2025-03-08,Desktop,Opera,Windows,Paid search,Canada,Singapore,About us,Pricing,Yes,Returning Visitor,No,33,54,5,39,7831
4441,4441,ses4442,usd4442,2025-04-04,Tablet,Safari,Windows,Referral,Singapore,Chennai,About us,Products,Yes,New Visitor,No,31,55,23,26,8632
4442,4442,ses4443,usd4443,2025-09-19,Tablet,Chrome,Windows,Email marketing,Singapore,Singapore,Pricing,Products,Yes,Returning Visitor,No,94,38,2,9,4689
4443,4443,ses4444,usd4444,2025-11-01,Mobile,Chrome,Linux,Social media,Germany,Bangalore,Products,Services,Yes,Returning Visitor,No,47,42,14,29,6320
4444,4444,ses4445,usd4445,2025-01-15,Mobile,Opera,MacOS,Organic search,Canada,Bangalore,Blog,Products,Yes,New Visitor,Yes,8,5,13,31,2376
4445,4445,ses4446,usd4446,2025-05-08,Desktop,Safari,Linux,Email marketing,Germany,New York,Blog,Services,Yes,Returning Visitor,Yes,31,34,1,26,5549
4446,4446,ses4447,usd4447,2025-04-03,Tablet,Firefox,Windows,Organic search,Singapore,Delhi,Pricing,Blog,No,New Visitor,No,51,2,18,20,2684
4447,4447,ses4448,usd4448,2025-03-04,Desktop,Chrome,iOS,Email marketing,Canada,Hyderabad,Contact,Products,Yes,New Visitor,Yes,48,30,19,6,9553
4448,4448,ses4449,usd4449,2025-04-26,Mobile,Safari,iOS,Direct,UK,London,Services,Contact,No,Returning Visitor,Yes,37,41,11,10,9989
4449,4449,ses4450,usd4450,2025-08-18,Desktop,Opera,Linux,Social media,Germany,Delhi,About us,Contact,Yes,New Visitor,Yes,30,35,3,33,3483
4450,4450,ses4451,usd4451,2025-10-13,Tablet,Opera,Android,Email marketing,Singapore,Sydney,Pricing,Services,No,Returning Visitor,Yes,66,57,21,39,9754
4451,4451,ses4452,usd4452,2025-06-03,Desktop,Opera,iOS,Referral,Canada,Delhi,Blog,Contact,No,New Visitor,No,92,12,13,32,3506
4452,4452,ses4453,usd4453,2025-11-20,Mobile,Firefox,MacOS,Referral,India,Bangalore,About us,Services,Yes,Returning Visitor,Yes,38,18,12,18,1708
4453,4453,ses4454,usd4454,2025-06-26,Mobile,Firefox,Linux,Social media,India,Chennai,Pricing,Products,Yes,Returning Visitor,No,87,7,9,35,7583
4454,4454,ses4455,usd4455,2025-05-03,Desktop,Safari,MacOS,Referral,Singapore,Mumbai,Contact,Home,Yes,Returning Visitor,No,32,7,2,15,5858
4455,4455,ses4456,usd4456,2025-10-07,Tablet,Opera,iOS,Social media,Canada,Chennai,Services,Services,Yes,New Visitor,Yes,36,2,22,18,3431
4456,4456,ses4457,usd4457,2025-06-23,Mobile,Opera,Android,Direct,Singapore,Sydney,Home,Services,Yes,New Visitor,Yes,96,39,19,41,6576
4457,4457,ses4458,usd4458,2025-12-26,Tablet,Opera,Linux,Paid search,Singapore,Mumbai,Home,Services,No,New Visitor,Yes,52,33,11,17,6248
4458,4458,ses4459,usd4459,2025-09-12,Desktop,Edge,Linux,Referral,India,Delhi,Home,Home,Yes,New Visitor,Yes,16,28,15,32,5743
4459,4459,ses4460,usd4460,2025-02-21,Desktop,Safari,iOS,Organic search,US,London,Blog,Services,No,Returning Visitor,No,54,34,11,3,5784
4460,4460,ses4461,usd4461,2025-06-25,Desktop,Chrome,MacOS,Organic search,Germany,Chennai,Products,Pricing,Yes,Returning Visitor,No,62,21,16,3,2320
4461,4461,ses4462,usd4462,2025-03-13,Tablet,Firefox,Linux,Direct,UK,Chennai,About us,Contact,No,Returning Visitor,No,78,14,9,12,9308
4462,4462,ses4463,usd4463,2025-03-28,Desktop,Opera,Android,Direct,Germany,London,Home,Products,Yes,New Visitor,Yes,92,13,6,19,4738
4463,4463,ses4464,usd4464,2025-08-03,Mobile,Safari,Windows,Direct,Germany,New York,Home,Products,No,New Visitor,Yes,93,34,23,18,3354
4464,4464,ses4465,usd4465,2025-05-07,Desktop,Opera,Linux,Paid search,UK,Delhi,Contact,Pricing,Yes,New Visitor,Yes,33,22,3,39,1339
4465,4465,ses4466,usd4466,2025-06-20,Tablet,Firefox,MacOS,Paid search,Canada,Mumbai,Contact,Pricing,No,New Visitor,No,17,20,4,33,2995
4466,4466,ses4467,usd4467,2025-04-09,Mobile,Chrome,Android,Paid search,India,Chennai,Login,Products,No,New Visitor,No,79,57,9,18,1162
4467,4467,ses4468,usd4468,2025-05-05,Desktop,Opera,iOS,Referral,Australia,Singapore,Products,Blog,Yes,New Visitor,Yes,26,7,19,49,8017
4468,4468,ses4469,usd4469,2025-06-27,Tablet,Safari,MacOS,Social media,US,Bangalore,Contact,Contact,Yes,Returning Visitor,Yes,98,1,8,11,908
4469,4469,ses4470,usd4470,2025-06-11,Mobile,Edge,MacOS,Email marketing,Australia,Singapore,Login,Home,Yes,New Visitor,Yes,23,3,4,22,6124
4470,4470,ses4471,usd4471,2025-12-25,Desktop,Safari,Android,Paid search,US,Hyderabad,Services,Services,Yes,New Visitor,Yes,93,40,4,17,3837
4471,4471,ses4472,usd4472,2025-03-14,Tablet,Safari,MacOS,Social media,Canada,Mumbai,About us,Contact,No,New Visitor,Yes,99,22,22,30,7783
4472,4472,ses4473,usd4473,2025-10-07,Desktop,Firefox,Android,Direct,Singapore,London,Contact,Blog,Yes,Returning Visitor,Yes,25,15,4,27,7741
4473,4473,ses4474,usd4474,2025-10-25,Tablet,Chrome,Windows,Direct,US,Delhi,Pricing,Home,Yes,New Visitor,No,10,24,7,2,9509
4474,4474,ses4475,usd4475,2025-05-01,Desktop,Chrome,Android,Direct,India,Chennai,Contact,Contact,Yes,Returning Visitor,No,94,8,18,24,2041
4475,4475,ses4476,usd4476,2025-08-26,Tablet,Opera,iOS,Email marketing,Canada,Chennai,Contact,Home,Yes,Returning Visitor,Yes,27,18,16,10,888
4476,4476,ses4477,usd4477,2025-11-07,Desktop,Chrome,iOS,Email marketing,US,Chennai,Pricing,Contact,No,Returning Visitor,No,87,29,6,8,5029
4477,4477,ses4478,usd4478,2025-02-11,Mobile,Firefox,Windows,Paid search,Canada,Delhi,Pricing,Products,No,Returning Visitor,No,17,36,11,20,4271
4478,4478,ses4479,usd4479,2025-06-20,Desktop,Chrome,Android,Social media,UK,Mumbai,Contact,Blog,No,Returning Visitor,Yes,96,35,7,42,9661
4479,4479,ses4480,usd4480,2025-10-02,Desktop,Safari,iOS,Direct,UK,Delhi,Services,Blog,No,Returning Visitor,No,25,9,9,44,9855
4480,4480,ses4481,usd4481,2025-06-11,Tablet,Safari,Linux,Direct,Germany,Hyderabad,About us,Contact,Yes,New Visitor,Yes,30,54,10,12,8939
4481,4481,ses4482,usd4482,2025-02-13,Mobile,Firefox,iOS,Paid search,Canada,New York,Home,Home,No,New Visitor,No,55,42,24,9,7098
4482,4482,ses4483,usd4483,2025-04-27,Tablet,Opera,MacOS,Organic search,Singapore,Singapore,About us,Services,No,Returning Visitor,Yes,83,40,3,27,7866
4483,4483,ses4484,usd4484,2025-01-05,Mobile,Firefox,Windows,Paid search,India,London,Contact,Services,Yes,New Visitor,No,3,39,24,1,3241
4484,4484,ses4485,usd4485,2025-10-09,Mobile,Safari,iOS,Referral,Germany,Chennai,Products,Contact,Yes,New Visitor,No,88,14,5,31,9885
4485,4485,ses4486,usd4486,2025-07-30,Mobile,Chrome,MacOS,Direct,Singapore,London,Login,Products,No,New Visitor,Yes,16,23,4,40,1669
4486,4486,ses4487,usd4487,2025-01-19,Tablet,Opera,MacOS,Referral,Singapore,New York,Pricing,Services,No,New Visitor,Yes,35,46,4,43,3584
4487,4487,ses4488,usd4488,2025-07-18,Mobile,Edge,iOS,Direct,Canada,Hyderabad,Blog,Contact,Yes,Returning Visitor,No,40,59,19,6,600
4488,4488,ses4489,usd4489,2025-05-16,Tablet,Opera,MacOS,Email marketing,Canada,London,Blog,Pricing,Yes,New Visitor,Yes,43,46,11,31,7817
4489,4489,ses4490,usd4490,2025-12-15,Tablet,Opera,MacOS,Social media,Canada,Mumbai,Pricing,Contact,No,Returning Visitor,No,25,49,3,20,1211
4490,4490,ses4491,usd4491,2025-08-17,Mobile,Chrome,Android,Social media,US,Singapore,Products,Contact,No,New Visitor,No,70,59,14,23,5123
4491,4491,ses4492,usd4492,2025-03-14,Tablet,Safari,MacOS,Direct,India,London,Pricing,Products,Yes,Returning Visitor,No,53,8,8,48,1511
4492,4492,ses4493,usd4493,2025-06-03,Desktop,Opera,MacOS,Referral,US,Chennai,Services,Pricing,Yes,New Visitor,Yes,24,48,3,6,3062
4493,4493,ses4494,usd4494,2025-04-28,Desktop,Chrome,MacOS,Paid search,Singapore,Singapore,Products,Blog,Yes,New Visitor,No,15,35,18,17,7814
4494,4494,ses4495,usd4495,2025-10-25,Mobile,Safari,Linux,Email marketing,Singapore,Sydney,Products,Products,Yes,Returning Visitor,Yes,16,10,9,49,58
4495,4495,ses4496,usd4496,2025-01-06,Tablet,Opera,Linux,Paid search,US,Bangalore,Services,Blog,No,Returning Visitor,Yes,61,30,6,17,7384
4496,4496,ses4497,usd4497,2025-03-25,Tablet,Chrome,MacOS,Email marketing,Canada,Bangalore,About us,Blog,No,Returning Visitor,Yes,24,37,7,37,2769
4497,4497,ses4498,usd4498,2025-07-14,Mobile,Edge,Linux,Direct,Canada,Mumbai,Home,Contact,No,New Visitor,Yes,12,34,22,43,7177
4498,4498,ses4499,usd4499,2025-06-09,Tablet,Safari,MacOS,Direct,US,London,Blog,Contact,No,New Visitor,No,3,5,24,7,9565
4499,4499,ses4500,usd4500,2025-11-26,Mobile,Chrome,MacOS,Organic search,India,Hyderabad,Products,Home,No,New Visitor,No,41,19,22,14,8455
4500,4500,ses4501,usd4501,2025-01-31,Mobile,Chrome,iOS,Referral,Canada,Sydney,Login,Home,Yes,Returning Visitor,No,91,10,22,42,8422
4501,4501,ses4502,usd4502,2025-03-15,Tablet,Edge,Linux,Direct,Australia,Sydney,Blog,Pricing,No,New Visitor,No,71,49,20,45,1711
4502,4502,ses4503,usd4503,2025-05-21,Desktop,Chrome,Android,Organic search,US,Chennai,Blog,Blog,Yes,New Visitor,No,87,9,11,38,7204
4503,4503,ses4504,usd4504,2025-07-10,Desktop,Firefox,Linux,Organic search,Australia,Sydney,Services,Blog,Yes,New Visitor,Yes,75,49,12,26,7394
4504,4504,ses4505,usd4505,2025-11-10,Desktop,Opera,Windows,Direct,US,Delhi,Services,Products,No,New Visitor,No,51,30,3,49,611
4505,4505,ses4506,usd4506,2025-10-21,Mobile,Edge,Linux,Email marketing,Singapore,Hyderabad,Home,Contact,Yes,Returning Visitor,Yes,27,19,6,40,711
4506,4506,ses4507,usd4507,2025-03-26,Desktop,Opera,Android,Paid search,Canada,Singapore,Pricing,Products,No,New Visitor,No,45,28,10,3,720
4507,4507,ses4508,usd4508,2025-10-08,Mobile,Chrome,Android,Organic search,Germany,London,Blog,Pricing,No,Returning Visitor,No,24,47,10,25,4280
4508,4508,ses4509,usd4509,2025-01-16,Mobile,Firefox,Android,Organic search,India,Mumbai,Login,Products,No,New Visitor,Yes,32,48,2,1,2036
4509,4509,ses4510,usd4510,2025-05-19,Mobile,Chrome,Linux,Direct,US,Sydney,Contact,Contact,Yes,Returning Visitor,No,55,16,6,13,3487
4510,4510,ses4511,usd4511,2025-06-14,Mobile,Safari,Windows,Referral,Australia,Mumbai,Contact,Blog,No,New Visitor,No,47,50,24,20,2759
4511,4511,ses4512,usd4512,2025-06-18,Mobile,Chrome,Linux,Referral,UK,New York,Pricing,Products,Yes,New Visitor,Yes,89,48,5,48,3807
4512,4512,ses4513,usd4513,2025-02-01,Mobile,Chrome,Linux,Email marketing,UK,New York,Products,Blog,No,New Visitor,No,49,37,13,46,4277
4513,4513,ses4514,usd4514,2025-01-25,Mobile,Firefox,iOS,Organic search,Australia,Chennai,Products,Pricing,Yes,New Visitor,No,32,31,7,6,980
4514,4514,ses4515,usd4515,2025-02-05,Desktop,Edge,Windows,Organic search,Australia,London,Services,Blog,Yes,New Visitor,Yes,68,47,15,28,3504
4515,4515,ses4516,usd4516,2025-12-30,Desktop,Edge,Android,Direct,Australia,Singapore,Pricing,Contact,Yes,New Visitor,Yes,15,17,23,38,7263
4516,4516,ses4517,usd4517,2025-11-08,Mobile,Chrome,MacOS,Email marketing,Australia,Chennai,Services,Blog,Yes,Returning Visitor,No,74,36,19,11,1506
4517,4517,ses4518,usd4518,2025-01-09,Desktop,Chrome,iOS,Direct,Germany,Singapore,Blog,Contact,Yes,New Visitor,No,93,54,12,42,6039
4518,4518,ses4519,usd4519,2025-07-30,Mobile,Chrome,Linux,Referral,US,Sydney,Blog,Blog,No,New Visitor,Yes,73,45,8,34,1793
4519,4519,ses4520,usd4520,2025-06-17,Tablet,Firefox,iOS,Social media,Canada,Bangalore,Pricing,Home,Yes,New Visitor,No,5,10,23,28,1366
4520,4520,ses4521,usd4521,2025-02-12,Mobile,Chrome,MacOS,Referral,India,Mumbai,Pricing,Blog,Yes,New Visitor,No,20,29,21,37,484
4521,4521,ses4522,usd4522,2025-11-10,Tablet,Opera,Windows,Organic search,Singapore,Delhi,Products,Services,No,Returning Visitor,No,65,34,6,48,7684
4522,4522,ses4523,usd4523,2025-05-04,Tablet,Edge,iOS,Direct,Germany,Singapore,Pricing,Home,No,Returning Visitor,Yes,72,13,8,5,7125
4523,4523,ses4524,usd4524,2025-04-02,Tablet,Safari,iOS,Email marketing,Singapore,Hyderabad,About us,Blog,No,New Visitor,No,92,38,12,22,8357
4524,4524,ses4525,usd4525,2025-10-26,Desktop,Chrome,Windows,Direct,UK,Sydney,Blog,Home,No,New Visitor,No,24,41,23,47,7055
4525,4525,ses4526,usd4526,2025-04-17,Tablet,Safari,Linux,Email marketing,Singapore,Delhi,Products,Contact,Yes,New Visitor,No,70,23,16,41,8042
4526,4526,ses4527,usd4527,2025-11-07,Tablet,Opera,MacOS,Direct,Australia,Mumbai,About us,Products,Yes,Returning Visitor,Yes,9,58,2,35,4801
4527,4527,ses4528,usd4528,2025-07-09,Tablet,Edge,Windows,Paid search,India,New York,Home,Services,Yes,Returning Visitor,No,29,53,13,6,9946
4528,4528,ses4529,usd4529,2025-02-26,Mobile,Opera,Android,Social media,UK,Chennai,Services,Services,No,Returning Visitor,Yes,68,27,15,4,7466
4529,4529,ses4530,usd4530,2025-04-12,Desktop,Firefox,MacOS,Social media,Singapore,Mumbai,About us,Products,No,New Visitor,No,39,49,24,43,9408
4530,4530,ses4531,usd4531,2025-05-12,Mobile,Chrome,iOS,Referral,Germany,Bangalore,Contact,Products,Yes,New Visitor,No,85,25,20,12,8255
4531,4531,ses4532,usd4532,2025-08-03,Mobile,Chrome,Android,Direct,US,Bangalore,Products,Home,Yes,Returning Visitor,No,31,1,13,41,7392
4532,4532,ses4533,usd4533,2025-07-14,Tablet,Firefox,Android,Paid search,Australia,New York,Pricing,Blog,No,New Visitor,No,98,38,4,41,9659
4533,4533,ses4534,usd4534,2025-10-30,Desktop,Edge,Android,Organic search,Singapore,Singapore,Products,Services,Yes,New Visitor,No,48,33,24,9,1461
4534,4534,ses4535,usd4535,2025-10-06,Tablet,Edge,Linux,Email marketing,Australia,Bangalore,About us,Blog,Yes,New Visitor,No,16,46,24,5,522
4535,4535,ses4536,usd4536,2025-12-05,Tablet,Safari,MacOS,Paid search,UK,Bangalore,Blog,Contact,Yes,Returning Visitor,No,59,37,17,12,7165
4536,4536,ses4537,usd4537,2025-11-02,Desktop,Safari,MacOS,Referral,Singapore,Chennai,Home,Contact,No,Returning Visitor,Yes,9,15,17,1,9861
4537,4537,ses4538,usd4538,2025-12-23,Desktop,Safari,Android,Email marketing,US,New York,Home,Contact,No,New Visitor,No,66,49,16,4,1564
4538,4538,ses4539,usd4539,2025-06-06,Tablet,Chrome,Android,Organic search,Germany,Mumbai,Blog,Pricing,Yes,Returning Visitor,Yes,2,32,1,46,4050
4539,4539,ses4540,usd4540,2025-05-16,Tablet,Opera,Android,Email marketing,India,Delhi,About us,Contact,No,Returning Visitor,No,39,34,19,28,6913
4540,4540,ses4541,usd4541,2025-11-13,Desktop,Firefox,Linux,Paid search,Germany,Singapore,Contact,Services,No,New Visitor,Yes,75,48,8,8,3703
4541,4541,ses4542,usd4542,2025-01-20,Desktop,Opera,MacOS,Direct,UK,London,Login,Home,Yes,Returning Visitor,No,66,42,9,29,7332
4542,4542,ses4543,usd4543,2025-09-26,Tablet,Opera,Linux,Direct,US,Mumbai,Login,Pricing,Yes,New Visitor,Yes,79,21,10,8,1567
4543,4543,ses4544,usd4544,2025-03-02,Tablet,Edge,Linux,Social media,Canada,Chennai,Pricing,Contact,No,Returning Visitor,Yes,56,25,22,7,3590
4544,4544,ses4545,usd4545,2025-08-08,Tablet,Opera,Linux,Paid search,Australia,Delhi,Login,Home,No,Returning Visitor,No,94,9,8,32,9124
4545,4545,ses4546,usd4546,2025-06-02,Mobile,Opera,Windows,Email marketing,Germany,Hyderabad,Contact,Services,No,Returning Visitor,Yes,42,58,24,9,6233
4546,4546,ses4547,usd4547,2025-07-15,Tablet,Opera,MacOS,Email marketing,Singapore,Hyderabad,Contact,Products,No,Returning Visitor,Yes,94,54,6,13,1259
4547,4547,ses4548,usd4548,2025-12-22,Desktop,Edge,Android,Direct,Canada,Singapore,About us,Products,No,New Visitor,Yes,98,55,19,21,3643
4548,4548,ses4549,usd4549,2025-12-07,Mobile,Opera,Linux,Referral,Germany,Chennai,Login,Contact,Yes,New Visitor,Yes,79,8,4,20,4765
4549,4549,ses4550,usd4550,2025-11-13,Mobile,Opera,Android,Email marketing,UK,Delhi,About us,Blog,Yes,Returning Visitor,No,17,14,14,34,9346
4550,4550,ses4551,usd4551,2025-03-11,Desktop,Safari,Android,Email marketing,US,Bangalore,Pricing,Contact,Yes,Returning Visitor,No,30,28,23,4,9406
4551,4551,ses4552,usd4552,2025-09-19,Tablet,Safari,iOS,Paid search,India,New York,Home,Products,No,Returning Visitor,No,88,18,3,4,9119
4552,4552,ses4553,usd4553,2025-09-12,Mobile,Edge,iOS,Paid search,India,Mumbai,Blog,Products,Yes,New Visitor,No,62,54,7,10,2416
4553,4553,ses4554,usd4554,2025-11-01,Tablet,Firefox,Windows,Social media,Canada,London,Blog,Blog,No,New Visitor,No,90,17,2,34,9519
4554,4554,ses4555,usd4555,2025-09-01,Tablet,Chrome,iOS,Social media,Canada,Sydney,Services,Contact,Yes,Returning Visitor,Yes,53,38,7,36,7964
4555,4555,ses4556,usd4556,2025-06-05,Desktop,Safari,Linux,Paid search,UK,Singapore,Products,Services,No,New Visitor,Yes,93,25,14,21,9660
4556,4556,ses4557,usd4557,2025-03-17,Desktop,Firefox,Linux,Direct,US,Sydney,Home,Products,Yes,Returning Visitor,Yes,61,54,14,26,1000
4557,4557,ses4558,usd4558,2025-04-03,Desktop,Firefox,Android,Referral,Germany,Sydney,Contact,Pricing,No,Returning Visitor,Yes,90,21,6,34,6918
4558,4558,ses4559,usd4559,2025-11-25,Desktop,Chrome,Windows,Organic search,Canada,Bangalore,Services,Home,Yes,Returning Visitor,No,34,9,20,40,5297
4559,4559,ses4560,usd4560,2025-11-16,Desktop,Edge,Android,Direct,Canada,Bangalore,Products,Contact,No,Returning Visitor,No,33,20,7,27,4286
4560,4560,ses4561,usd4561,2025-04-25,Mobile,Firefox,MacOS,Social media,Singapore,Sydney,Services,Contact,Yes,New Visitor,Yes,43,55,17,35,487
4561,4561,ses4562,usd4562,2025-08-09,Tablet,Opera,MacOS,Organic search,UK,Singapore,Home,Contact,No,Returning Visitor,No,25,36,11,20,9424
4562,4562,ses4563,usd4563,2025-08-28,Desktop,Chrome,MacOS,Social media,US,Hyderabad,Blog,Products,Yes,New Visitor,No,14,36,21,39,828
4563,4563,ses4564,usd4564,2025-07-03,Desktop,Opera,MacOS,Paid search,US,Mumbai,Home,Home,Yes,Returning Visitor,No,5,54,14,29,6287
4564,4564,ses4565,usd4565,2025-05-19,Mobile,Edge,Linux,Email marketing,Canada,Hyderabad,Services,Contact,Yes,Returning Visitor,No,60,20,6,41,1489
4565,4565,ses4566,usd4566,2025-01-06,Desktop,Opera,Windows,Referral,Canada,Bangalore,About us,Contact,Yes,New Visitor,No,49,10,4,44,2846
4566,4566,ses4567,usd4567,2025-12-02,Tablet,Firefox,Windows,Social media,US,Sydney,Login,Blog,No,New Visitor,No,44,3,20,28,5354
4567,4567,ses4568,usd4568,2025-04-03,Desktop,Opera,Linux,Referral,Australia,Chennai,Contact,Blog,No,New Visitor,Yes,71,52,20,44,3527
4568,4568,ses4569,usd4569,2025-09-11,Mobile,Firefox,Windows,Email marketing,US,New York,Contact,Blog,No,New Visitor,No,44,39,15,42,2853
4569,4569,ses4570,usd4570,2025-11-21,Desktop,Edge,Linux,Email marketing,UK,Delhi,Contact,Contact,Yes,New Visitor,Yes,56,42,14,8,5534
4570,4570,ses4571,usd4571,2025-07-11,Mobile,Opera,iOS,Email marketing,Canada,Chennai,Products,Products,Yes,New Visitor,Yes,86,6,23,38,1383
4571,4571,ses4572,usd4572,2025-03-07,Tablet,Opera,iOS,Direct,India,Bangalore,Blog,Services,No,Returning Visitor,Yes,11,53,4,37,4862
4572,4572,ses4573,usd4573,2025-07-05,Tablet,Opera,iOS,Direct,US,Hyderabad,Products,Contact,No,New Visitor,Yes,45,29,1,13,2322
4573,4573,ses4574,usd4574,2025-05-03,Mobile,Firefox,MacOS,Email marketing,US,Hyderabad,About us,Pricing,Yes,Returning Visitor,No,82,8,3,20,596
4574,4574,ses4575,usd4575,2025-05-29,Desktop,Edge,Windows,Organic search,Australia,Bangalore,Pricing,Contact,Yes,New Visitor,No,18,52,19,34,4151
4575,4575,ses4576,usd4576,2025-07-16,Mobile,Opera,iOS,Paid search,Singapore,Bangalore,Contact,Blog,No,Returning Visitor,No,92,16,5,27,8522
4576,4576,ses4577,usd4577,2025-05-24,Tablet,Edge,Linux,Social media,Singapore,New York,Pricing,Home,Yes,Returning Visitor,No,55,30,7,29,7592
4577,4577,ses4578,usd4578,2025-08-29,Mobile,Safari,MacOS,Referral,Singapore,Singapore,Login,Pricing,No,Returning Visitor,Yes,18,57,8,32,9641
4578,4578,ses4579,usd4579,2025-10-04,Tablet,Chrome,Windows,Email marketing,Canada,Delhi,Pricing,Contact,No,Returning Visitor,No,69,41,23,45,5506
4579,4579,ses4580,usd4580,2025-12-07,Desktop,Edge,Linux,Paid search,Singapore,Delhi,Login,Services,Yes,Returning Visitor,No,48,19,24,47,4769
4580,4580,ses4581,usd4581,2025-04-18,Desktop,Opera,MacOS,Direct,Australia,New York,Login,Contact,Yes,New Visitor,Yes,70,35,5,5,9996
4581,4581,ses4582,usd4582,2025-03-09,Desktop,Safari,iOS,Organic search,Germany,Delhi,About us,Blog,No,Returning Visitor,Yes,33,20,5,27,995
4582,4582,ses4583,usd4583,2025-01-03,Desktop,Edge,Linux,Paid search,Canada,London,Blog,Products,Yes,New Visitor,No,5,31,2,5,4873
4583,4583,ses4584,usd4584,2025-06-01,Desktop,Safari,Windows,Social media,Canada,Singapore,Products,Products,Yes,New Visitor,Yes,6,20,12,30,9597
4584,4584,ses4585,usd4585,2025-04-15,Desktop,Chrome,iOS,Email marketing,India,Delhi,Services,Blog,Yes,Returning Visitor,Yes,52,6,6,30,5493
4585,4585,ses4586,usd4586,2025-09-09,Desktop,Edge,MacOS,Social media,Singapore,Sydney,Home,Services,No,Returning Visitor,No,46,45,16,23,8465
4586,4586,ses4587,usd4587,2025-10-27,Tablet,Opera,Windows,Referral,UK,Bangalore,About us,Blog,No,Returning Visitor,No,15,20,23,16,8540
4587,4587,ses4588,usd4588,2025-02-02,Tablet,Chrome,iOS,Social media,India,Mumbai,Login,Contact,No,New Visitor,No,24,27,17,18,9620
4588,4588,ses4589,usd4589,2025-11-29,Mobile,Opera,Linux,Direct,India,Singapore,Services,Services,No,New Visitor,Yes,23,37,21,24,8864
4589,4589,ses4590,usd4590,2025-09-05,Mobile,Chrome,Linux,Social media,Canada,London,Blog,Contact,No,Returning Visitor,Yes,19,28,3,48,6631
4590,4590,ses4591,usd4591,2025-05-11,Tablet,Firefox,Windows,Direct,Germany,Chennai,About us,Products,No,Returning Visitor,Yes,56,43,4,46,1977
4591,4591,ses4592,usd4592,2025-01-08,Mobile,Chrome,Linux,Social media,India,New York,Contact,Products,No,New Visitor,No,9,32,7,25,8248
4592,4592,ses4593,usd4593,2025-07-22,Tablet,Edge,Android,Organic search,Germany,Bangalore,Products,Pricing,Yes,New Visitor,Yes,20,59,11,6,9207
4593,4593,ses4594,usd4594,2025-11-27,Tablet,Safari,Linux,Paid search,India,London,Blog,Products,Yes,New Visitor,Yes,27,16,14,39,9472
4594,4594,ses4595,usd4595,2025-09-07,Tablet,Edge,Linux,Social media,Germany,Singapore,About us,Contact,No,New Visitor,Yes,32,26,6,38,6129
4595,4595,ses4596,usd4596,2025-01-07,Tablet,Safari,MacOS,Email marketing,US,Chennai,Pricing,Contact,No,Returning Visitor,No,15,47,5,15,8808
4596,4596,ses4597,usd4597,2025-04-02,Mobile,Chrome,Linux,Referral,Germany,Bangalore,Home,Pricing,Yes,New Visitor,Yes,81,22,3,12,5345
4597,4597,ses4598,usd4598,2025-05-25,Desktop,Edge,MacOS,Email marketing,India,Mumbai,Home,Home,No,New Visitor,No,79,28,24,36,5035
4598,4598,ses4599,usd4599,2025-07-06,Desktop,Opera,Windows,Direct,Germany,Mumbai,Pricing,Services,No,New Visitor,Yes,31,41,19,30,5347
4599,4599,ses4600,usd4600,2025-02-24,Mobile,Safari,Android,Direct,Singapore,Sydney,Blog,Products,Yes,New Visitor,No,12,32,16,35,812
4600,4600,ses4601,usd4601,2025-05-15,Desktop,Firefox,iOS,Social media,UK,Singapore,Contact,Pricing,Yes,New Visitor,No,77,26,16,5,7905
4601,4601,ses4602,usd4602,2025-03-22,Tablet,Firefox,Windows,Paid search,Germany,Mumbai,Products,Pricing,Yes,New Visitor,No,91,25,14,47,7406
4602,4602,ses4603,usd4603,2025-10-11,Desktop,Safari,MacOS,Email marketing,UK,Singapore,Home,Pricing,No,Returning Visitor,Yes,68,10,22,1,5017
4603,4603,ses4604,usd4604,2025-10-04,Tablet,Edge,Android,Referral,India,London,Home,Pricing,Yes,New Visitor,Yes,32,7,10,5,3307
4604,4604,ses4605,usd4605,2025-01-30,Mobile,Chrome,iOS,Referral,Germany,Singapore,Login,Contact,Yes,Returning Visitor,Yes,44,2,18,36,1603
4605,4605,ses4606,usd4606,2025-03-03,Desktop,Opera,Linux,Referral,Singapore,Mumbai,About us,Pricing,Yes,Returning Visitor,No,30,10,20,37,3794
4606,4606,ses4607,usd4607,2025-10-26,Tablet,Chrome,Linux,Email marketing,Singapore,Chennai,Products,Products,No,Returning Visitor,Yes,38,44,19,40,4631
4607,4607,ses4608,usd4608,2025-03-02,Mobile,Firefox,Android,Paid search,Canada,Sydney,Login,Blog,No,Returning Visitor,Yes,55,38,15,37,6152
4608,4608,ses4609,usd4609,2025-07-08,Tablet,Opera,iOS,Social media,Singapore,Hyderabad,Pricing,Home,Yes,Returning Visitor,No,6,34,21,41,8138
4609,4609,ses4610,usd4610,2025-06-22,Desktop,Edge,Windows,Referral,US,London,Contact,Blog,Yes,Returning Visitor,No,17,40,15,27,7229
4610,4610,ses4611,usd4611,2025-10-02,Tablet,Edge,Linux,Email marketing,UK,Hyderabad,Login,Products,Yes,Returning Visitor,Yes,21,43,16,8,9037
4611,4611,ses4612,usd4612,2025-04-15,Mobile,Chrome,Android,Social media,US,Delhi,Blog,Contact,No,New Visitor,Yes,8,20,21,1,8073
4612,4612,ses4613,usd4613,2025-01-08,Tablet,Opera,Android,Social media,UK,Sydney,Products,Home,No,New Visitor,Yes,22,11,20,32,3581
4613,4613,ses4614,usd4614,2025-10-27,Desktop,Opera,iOS,Paid search,India,Singapore,Products,Pricing,No,New Visitor,Yes,30,40,6,27,4977
4614,4614,ses4615,usd4615,2025-09-10,Mobile,Safari,Linux,Organic search,Germany,Chennai,Products,Home,Yes,Returning Visitor,No,9,29,15,39,5248
4615,4615,ses4616,usd4616,2025-08-29,Tablet,Chrome,Windows,Referral,Singapore,Chennai,Home,Services,Yes,New Visitor,No,54,44,5,22,1589
4616,4616,ses4617,usd4617,2025-06-13,Mobile,Opera,MacOS,Social media,Germany,Sydney,About us,Blog,Yes,Returning Visitor,No,87,42,22,5,3003
4617,4617,ses4618,usd4618,2025-08-22,Tablet,Firefox,iOS,Referral,Germany,New York,About us,Blog,No,Returning Visitor,No,95,26,8,11,6754
4618,4618,ses4619,usd4619,2025-10-12,Mobile,Safari,MacOS,Direct,India,Mumbai,Services,Products,Yes,New Visitor,No,54,18,9,25,8949
4619,4619,ses4620,usd4620,2025-09-06,Tablet,Firefox,Linux,Direct,India,Bangalore,Blog,Products,Yes,Returning Visitor,No,32,48,9,34,4482
4620,4620,ses4621,usd4621,2025-02-07,Mobile,Edge,MacOS,Email marketing,Singapore,Bangalore,Products,Contact,No,New Visitor,Yes,89,2,4,18,4337
4621,4621,ses4622,usd4622,2025-06-05,Desktop,Chrome,iOS,Organic search,Singapore,Mumbai,Pricing,Services,No,New Visitor,Yes,56,41,17,37,9997
4622,4622,ses4623,usd4623,2025-02-15,Desktop,Firefox,Linux,Direct,US,Bangalore,Products,Contact,No,New Visitor,Yes,89,57,8,36,5755
4623,4623,ses4624,usd4624,2025-07-03,Desktop,Chrome,iOS,Organic search,US,Hyderabad,Services,Products,No,Returning Visitor,No,2,54,9,13,8121
4624,4624,ses4625,usd4625,2025-08-25,Tablet,Firefox,MacOS,Paid search,Singapore,Chennai,Products,Home,Yes,Returning Visitor,No,31,39,13,12,891
4625,4625,ses4626,usd4626,2025-06-06,Desktop,Safari,Linux,Paid search,Canada,Mumbai,Services,Services,No,Returning Visitor,No,99,19,24,34,6291
4626,4626,ses4627,usd4627,2025-03-28,Tablet,Opera,Linux,Direct,Australia,New York,Products,Products,Yes,New Visitor,Yes,28,14,15,20,6881
4627,4627,ses4628,usd4628,2025-10-03,Desktop,Opera,Linux,Email marketing,Australia,Delhi,About us,Services,No,New Visitor,Yes,60,6,5,4,302
4628,4628,ses4629,usd4629,2025-03-24,Mobile,Safari,Windows,Direct,India,New York,Services,Blog,No,Returning Visitor,No,10,44,8,43,221
4629,4629,ses4630,usd4630,2025-01-20,Mobile,Chrome,Android,Paid search,India,Bangalore,Services,Contact,No,New Visitor,No,80,30,13,27,4737
4630,4630,ses4631,usd4631,2025-07-04,Desktop,Safari,Android,Paid search,US,London,Services,Contact,Yes,Returning Visitor,No,2,44,4,43,9986
4631,4631,ses4632,usd4632,2025-10-19,Desktop,Opera,Linux,Organic search,Germany,Hyderabad,Blog,Contact,Yes,New Visitor,Yes,49,53,10,41,7074
4632,4632,ses4633,usd4633,2025-10-05,Mobile,Chrome,MacOS,Social media,US,Bangalore,Contact,Products,Yes,New Visitor,Yes,88,31,12,22,156
4633,4633,ses4634,usd4634,2025-01-23,Mobile,Opera,MacOS,Referral,Singapore,Hyderabad,Services,Home,Yes,Returning Visitor,Yes,28,25,4,37,6406
4634,4634,ses4635,usd4635,2025-12-03,Tablet,Safari,Windows,Email marketing,US,Mumbai,Services,Contact,Yes,New Visitor,Yes,22,35,4,18,8932
4635,4635,ses4636,usd4636,2025-08-16,Tablet,Firefox,iOS,Referral,Germany,Bangalore,Login,Contact,Yes,New Visitor,No,17,43,2,27,3855
4636,4636,ses4637,usd4637,2025-12-28,Tablet,Chrome,iOS,Direct,Australia,Hyderabad,Login,Home,Yes,Returning Visitor,No,6,25,23,1,9403
4637,4637,ses4638,usd4638,2025-08-03,Tablet,Opera,iOS,Email marketing,India,Delhi,About us,Contact,Yes,Returning Visitor,No,46,29,5,3,7190
4638,4638,ses4639,usd4639,2025-10-15,Mobile,Chrome,MacOS,Direct,Australia,Delhi,Products,Pricing,No,Returning Visitor,Yes,92,58,16,14,722
4639,4639,ses4640,usd4640,2025-03-06,Tablet,Chrome,MacOS,Organic search,Germany,Hyderabad,Products,Contact,Yes,New Visitor,No,22,7,23,12,3820
4640,4640,ses4641,usd4641,2025-11-21,Tablet,Opera,Windows,Organic search,Canada,Mumbai,Services,Products,No,New Visitor,Yes,38,57,6,46,439
4641,4641,ses4642,usd4642,2025-02-10,Desktop,Edge,MacOS,Social media,US,Singapore,Blog,Products,No,New Visitor,Yes,5,29,19,4,601
4642,4642,ses4643,usd4643,2025-08-01,Mobile,Chrome,Windows,Paid search,US,Mumbai,Pricing,Contact,No,Returning Visitor,Yes,45,19,10,9,5932
4643,4643,ses4644,usd4644,2025-03-29,Tablet,Edge,MacOS,Email marketing,Canada,London,Login,Products,No,New Visitor,No,59,17,5,6,6534
4644,4644,ses4645,usd4645,2025-02-04,Tablet,Firefox,Android,Referral,Germany,Hyderabad,Login,Products,Yes,New Visitor,No,57,29,9,5,8097
4645,4645,ses4646,usd4646,2025-01-08,Desktop,Chrome,iOS,Organic search,India,New York,Services,Home,No,Returning Visitor,Yes,80,35,1,49,6326
4646,4646,ses4647,usd4647,2025-06-25,Desktop,Opera,Linux,Direct,Canada,Hyderabad,Services,Products,Yes,Returning Visitor,No,81,5,7,18,1169
4647,4647,ses4648,usd4648,2025-11-25,Tablet,Opera,iOS,Paid search,India,Chennai,About us,Products,No,New Visitor,Yes,66,59,5,49,5513
4648,4648,ses4649,usd4649,2025-08-01,Mobile,Edge,Windows,Paid search,UK,Mumbai,Products,Blog,Yes,New Visitor,Yes,8,12,12,7,4452
4649,4649,ses4650,usd4650,2025-12-14,Tablet,Safari,Linux,Direct,US,Delhi,Products,Contact,No,Returning Visitor,No,40,19,5,33,829
4650,4650,ses4651,usd4651,2025-12-06,Tablet,Safari,iOS,Paid search,Canada,New York,Home,Services,No,New Visitor,No,97,44,3,33,9697
4651,4651,ses4652,usd4652,2025-09-18,Desktop,Edge,Android,Referral,UK,London,Services,Contact,No,New Visitor,Yes,29,31,10,6,6434
4652,4652,ses4653,usd4653,2025-01-19,Desktop,Edge,MacOS,Paid search,Canada,Hyderabad,Login,Pricing,No,New Visitor,No,79,44,12,6,8338
4653,4653,ses4654,usd4654,2025-05-29,Desktop,Firefox,iOS,Direct,UK,Mumbai,Pricing,Contact,No,New Visitor,Yes,80,22,16,6,3660
4654,4654,ses4655,usd4655,2025-09-10,Mobile,Firefox,Linux,Paid search,Germany,Bangalore,Home,Contact,Yes,New Visitor,Yes,50,44,7,32,9672
4655,4655,ses4656,usd4656,2025-06-13,Desktop,Edge,Windows,Referral,US,Mumbai,Contact,Products,Yes,Returning Visitor,Yes,28,27,17,45,9710
4656,4656,ses4657,usd4657,2025-10-13,Mobile,Safari,Windows,Organic search,Germany,Sydney,Pricing,Services,No,New Visitor,No,88,58,20,15,8402
4657,4657,ses4658,usd4658,2025-05-17,Tablet,Opera,Linux,Social media,Canada,New York,Pricing,Services,No,New Visitor,Yes,91,31,24,17,2990
4658,4658,ses4659,usd4659,2025-10-14,Desktop,Safari,iOS,Paid search,Singapore,Chennai,Products,Pricing,Yes,Returning Visitor,No,73,39,13,41,2931
4659,4659,ses4660,usd4660,2025-04-16,Desktop,Opera,iOS,Email marketing,Germany,Delhi,Login,Services,Yes,Returning Visitor,No,74,25,4,34,7384
4660,4660,ses4661,usd4661,2025-06-30,Tablet,Opera,Android,Direct,Germany,London,Services,Home,No,New Visitor,No,98,59,4,45,1190
4661,4661,ses4662,usd4662,2025-09-20,Tablet,Chrome,MacOS,Organic search,Canada,Hyderabad,Contact,Home,No,New Visitor,Yes,62,12,17,18,2983
4662,4662,ses4663,usd4663,2025-06-26,Mobile,Edge,Windows,Email marketing,US,New York,Login,Home,Yes,New Visitor,No,82,1,13,21,9277
4663,4663,ses4664,usd4664,2025-03-11,Desktop,Opera,iOS,Paid search,Germany,Hyderabad,Blog,Blog,No,Returning Visitor,No,91,32,11,17,3192
4664,4664,ses4665,usd4665,2025-12-28,Mobile,Chrome,Windows,Social media,Canada,London,Services,Products,No,Returning Visitor,Yes,92,53,2,18,3397
4665,4665,ses4666,usd4666,2025-04-28,Mobile,Edge,iOS,Referral,Germany,Singapore,Blog,Pricing,Yes,Returning Visitor,Yes,23,12,4,3,3651
4666,4666,ses4667,usd4667,2025-07-19,Desktop,Opera,Android,Paid search,Australia,Singapore,Blog,Contact,Yes,New Visitor,Yes,14,47,1,16,9515
4667,4667,ses4668,usd4668,2025-07-08,Tablet,Opera,Android,Email marketing,India,Singapore,Blog,Services,No,Returning Visitor,Yes,81,11,22,37,723
4668,4668,ses4669,usd4669,2025-03-31,Mobile,Firefox,Android,Organic search,US,Mumbai,About us,Products,Yes,Returning Visitor,Yes,47,1,6,32,8614
4669,4669,ses4670,usd4670,2025-09-29,Desktop,Opera,Linux,Direct,Germany,Sydney,Products,Products,Yes,Returning Visitor,No,23,35,24,7,8983
4670,4670,ses4671,usd4671,2025-01-04,Desktop,Chrome,iOS,Organic search,Canada,Chennai,Pricing,Home,Yes,New Visitor,No,28,10,22,3,8511
4671,4671,ses4672,usd4672,2025-07-18,Tablet,Chrome,Linux,Organic search,Germany,Delhi,Home,Products,Yes,New Visitor,No,28,1,8,21,3314
4672,4672,ses4673,usd4673,2025-12-08,Tablet,Safari,Windows,Direct,Germany,Bangalore,About us,Pricing,No,Returning Visitor,Yes,49,39,9,14,4410
4673,4673,ses4674,usd4674,2025-12-22,Tablet,Opera,iOS,Direct,UK,Singapore,Home,Contact,No,New Visitor,No,78,25,22,39,6336
4674,4674,ses4675,usd4675,2025-08-02,Mobile,Edge,Android,Email marketing,Germany,Mumbai,Login,Blog,No,New Visitor,No,27,12,5,43,3099
4675,4675,ses4676,usd4676,2025-05-05,Tablet,Safari,iOS,Email marketing,US,Hyderabad,Services,Contact,No,Returning Visitor,Yes,57,37,12,32,4131
4676,4676,ses4677,usd4677,2025-10-28,Mobile,Opera,MacOS,Social media,Canada,Singapore,Home,Contact,No,Returning Visitor,Yes,71,23,16,31,5019
4677,4677,ses4678,usd4678,2025-10-29,Tablet,Chrome,Windows,Email marketing,UK,London,Blog,Contact,No,Returning Visitor,No,93,2,3,20,4488
4678,4678,ses4679,usd4679,2025-07-23,Mobile,Opera,Android,Email marketing,India,Mumbai,Blog,Contact,No,New Visitor,Yes,32,27,14,20,2912
4679,4679,ses4680,usd4680,2025-09-19,Desktop,Firefox,iOS,Organic search,US,Mumbai,Pricing,Pricing,No,Returning Visitor,No,99,15,19,7,5443
4680,4680,ses4681,usd4681,2025-08-04,Mobile,Opera,Windows,Email marketing,UK,New York,Blog,Blog,Yes,Returning Visitor,No,49,2,18,46,1716
4681,4681,ses4682,usd4682,2025-04-20,Desktop,Chrome,iOS,Direct,Canada,Sydney,Home,Products,Yes,Returning Visitor,No,70,35,16,25,9485
4682,4682,ses4683,usd4683,2025-12-28,Desktop,Firefox,MacOS,Paid search,Germany,New York,Pricing,Products,Yes,Returning Visitor,Yes,88,42,21,2,1251
4683,4683,ses4684,usd4684,2025-11-11,Desktop,Edge,Linux,Paid search,Australia,New York,Contact,Contact,No,New Visitor,Yes,51,8,12,19,804
4684,4684,ses4685,usd4685,2025-02-11,Mobile,Safari,Linux,Paid search,Germany,London,Products,Contact,Yes,New Visitor,Yes,64,26,7,45,8517
4685,4685,ses4686,usd4686,2025-04-15,Desktop,Firefox,Windows,Referral,Germany,London,Blog,Contact,Yes,New Visitor,Yes,49,31,10,34,9299
4686,4686,ses4687,usd4687,2025-12-04,Mobile,Safari,Android,Referral,India,Bangalore,Login,Products,No,Returning Visitor,No,40,27,4,11,2646
4687,4687,ses4688,usd4688,2025-06-28,Desktop,Firefox,iOS,Social media,Australia,Hyderabad,Pricing,Home,Yes,Returning Visitor,No,21,54,17,15,5426
4688,4688,ses4689,usd4689,2025-01-05,Desktop,Safari,Windows,Direct,Australia,Sydney,Products,Services,Yes,New Visitor,Yes,65,17,24,22,9869
4689,4689,ses4690,usd4690,2025-03-06,Tablet,Opera,Windows,Direct,Canada,Chennai,Pricing,Home,Yes,Returning Visitor,Yes,95,44,10,20,7869
4690,4690,ses4691,usd4691,2025-09-07,Tablet,Chrome,iOS,Organic search,US,Mumbai,Products,Contact,No,Returning Visitor,Yes,79,42,16,35,5058
4691,4691,ses4692,usd4692,2025-06-06,Mobile,Safari,MacOS,Social media,Australia,Sydney,Contact,Blog,No,Returning Visitor,No,39,43,19,24,1637
4692,4692,ses4693,usd4693,2025-09-16,Desktop,Edge,MacOS,Social media,Canada,Delhi,Services,Home,No,New Visitor,No,92,55,18,49,6198
4693,4693,ses4694,usd4694,2025-07-01,Tablet,Edge,iOS,Paid search,Australia,New York,Services,Blog,Yes,Returning Visitor,Yes,48,48,13,12,6126
4694,4694,ses4695,usd4695,2025-12-26,Mobile,Chrome,Windows,Email marketing,Australia,Bangalore,Login,Home,Yes,Returning Visitor,No,78,50,21,12,1198
4695,4695,ses4696,usd4696,2025-12-08,Tablet,Edge,iOS,Direct,Australia,Chennai,Pricing,Products,Yes,Returning Visitor,Yes,79,58,9,17,6510
4696,4696,ses4697,usd4697,2025-09-22,Tablet,Safari,Android,Direct,India,Singapore,Services,Pricing,No,Returning Visitor,No,96,36,3,8,2769
4697,4697,ses4698,usd4698,2025-07-29,Desktop,Safari,MacOS,Organic search,India,Bangalore,About us,Services,No,New Visitor,No,80,26,24,11,8843
4698,4698,ses4699,usd4699,2025-04-04,Tablet,Opera,Android,Social media,UK,New York,Contact,Services,Yes,New Visitor,Yes,5,12,16,21,7828
4699,4699,ses4700,usd4700,2025-07-31,Tablet,Chrome,Android,Social media,India,New York,Pricing,Pricing,No,New Visitor,Yes,66,49,7,30,163
4700,4700,ses4701,usd4701,2025-05-16,Mobile,Edge,Android,Direct,India,London,Products,Home,No,New Visitor,Yes,53,11,12,46,3014
4701,4701,ses4702,usd4702,2025-08-05,Desktop,Opera,MacOS,Direct,UK,Hyderabad,Services,Services,Yes,New Visitor,No,69,58,1,8,2127
4702,4702,ses4703,usd4703,2025-08-04,Tablet,Firefox,Linux,Email marketing,UK,London,Products,Home,No,Returning Visitor,No,42,12,24,8,7668
4703,4703,ses4704,usd4704,2025-05-08,Tablet,Edge,iOS,Referral,Canada,Sydney,Pricing,Pricing,Yes,New Visitor,Yes,10,54,16,34,8860
4704,4704,ses4705,usd4705,2025-04-02,Desktop,Chrome,Windows,Organic search,UK,Mumbai,Home,Products,No,New Visitor,Yes,81,18,1,11,436
4705,4705,ses4706,usd4706,2025-09-25,Tablet,Edge,MacOS,Social media,Australia,Hyderabad,Home,Home,Yes,Returning Visitor,Yes,93,13,17,26,5847
4706,4706,ses4707,usd4707,2025-03-25,Tablet,Edge,Android,Direct,UK,Hyderabad,Blog,Home,Yes,Returning Visitor,Yes,90,19,13,37,4146
4707,4707,ses4708,usd4708,2025-06-03,Desktop,Safari,iOS,Social media,Germany,Hyderabad,Pricing,Blog,No,Returning Visitor,Yes,65,16,1,18,6723
4708,4708,ses4709,usd4709,2025-06-09,Tablet,Firefox,iOS,Paid search,US,New York,Contact,Pricing,Yes,New Visitor,Yes,20,51,19,5,4790
4709,4709,ses4710,usd4710,2025-08-13,Tablet,Firefox,Windows,Referral,Germany,New York,Home,Products,No,New Visitor,Yes,96,48,3,33,3819
4710,4710,ses4711,usd4711,2025-04-24,Mobile,Safari,Android,Paid search,India,London,Products,Home,Yes,New Visitor,No,47,18,5,4,5087
4711,4711,ses4712,usd4712,2025-03-25,Tablet,Chrome,iOS,Social media,Australia,Hyderabad,Pricing,Pricing,No,Returning Visitor,No,78,22,2,23,285
4712,4712,ses4713,usd4713,2025-05-07,Desktop,Edge,MacOS,Paid search,India,London,Pricing,Services,No,New Visitor,Yes,65,16,24,32,1121
4713,4713,ses4714,usd4714,2025-08-09,Desktop,Firefox,iOS,Organic search,Australia,Delhi,Login,Contact,No,Returning Visitor,Yes,1,9,20,19,8625
4714,4714,ses4715,usd4715,2025-08-22,Tablet,Safari,Windows,Social media,US,London,Home,Contact,Yes,New Visitor,Yes,80,55,11,39,6792
4715,4715,ses4716,usd4716,2025-02-12,Mobile,Opera,MacOS,Paid search,UK,Mumbai,Contact,Contact,Yes,New Visitor,No,38,53,10,32,124
4716,4716,ses4717,usd4717,2025-03-24,Tablet,Opera,Linux,Referral,UK,New York,Pricing,Contact,No,Returning Visitor,No,58,12,2,26,5494
4717,4717,ses4718,usd4718,2025-05-19,Desktop,Chrome,Android,Paid search,US,Delhi,Pricing,Home,No,Returning Visitor,No,53,53,15,46,6730
4718,4718,ses4719,usd4719,2025-09-17,Tablet,Firefox,Windows,Organic search,India,Delhi,Login,Home,No,New Visitor,No,29,8,24,48,8166
4719,4719,ses4720,usd4720,2025-10-07,Mobile,Chrome,iOS,Organic search,US,Sydney,About us,Products,No,Returning Visitor,Yes,75,20,12,47,4583
4720,4720,ses4721,usd4721,2025-06-12,Mobile,Opera,iOS,Direct,Singapore,Hyderabad,About us,Products,No,Returning Visitor,Yes,17,26,20,3,3070
4721,4721,ses4722,usd4722,2025-12-21,Desktop,Safari,Android,Social media,Australia,Mumbai,Login,Blog,Yes,New Visitor,No,21,41,19,30,430
4722,4722,ses4723,usd4723,2025-12-25,Mobile,Chrome,iOS,Direct,India,Hyderabad,Products,Blog,No,New Visitor,Yes,83,57,16,11,743
4723,4723,ses4724,usd4724,2025-04-05,Mobile,Firefox,iOS,Paid search,Singapore,Singapore,Login,Services,No,Returning Visitor,Yes,95,6,10,7,685
4724,4724,ses4725,usd4725,2025-10-27,Tablet,Opera,Windows,Email marketing,Singapore,London,Login,Contact,Yes,Returning Visitor,Yes,35,50,12,10,9195
4725,4725,ses4726,usd4726,2025-07-16,Desktop,Safari,Android,Direct,Australia,Mumbai,Services,Products,No,Returning Visitor,No,85,53,14,39,5264
4726,4726,ses4727,usd4727,2025-01-12,Desktop,Firefox,Android,Social media,Germany,Mumbai,Products,Products,Yes,Returning Visitor,No,10,42,5,37,8676
4727,4727,ses4728,usd4728,2025-08-12,Desktop,Firefox,Windows,Email marketing,Australia,London,Contact,Home,Yes,Returning Visitor,No,72,46,3,40,583
4728,4728,ses4729,usd4729,2025-06-21,Mobile,Chrome,Windows,Email marketing,Singapore,Delhi,Products,Contact,No,New Visitor,No,61,53,2,22,4594
4729,4729,ses4730,usd4730,2025-02-13,Mobile,Edge,Android,Organic search,UK,Chennai,Services,Contact,Yes,New Visitor,Yes,59,11,11,40,891
4730,4730,ses4731,usd4731,2025-12-08,Tablet,Opera,Linux,Paid search,Canada,Chennai,Blog,Services,No,New Visitor,No,35,22,9,37,5534
4731,4731,ses4732,usd4732,2025-12-12,Mobile,Firefox,Android,Social media,Singapore,Chennai,Login,Contact,No,Returning Visitor,No,90,35,11,28,3246
4732,4732,ses4733,usd4733,2025-05-13,Mobile,Edge,Windows,Social media,India,Hyderabad,Contact,Contact,Yes,Returning Visitor,Yes,83,15,3,4,9831
4733,4733,ses4734,usd4734,2025-02-02,Desktop,Firefox,MacOS,Social media,UK,Sydney,About us,Contact,Yes,New Visitor,No,25,31,6,15,1252
4734,4734,ses4735,usd4735,2025-06-23,Desktop,Safari,iOS,Direct,Australia,Mumbai,Login,Services,Yes,Returning Visitor,Yes,53,45,1,44,8984
4735,4735,ses4736,usd4736,2025-08-25,Tablet,Edge,iOS,Email marketing,Germany,Mumbai,About us,Home,Yes,Returning Visitor,Yes,70,20,19,35,5065
4736,4736,ses4737,usd4737,2025-07-27,Desktop,Opera,Windows,Organic search,Singapore,London,Home,Home,Yes,Returning Visitor,Yes,41,11,7,44,8360
4737,4737,ses4738,usd4738,2025-09-20,Mobile,Edge,Linux,Email marketing,India,London,Home,Contact,Yes,New Visitor,Yes,67,36,22,31,3595
4738,4738,ses4739,usd4739,2025-06-08,Mobile,Safari,Windows,Paid search,Canada,London,Pricing,Home,No,New Visitor,No,6,56,1,37,4931
4739,4739,ses4740,usd4740,2025-07-19,Desktop,Edge,Android,Email marketing,Canada,Hyderabad,Pricing,Products,No,Returning Visitor,No,84,8,18,28,5106
4740,4740,ses4741,usd4741,2025-11-29,Mobile,Firefox,Windows,Organic search,Canada,Singapore,Login,Contact,Yes,Returning Visitor,No,15,12,7,3,2345
4741,4741,ses4742,usd4742,2025-02-18,Tablet,Firefox,Windows,Paid search,UK,Delhi,Services,Products,No,Returning Visitor,No,1,13,23,4,5912
4742,4742,ses4743,usd4743,2025-03-14,Tablet,Opera,Windows,Social media,US,Hyderabad,Login,Contact,No,New Visitor,No,36,28,16,27,2703
4743,4743,ses4744,usd4744,2025-02-11,Tablet,Edge,Android,Referral,UK,New York,About us,Contact,Yes,New Visitor,No,84,54,20,46,2509
4744,4744,ses4745,usd4745,2025-01-02,Tablet,Edge,Windows,Organic search,India,Chennai,Login,Contact,Yes,Returning Visitor,Yes,95,58,21,1,1819
4745,4745,ses4746,usd4746,2025-11-15,Desktop,Edge,MacOS,Direct,US,Chennai,Login,Products,Yes,New Visitor,No,83,2,19,47,1557
4746,4746,ses4747,usd4747,2025-11-11,Mobile,Firefox,Linux,Organic search,India,Chennai,Blog,Products,Yes,Returning Visitor,Yes,3,14,5,47,6527
4747,4747,ses4748,usd4748,2025-07-31,Mobile,Edge,Android,Direct,Canada,Chennai,About us,Services,Yes,Returning Visitor,Yes,13,43,19,46,5231
4748,4748,ses4749,usd4749,2025-06-13,Mobile,Firefox,Linux,Email marketing,Canada,London,Services,Home,Yes,New Visitor,Yes,16,56,18,29,1906
4749,4749,ses4750,usd4750,2025-01-22,Tablet,Chrome,Linux,Email marketing,Singapore,New York,Home,Contact,Yes,Returning Visitor,No,17,58,18,47,5720
4750,4750,ses4751,usd4751,2025-07-24,Tablet,Chrome,Android,Organic search,Australia,Mumbai,Contact,Products,No,New Visitor,Yes,96,2,4,42,6888
4751,4751,ses4752,usd4752,2025-10-12,Tablet,Firefox,MacOS,Social media,Germany,Hyderabad,Services,Services,No,Returning Visitor,No,4,45,5,7,1897
4752,4752,ses4753,usd4753,2025-07-15,Tablet,Chrome,MacOS,Direct,Germany,London,Home,Pricing,No,Returning Visitor,Yes,28,43,2,38,2210
4753,4753,ses4754,usd4754,2025-02-27,Mobile,Chrome,Android,Referral,Canada,Chennai,Pricing,Contact,Yes,New Visitor,No,83,50,21,23,1600
4754,4754,ses4755,usd4755,2025-11-30,Mobile,Safari,Linux,Organic search,Singapore,Delhi,About us,Pricing,Yes,Returning Visitor,Yes,31,21,16,8,7074
4755,4755,ses4756,usd4756,2025-01-02,Desktop,Safari,Android,Referral,Germany,New York,Blog,Pricing,No,New Visitor,No,59,9,19,20,16
4756,4756,ses4757,usd4757,2025-03-26,Desktop,Edge,MacOS,Direct,Canada,Mumbai,Products,Pricing,Yes,Returning Visitor,Yes,14,20,23,7,6232
4757,4757,ses4758,usd4758,2025-05-21,Mobile,Safari,MacOS,Direct,Singapore,Delhi,Pricing,Home,No,Returning Visitor,No,20,39,19,29,8121
4758,4758,ses4759,usd4759,2025-06-12,Tablet,Safari,Linux,Organic search,UK,Bangalore,About us,Blog,Yes,Returning Visitor,No,8,25,4,31,7931
4759,4759,ses4760,usd4760,2025-02-28,Desktop,Chrome,Android,Paid search,Canada,Chennai,Contact,Contact,Yes,New Visitor,No,57,37,19,29,4376
4760,4760,ses4761,usd4761,2025-05-31,Desktop,Safari,MacOS,Paid search,UK,New York,Blog,Pricing,Yes,New Visitor,No,62,48,21,18,9527
4761,4761,ses4762,usd4762,2025-06-30,Mobile,Chrome,Windows,Email marketing,Germany,London,Login,Contact,No,Returning Visitor,No,58,48,4,19,3929
4762,4762,ses4763,usd4763,2025-03-27,Tablet,Edge,MacOS,Organic search,Singapore,New York,Services,Home,Yes,New Visitor,No,41,37,18,2,7486
4763,4763,ses4764,usd4764,2025-11-29,Tablet,Chrome,iOS,Referral,US,Mumbai,Pricing,Contact,No,Returning Visitor,No,12,41,13,9,829
4764,4764,ses4765,usd4765,2025-05-10,Tablet,Opera,iOS,Paid search,Canada,Mumbai,Blog,Home,Yes,New Visitor,Yes,58,37,16,6,7669
4765,4765,ses4766,usd4766,2025-03-26,Desktop,Safari,MacOS,Direct,Germany,Hyderabad,About us,Contact,No,New Visitor,No,99,25,14,46,5631
4766,4766,ses4767,usd4767,2025-11-26,Desktop,Opera,Android,Referral,India,Chennai,Services,Pricing,Yes,Returning Visitor,No,59,28,20,46,813
4767,4767,ses4768,usd4768,2025-03-08,Mobile,Safari,Windows,Direct,Canada,Singapore,Contact,Blog,No,New Visitor,Yes,24,6,11,46,6391
4768,4768,ses4769,usd4769,2025-01-14,Mobile,Edge,Android,Organic search,UK,London,Pricing,Blog,Yes,Returning Visitor,Yes,87,33,24,26,2085
4769,4769,ses4770,usd4770,2025-06-18,Tablet,Chrome,Linux,Direct,Canada,Hyderabad,Pricing,Home,No,Returning Visitor,No,28,53,15,16,6916
4770,4770,ses4771,usd4771,2025-12-27,Tablet,Opera,Linux,Direct,Australia,Singapore,About us,Contact,No,Returning Visitor,Yes,25,55,16,7,1353
4771,4771,ses4772,usd4772,2025-06-09,Desktop,Chrome,MacOS,Direct,Germany,Bangalore,Products,Contact,No,New Visitor,Yes,5,17,21,29,6386
4772,4772,ses4773,usd4773,2025-10-18,Tablet,Firefox,MacOS,Organic search,Germany,London,Blog,Pricing,No,New Visitor,No,34,14,6,34,2476
4773,4773,ses4774,usd4774,2025-09-22,Mobile,Firefox,iOS,Paid search,Germany,Singapore,About us,Pricing,No,Returning Visitor,No,69,47,13,24,7820
4774,4774,ses4775,usd4775,2025-03-21,Tablet,Chrome,Linux,Referral,Australia,Delhi,Products,Pricing,No,New Visitor,Yes,89,47,9,2,2174
4775,4775,ses4776,usd4776,2026-01-01,Mobile,Opera,Windows,Paid search,Australia,Singapore,Pricing,Products,Yes,New Visitor,Yes,49,13,23,7,2481
4776,4776,ses4777,usd4777,2025-08-12,Tablet,Opera,MacOS,Referral,Germany,Sydney,Blog,Services,No,New Visitor,Yes,55,49,12,39,6646
4777,4777,ses4778,usd4778,2025-02-22,Mobile,Edge,Android,Referral,UK,Delhi,Contact,Products,No,New Visitor,Yes,8,59,13,15,758
4778,4778,ses4779,usd4779,2025-07-13,Tablet,Edge,Android,Paid search,US,Hyderabad,Home,Services,Yes,Returning Visitor,No,78,56,6,21,1855
4779,4779,ses4780,usd4780,2025-06-17,Desktop,Firefox,iOS,Organic search,UK,Sydney,Products,Contact,No,Returning Visitor,No,51,38,14,8,9936
4780,4780,ses4781,usd4781,2025-06-14,Mobile,Firefox,MacOS,Email marketing,Canada,New York,Home,Contact,No,Returning Visitor,No,39,50,17,21,2855
4781,4781,ses4782,usd4782,2025-03-21,Mobile,Safari,Windows,Organic search,Australia,Hyderabad,About us,Contact,No,New Visitor,No,54,20,23,1,1023
4782,4782,ses4783,usd4783,2025-05-26,Desktop,Opera,Android,Email marketing,UK,Mumbai,Contact,Products,Yes,New Visitor,Yes,80,37,8,2,4234
4783,4783,ses4784,usd4784,2025-06-27,Mobile,Opera,Windows,Direct,Canada,Delhi,Login,Services,No,New Visitor,Yes,98,19,15,37,4929
4784,4784,ses4785,usd4785,2025-01-14,Desktop,Opera,Windows,Organic search,Germany,Chennai,Home,Services,Yes,New Visitor,Yes,27,40,22,32,991
4785,4785,ses4786,usd4786,2025-07-29,Desktop,Opera,MacOS,Social media,US,Singapore,Products,Services,No,New Visitor,Yes,87,16,6,36,6610
4786,4786,ses4787,usd4787,2025-04-19,Desktop,Safari,Windows,Email marketing,US,Mumbai,About us,Contact,No,Returning Visitor,Yes,31,16,16,40,5619
4787,4787,ses4788,usd4788,2025-06-29,Tablet,Edge,Windows,Email marketing,Australia,Sydney,Contact,Pricing,No,New Visitor,No,47,17,18,25,6288
4788,4788,ses4789,usd4789,2025-01-22,Tablet,Opera,Linux,Direct,Singapore,Chennai,Contact,Home,No,Returning Visitor,No,9,16,8,12,3087
4789,4789,ses4790,usd4790,2025-12-02,Mobile,Edge,Linux,Direct,Singapore,Hyderabad,Blog,Pricing,No,Returning Visitor,Yes,41,52,23,33,5615
4790,4790,ses4791,usd4791,2025-12-14,Mobile,Firefox,Android,Referral,India,Singapore,About us,Home,No,Returning Visitor,Yes,31,12,12,49,8482
4791,4791,ses4792,usd4792,2025-04-12,Desktop,Opera,iOS,Referral,Germany,London,Contact,Contact,Yes,New Visitor,Yes,45,58,12,28,7454
4792,4792,ses4793,usd4793,2025-04-10,Desktop,Edge,Android,Direct,US,London,Home,Contact,Yes,Returning Visitor,No,42,12,16,29,1576
4793,4793,ses4794,usd4794,2025-12-20,Mobile,Safari,Windows,Email marketing,Australia,Delhi,About us,Products,No,New Visitor,No,66,43,17,49,5830
4794,4794,ses4795,usd4795,2025-02-10,Tablet,Chrome,Windows,Paid search,India,Chennai,About us,Products,Yes,New Visitor,Yes,86,53,14,29,4842
4795,4795,ses4796,usd4796,2025-04-09,Mobile,Firefox,MacOS,Social media,Singapore,New York,Login,Blog,No,New Visitor,No,12,34,11,49,2639
4796,4796,ses4797,usd4797,2025-11-26,Tablet,Edge,Windows,Direct,US,Sydney,Login,Products,No,New Visitor,Yes,39,34,11,12,2526
4797,4797,ses4798,usd4798,2025-09-27,Tablet,Edge,iOS,Email marketing,UK,Mumbai,Home,Blog,Yes,New Visitor,Yes,45,32,7,42,124
4798,4798,ses4799,usd4799,2025-07-19,Desktop,Safari,Linux,Organic search,US,Mumbai,Contact,Pricing,No,New Visitor,No,60,23,20,43,529
4799,4799,ses4800,usd4800,2025-06-22,Mobile,Safari,Android,Email marketing,Germany,Delhi,Services,Contact,No,New Visitor,Yes,96,56,19,49,5878
4800,4800,ses4801,usd4801,2025-05-06,Desktop,Chrome,MacOS,Social media,Singapore,Hyderabad,About us,Contact,No,New Visitor,No,64,16,20,6,3322
4801,4801,ses4802,usd4802,2025-12-26,Desktop,Edge,Android,Organic search,Australia,Hyderabad,Blog,Home,No,New Visitor,Yes,69,49,16,8,6124
4802,4802,ses4803,usd4803,2025-08-14,Desktop,Edge,Android,Paid search,UK,Chennai,Home,Home,Yes,Returning Visitor,Yes,49,39,1,11,5554
4803,4803,ses4804,usd4804,2025-10-11,Tablet,Edge,Windows,Email marketing,Canada,Chennai,Pricing,Services,No,New Visitor,Yes,39,58,24,43,5401
4804,4804,ses4805,usd4805,2025-01-24,Mobile,Safari,Linux,Organic search,Canada,New York,Blog,Products,Yes,New Visitor,Yes,20,30,6,18,9133
4805,4805,ses4806,usd4806,2025-01-19,Desktop,Opera,Android,Paid search,Germany,Sydney,Home,Products,Yes,Returning Visitor,Yes,21,31,1,14,2358
4806,4806,ses4807,usd4807,2025-08-22,Tablet,Chrome,Android,Direct,US,London,Contact,Contact,No,New Visitor,Yes,55,28,19,37,3817
4807,4807,ses4808,usd4808,2025-10-13,Mobile,Firefox,MacOS,Direct,Germany,Mumbai,About us,Blog,No,New Visitor,No,36,26,22,44,4950
4808,4808,ses4809,usd4809,2025-11-03,Mobile,Chrome,Windows,Direct,US,Singapore,Products,Pricing,No,Returning Visitor,No,95,46,17,19,6020
4809,4809,ses4810,usd4810,2025-08-19,Desktop,Safari,Windows,Email marketing,India,Singapore,Login,Blog,No,New Visitor,Yes,40,3,24,40,1050
4810,4810,ses4811,usd4811,2025-04-12,Desktop,Safari,Windows,Direct,Australia,New York,Login,Pricing,Yes,Returning Visitor,No,23,23,4,15,7153
4811,4811,ses4812,usd4812,2025-11-13,Tablet,Firefox,MacOS,Email marketing,UK,London,Services,Contact,No,Returning Visitor,No,20,52,23,36,7707
4812,4812,ses4813,usd4813,2025-01-22,Tablet,Firefox,Windows,Referral,US,Hyderabad,Blog,Blog,No,Returning Visitor,Yes,33,42,16,7,2401
4813,4813,ses4814,usd4814,2025-07-23,Mobile,Safari,MacOS,Direct,Australia,Hyderabad,Blog,Contact,No,New Visitor,Yes,83,37,3,7,5681
4814,4814,ses4815,usd4815,2025-11-11,Desktop,Chrome,Android,Organic search,Australia,New York,Services,Blog,No,Returning Visitor,Yes,51,47,3,24,2746
4815,4815,ses4816,usd4816,2025-04-16,Mobile,Firefox,MacOS,Direct,Germany,Hyderabad,Home,Contact,No,Returning Visitor,Yes,68,42,23,17,2770
4816,4816,ses4817,usd4817,2025-10-03,Mobile,Safari,Linux,Organic search,Singapore,New York,Products,Pricing,Yes,New Visitor,No,46,6,5,40,7164
4817,4817,ses4818,usd4818,2025-12-01,Tablet,Opera,Android,Direct,UK,Mumbai,Products,Products,Yes,Returning Visitor,No,93,54,2,1,9689
4818,4818,ses4819,usd4819,2025-03-06,Tablet,Opera,iOS,Organic search,UK,London,Home,Pricing,No,Returning Visitor,No,93,10,9,44,1098
4819,4819,ses4820,usd4820,2025-07-06,Tablet,Safari,MacOS,Email marketing,Singapore,Bangalore,Login,Products,No,New Visitor,No,91,3,14,34,9883
4820,4820,ses4821,usd4821,2025-09-13,Tablet,Chrome,iOS,Referral,Germany,Sydney,Services,Products,No,Returning Visitor,Yes,84,39,17,28,4149
4821,4821,ses4822,usd4822,2025-07-30,Mobile,Chrome,iOS,Email marketing,Singapore,Chennai,Services,Blog,No,New Visitor,Yes,54,20,9,32,3705
4822,4822,ses4823,usd4823,2025-05-11,Tablet,Chrome,MacOS,Organic search,UK,London,Products,Blog,Yes,New Visitor,Yes,22,2,24,17,9280
4823,4823,ses4824,usd4824,2025-12-29,Mobile,Firefox,Windows,Paid search,Canada,Singapore,Products,Contact,Yes,Returning Visitor,No,24,21,7,28,2611
4824,4824,ses4825,usd4825,2025-03-09,Tablet,Safari,MacOS,Direct,Germany,Chennai,Pricing,Products,No,New Visitor,Yes,86,15,20,19,3260
4825,4825,ses4826,usd4826,2025-12-26,Desktop,Firefox,Windows,Paid search,US,Singapore,About us,Contact,Yes,New Visitor,No,83,4,18,4,6208
4826,4826,ses4827,usd4827,2025-03-28,Desktop,Firefox,iOS,Organic search,India,Delhi,Contact,Blog,No,New Visitor,No,23,28,15,27,2626
4827,4827,ses4828,usd4828,2025-10-20,Mobile,Chrome,MacOS,Direct,Singapore,Chennai,Home,Home,No,Returning Visitor,No,83,44,21,18,9420
4828,4828,ses4829,usd4829,2025-12-25,Mobile,Chrome,Android,Email marketing,Singapore,Hyderabad,About us,Pricing,Yes,New Visitor,Yes,76,54,22,16,3281
4829,4829,ses4830,usd4830,2025-04-01,Desktop,Edge,Windows,Referral,UK,Chennai,About us,Home,Yes,New Visitor,No,64,7,12,13,6710
4830,4830,ses4831,usd4831,2025-12-06,Mobile,Safari,Android,Social media,India,Singapore,Pricing,Contact,No,Returning Visitor,No,69,40,3,31,2456
4831,4831,ses4832,usd4832,2025-04-22,Desktop,Opera,Linux,Paid search,UK,Delhi,Home,Pricing,No,Returning Visitor,No,24,59,6,44,7367
4832,4832,ses4833,usd4833,2025-08-02,Desktop,Safari,iOS,Direct,Canada,London,Products,Home,Yes,Returning Visitor,Yes,73,46,24,1,9545
4833,4833,ses4834,usd4834,2025-03-21,Tablet,Firefox,iOS,Paid search,Canada,Hyderabad,Home,Home,No,New Visitor,Yes,75,16,1,39,9647
4834,4834,ses4835,usd4835,2025-11-18,Tablet,Opera,Linux,Paid search,Germany,Delhi,Products,Pricing,No,New Visitor,Yes,88,33,12,34,6999
4835,4835,ses4836,usd4836,2025-12-16,Mobile,Opera,Android,Paid search,Australia,Chennai,Products,Products,No,Returning Visitor,Yes,14,50,14,33,3554
4836,4836,ses4837,usd4837,2025-04-06,Mobile,Edge,Android,Paid search,UK,Chennai,Services,Contact,No,New Visitor,No,74,21,12,12,3593
4837,4837,ses4838,usd4838,2025-01-06,Desktop,Safari,Windows,Social media,Canada,Hyderabad,Pricing,Contact,Yes,New Visitor,Yes,11,38,4,34,5400
4838,4838,ses4839,usd4839,2025-09-08,Desktop,Safari,Linux,Direct,India,London,Pricing,Contact,Yes,New Visitor,No,60,42,8,22,6994
4839,4839,ses4840,usd4840,2025-12-04,Mobile,Firefox,Android,Organic search,Canada,London,Services,Home,No,New Visitor,No,15,22,16,29,197
4840,4840,ses4841,usd4841,2025-10-20,Mobile,Opera,Linux,Social media,Singapore,Mumbai,Home,Services,No,New Visitor,No,29,11,10,12,3453
4841,4841,ses4842,usd4842,2025-03-01,Desktop,Chrome,Android,Paid search,Singapore,Mumbai,Login,Home,Yes,New Visitor,No,38,48,23,17,6867
4842,4842,ses4843,usd4843,2025-02-20,Tablet,Opera,Linux,Direct,US,London,Home,Contact,No,Returning Visitor,Yes,37,51,7,17,8942
4843,4843,ses4844,usd4844,2025-05-21,Mobile,Chrome,iOS,Organic search,Canada,Chennai,Products,Pricing,No,New Visitor,Yes,15,52,17,22,112
4844,4844,ses4845,usd4845,2025-02-08,Desktop,Safari,Windows,Email marketing,Singapore,Delhi,Login,Contact,Yes,New Visitor,Yes,43,59,10,31,8476
4845,4845,ses4846,usd4846,2025-12-15,Tablet,Edge,Windows,Direct,Singapore,Chennai,Contact,Services,Yes,New Visitor,No,13,40,24,40,9630
4846,4846,ses4847,usd4847,2025-02-04,Mobile,Chrome,iOS,Referral,Canada,Singapore,Contact,Contact,Yes,Returning Visitor,Yes,85,32,21,3,9671
4847,4847,ses4848,usd4848,2025-03-22,Tablet,Edge,Windows,Direct,Canada,Mumbai,Home,Services,No,New Visitor,No,44,11,15,48,6400
4848,4848,ses4849,usd4849,2025-06-23,Desktop,Firefox,Windows,Email marketing,Canada,Chennai,Blog,Blog,Yes,Returning Visitor,Yes,58,3,1,23,6568
4849,4849,ses4850,usd4850,2025-09-24,Mobile,Safari,Android,Referral,US,New York,Pricing,Services,Yes,New Visitor,Yes,78,21,23,6,4397
4850,4850,ses4851,usd4851,2025-04-05,Mobile,Edge,Windows,Social media,US,Delhi,Products,Pricing,Yes,New Visitor,Yes,29,40,5,17,2646
4851,4851,ses4852,usd4852,2025-10-05,Desktop,Chrome,Windows,Social media,India,Chennai,Login,Blog,No,New Visitor,No,92,48,1,17,9567
4852,4852,ses4853,usd4853,2025-04-29,Desktop,Chrome,Linux,Paid search,US,Bangalore,Services,Home,No,New Visitor,No,44,35,13,45,9979
4853,4853,ses4854,usd4854,2025-07-31,Tablet,Opera,MacOS,Email marketing,Germany,London,Home,Home,Yes,New Visitor,Yes,86,50,19,5,9359
4854,4854,ses4855,usd4855,2025-06-08,Tablet,Firefox,Windows,Organic search,US,Bangalore,Blog,Contact,Yes,New Visitor,No,79,7,23,15,3961
4855,4855,ses4856,usd4856,2025-05-09,Desktop,Edge,Windows,Direct,Canada,London,Login,Blog,Yes,Returning Visitor,No,38,30,22,15,3621
4856,4856,ses4857,usd4857,2025-12-01,Tablet,Safari,Android,Direct,India,Singapore,Contact,Home,Yes,New Visitor,Yes,31,43,1,7,9620
4857,4857,ses4858,usd4858,2025-09-06,Desktop,Safari,Android,Organic search,Canada,New York,Services,Blog,No,New Visitor,No,77,1,6,15,9549
4858,4858,ses4859,usd4859,2025-12-10,Desktop,Chrome,MacOS,Social media,Canada,Bangalore,About us,Home,Yes,New Visitor,No,89,31,6,35,3274
4859,4859,ses4860,usd4860,2025-04-10,Desktop,Safari,MacOS,Referral,US,New York,Home,Products,Yes,New Visitor,No,78,57,24,33,5321
4860,4860,ses4861,usd4861,2025-09-25,Tablet,Opera,Android,Organic search,US,New York,Products,Blog,Yes,New Visitor,No,74,45,3,3,2280
4861,4861,ses4862,usd4862,2025-02-01,Desktop,Edge,iOS,Referral,UK,Delhi,Contact,Home,Yes,Returning Visitor,No,32,47,21,10,8231
4862,4862,ses4863,usd4863,2025-02-27,Mobile,Edge,Linux,Social media,Canada,Hyderabad,Contact,Products,Yes,Returning Visitor,Yes,65,43,16,29,368
4863,4863,ses4864,usd4864,2025-07-30,Desktop,Opera,Windows,Organic search,Australia,Sydney,Pricing,Services,No,Returning Visitor,No,8,10,2,13,7441
4864,4864,ses4865,usd4865,2025-05-24,Mobile,Safari,Android,Email marketing,US,New York,Login,Contact,No,Returning Visitor,Yes,85,6,6,8,8107
4865,4865,ses4866,usd4866,2025-02-15,Tablet,Opera,Windows,Organic search,US,Chennai,Products,Home,Yes,New Visitor,Yes,7,15,16,21,2359
4866,4866,ses4867,usd4867,2025-10-03,Tablet,Chrome,MacOS,Organic search,UK,Delhi,About us,Services,Yes,New Visitor,Yes,99,16,7,47,200
4867,4867,ses4868,usd4868,2025-09-29,Tablet,Firefox,Android,Referral,Canada,Singapore,Products,Pricing,Yes,Returning Visitor,Yes,19,6,14,7,7429
4868,4868,ses4869,usd4869,2025-12-19,Mobile,Safari,Android,Social media,Germany,Singapore,About us,Services,Yes,Returning Visitor,Yes,58,14,13,2,7579
4869,4869,ses4870,usd4870,2025-03-25,Tablet,Safari,iOS,Referral,UK,Sydney,About us,Products,Yes,New Visitor,No,50,15,16,37,7796
4870,4870,ses4871,usd4871,2025-10-02,Mobile,Edge,iOS,Referral,Germany,Hyderabad,Blog,Contact,Yes,New Visitor,No,46,54,11,14,2003
4871,4871,ses4872,usd4872,2025-07-21,Tablet,Edge,Windows,Email marketing,Singapore,Delhi,About us,Pricing,No,New Visitor,Yes,70,28,24,25,7800
4872,4872,ses4873,usd4873,2025-11-05,Tablet,Opera,Android,Organic search,US,Mumbai,Products,Contact,Yes,Returning Visitor,Yes,20,4,16,22,9250
4873,4873,ses4874,usd4874,2025-04-22,Tablet,Opera,iOS,Social media,Singapore,Mumbai,Services,Services,Yes,Returning Visitor,No,75,15,1,28,2719
4874,4874,ses4875,usd4875,2025-03-10,Tablet,Chrome,Linux,Organic search,Australia,Mumbai,About us,Products,Yes,New Visitor,No,54,18,6,47,3345
4875,4875,ses4876,usd4876,2025-05-08,Desktop,Opera,MacOS,Paid search,Germany,New York,Services,Home,No,New Visitor,Yes,92,51,14,29,5541
4876,4876,ses4877,usd4877,2025-05-30,Mobile,Chrome,MacOS,Referral,India,Sydney,Blog,Home,No,New Visitor,Yes,6,6,19,7,1727
4877,4877,ses4878,usd4878,2025-01-23,Desktop,Firefox,Windows,Direct,Germany,New York,About us,Pricing,No,Returning Visitor,No,43,36,23,30,2019
4878,4878,ses4879,usd4879,2025-05-22,Desktop,Chrome,MacOS,Referral,UK,Bangalore,About us,Home,No,New Visitor,No,1,9,17,4,2130
4879,4879,ses4880,usd4880,2025-05-10,Mobile,Chrome,iOS,Email marketing,Canada,Chennai,Pricing,Blog,No,New Visitor,No,37,56,2,26,2824
4880,4880,ses4881,usd4881,2025-05-25,Desktop,Edge,Android,Organic search,Canada,Chennai,Login,Blog,Yes,New Visitor,No,11,10,14,28,2002
4881,4881,ses4882,usd4882,2025-06-20,Desktop,Chrome,MacOS,Paid search,India,Bangalore,Pricing,Blog,No,New Visitor,Yes,2,38,16,4,5398
4882,4882,ses4883,usd4883,2025-08-10,Desktop,Firefox,MacOS,Email marketing,US,Bangalore,Products,Products,No,New Visitor,Yes,12,47,8,11,8429
4883,4883,ses4884,usd4884,2025-01-03,Mobile,Chrome,MacOS,Email marketing,US,Mumbai,Contact,Contact,Yes,New Visitor,Yes,22,56,1,23,8256
4884,4884,ses4885,usd4885,2025-07-12,Desktop,Chrome,Android,Social media,UK,Singapore,Blog,Blog,Yes,Returning Visitor,No,47,13,7,44,1150
4885,4885,ses4886,usd4886,2025-04-03,Tablet,Edge,Windows,Direct,Australia,New York,About us,Contact,No,Returning Visitor,No,65,40,13,5,2567
4886,4886,ses4887,usd4887,2025-04-15,Mobile,Firefox,MacOS,Organic search,India,Chennai,Pricing,Pricing,No,Returning Visitor,No,42,5,20,17,8243
4887,4887,ses4888,usd4888,2025-08-28,Desktop,Firefox,Windows,Direct,Canada,Delhi,Services,Products,Yes,Returning Visitor,Yes,93,26,8,31,4271
4888,4888,ses4889,usd4889,2025-06-16,Mobile,Safari,Android,Direct,Australia,Chennai,Login,Products,Yes,Returning Visitor,Yes,60,31,9,45,2432
4889,4889,ses4890,usd4890,2025-03-08,Mobile,Firefox,iOS,Referral,Germany,London,Blog,Blog,No,Returning Visitor,Yes,45,42,23,9,6529
4890,4890,ses4891,usd4891,2025-09-03,Tablet,Edge,Windows,Direct,UK,New York,Contact,Services,Yes,New Visitor,No,54,54,23,21,7054
4891,4891,ses4892,usd4892,2025-08-16,Desktop,Firefox,Linux,Referral,Australia,Singapore,About us,Contact,No,New Visitor,No,66,19,5,25,5153
4892,4892,ses4893,usd4893,2025-01-19,Tablet,Chrome,iOS,Organic search,Singapore,Mumbai,About us,Blog,Yes,Returning Visitor,No,55,49,4,45,1735
4893,4893,ses4894,usd4894,2025-06-11,Desktop,Safari,Linux,Direct,US,London,Products,Services,No,New Visitor,Yes,77,29,6,35,8332
4894,4894,ses4895,usd4895,2025-08-27,Mobile,Safari,Windows,Social media,Australia,New York,Home,Services,Yes,New Visitor,No,3,9,18,47,3209
4895,4895,ses4896,usd4896,2025-08-09,Tablet,Opera,Linux,Referral,UK,Mumbai,Services,Pricing,No,New Visitor,Yes,80,40,17,38,3280
4896,4896,ses4897,usd4897,2025-09-12,Mobile,Chrome,iOS,Organic search,India,Chennai,About us,Contact,No,New Visitor,Yes,46,21,8,17,4553
4897,4897,ses4898,usd4898,2025-04-18,Tablet,Safari,Linux,Direct,Australia,Delhi,Products,Contact,No,Returning Visitor,No,24,54,20,25,8450
4898,4898,ses4899,usd4899,2025-10-27,Desktop,Chrome,Windows,Direct,India,Mumbai,Services,Blog,No,New Visitor,Yes,68,20,10,41,3471
4899,4899,ses4900,usd4900,2025-12-08,Tablet,Safari,Windows,Referral,Singapore,New York,About us,Pricing,Yes,New Visitor,No,66,42,18,20,3978
4900,4900,ses4901,usd4901,2025-03-17,Mobile,Chrome,Android,Paid search,Canada,New York,Products,Services,Yes,New Visitor,No,26,7,17,8,1549
4901,4901,ses4902,usd4902,2025-09-25,Mobile,Safari,Windows,Direct,Singapore,Sydney,Home,Home,Yes,New Visitor,Yes,66,49,24,14,5272
4902,4902,ses4903,usd4903,2025-12-01,Tablet,Chrome,Windows,Paid search,US,Singapore,Home,Home,No,New Visitor,Yes,12,30,10,29,4522
4903,4903,ses4904,usd4904,2025-05-25,Tablet,Opera,iOS,Email marketing,India,Mumbai,About us,Contact,No,Returning Visitor,Yes,75,33,9,12,5311
4904,4904,ses4905,usd4905,2025-12-19,Desktop,Firefox,Android,Social media,UK,New York,Products,Services,No,Returning Visitor,Yes,52,22,11,6,7472
4905,4905,ses4906,usd4906,2025-12-15,Mobile,Safari,iOS,Email marketing,US,Chennai,About us,Blog,No,Returning Visitor,No,44,23,13,32,2963
4906,4906,ses4907,usd4907,2025-11-17,Desktop,Safari,Windows,Email marketing,Germany,Singapore,Pricing,Blog,Yes,New Visitor,Yes,25,24,1,46,926
4907,4907,ses4908,usd4908,2025-02-22,Tablet,Edge,Windows,Paid search,Australia,Singapore,Blog,Pricing,No,Returning Visitor,Yes,35,24,20,19,84
4908,4908,ses4909,usd4909,2025-10-30,Desktop,Opera,MacOS,Organic search,UK,Mumbai,Pricing,Pricing,No,Returning Visitor,No,33,59,10,11,469
4909,4909,ses4910,usd4910,2025-08-19,Mobile,Edge,Windows,Email marketing,UK,Chennai,Products,Pricing,No,New Visitor,No,68,21,2,11,4148
4910,4910,ses4911,usd4911,2025-10-22,Mobile,Chrome,iOS,Referral,UK,Bangalore,Home,Contact,Yes,Returning Visitor,Yes,93,21,6,14,4120
4911,4911,ses4912,usd4912,2025-07-25,Mobile,Opera,Linux,Organic search,India,Chennai,Home,Home,No,New Visitor,No,79,24,23,42,9038
4912,4912,ses4913,usd4913,2025-05-02,Mobile,Edge,MacOS,Referral,Singapore,Singapore,About us,Blog,No,New Visitor,No,28,23,18,30,5626
4913,4913,ses4914,usd4914,2025-02-06,Desktop,Safari,MacOS,Referral,Canada,Hyderabad,Services,Contact,Yes,New Visitor,Yes,54,6,17,44,9538
4914,4914,ses4915,usd4915,2025-12-26,Desktop,Firefox,iOS,Email marketing,Canada,Hyderabad,Pricing,Contact,No,Returning Visitor,Yes,21,35,11,30,3888
4915,4915,ses4916,usd4916,2025-09-02,Mobile,Firefox,iOS,Organic search,Germany,Sydney,Home,Services,Yes,New Visitor,Yes,96,40,15,9,4360
4916,4916,ses4917,usd4917,2025-03-26,Tablet,Safari,Windows,Organic search,US,Chennai,Home,Home,No,New Visitor,Yes,23,44,5,46,3711
4917,4917,ses4918,usd4918,2025-05-05,Mobile,Opera,iOS,Paid search,Germany,Delhi,Blog,Pricing,No,Returning Visitor,No,29,25,24,31,2830
4918,4918,ses4919,usd4919,2025-11-13,Mobile,Chrome,Linux,Social media,Canada,Hyderabad,About us,Pricing,Yes,Returning Visitor,Yes,85,9,10,27,1702
4919,4919,ses4920,usd4920,2025-06-29,Mobile,Firefox,Linux,Direct,Singapore,Delhi,Home,Contact,Yes,Returning Visitor,No,27,48,9,32,3752
4920,4920,ses4921,usd4921,2025-05-21,Tablet,Safari,Windows,Referral,Germany,London,Pricing,Contact,Yes,Returning Visitor,Yes,14,44,22,24,5579
4921,4921,ses4922,usd4922,2025-02-16,Tablet,Edge,Windows,Referral,Australia,London,Home,Products,No,Returning Visitor,No,3,55,21,5,73
4922,4922,ses4923,usd4923,2025-10-13,Mobile,Firefox,Android,Organic search,US,Sydney,Services,Contact,No,Returning Visitor,No,69,38,15,24,9211
4923,4923,ses4924,usd4924,2025-06-03,Mobile,Safari,Android,Organic search,Germany,Singapore,Blog,Blog,Yes,New Visitor,No,37,45,1,47,4564
4924,4924,ses4925,usd4925,2025-01-18,Tablet,Firefox,Android,Paid search,Germany,Delhi,Pricing,Pricing,No,Returning Visitor,Yes,9,9,14,16,3091
4925,4925,ses4926,usd4926,2025-05-11,Mobile,Opera,iOS,Referral,Canada,New York,About us,Blog,Yes,New Visitor,Yes,33,23,18,38,8193
4926,4926,ses4927,usd4927,2025-07-07,Desktop,Firefox,iOS,Direct,India,Hyderabad,Products,Pricing,Yes,New Visitor,Yes,43,37,5,19,5981
4927,4927,ses4928,usd4928,2025-10-18,Desktop,Opera,Android,Organic search,Germany,Chennai,Products,Blog,Yes,Returning Visitor,No,28,44,19,35,1911
4928,4928,ses4929,usd4929,2025-12-26,Mobile,Safari,iOS,Email marketing,Germany,Mumbai,Products,Contact,No,Returning Visitor,Yes,73,14,16,25,8830
4929,4929,ses4930,usd4930,2025-10-23,Mobile,Edge,iOS,Direct,Canada,Chennai,Products,Home,No,Returning Visitor,No,72,45,14,41,5920
4930,4930,ses4931,usd4931,2025-03-19,Desktop,Safari,iOS,Referral,UK,Singapore,Pricing,Contact,No,New Visitor,No,31,27,17,17,2994
4931,4931,ses4932,usd4932,2025-07-26,Desktop,Safari,iOS,Email marketing,Singapore,Hyderabad,Blog,Contact,No,Returning Visitor,No,20,24,8,39,2761
4932,4932,ses4933,usd4933,2025-12-17,Desktop,Firefox,Windows,Organic search,Canada,Sydney,Blog,Pricing,Yes,New Visitor,No,66,2,5,42,2992
4933,4933,ses4934,usd4934,2025-04-08,Mobile,Chrome,Linux,Email marketing,Australia,Hyderabad,Blog,Blog,No,Returning Visitor,No,49,15,13,30,2659
4934,4934,ses4935,usd4935,2025-07-07,Tablet,Chrome,Android,Organic search,Australia,Bangalore,Pricing,Blog,No,New Visitor,Yes,84,28,17,26,8805
4935,4935,ses4936,usd4936,2025-11-03,Mobile,Chrome,Android,Direct,Australia,Sydney,Home,Pricing,No,New Visitor,No,92,43,5,19,519
4936,4936,ses4937,usd4937,2025-09-04,Desktop,Safari,MacOS,Organic search,Germany,Mumbai,Blog,Contact,Yes,Returning Visitor,Yes,73,4,16,10,3741
4937,4937,ses4938,usd4938,2025-11-06,Mobile,Opera,Android,Paid search,US,New York,Pricing,Contact,No,New Visitor,Yes,33,17,23,5,8831
4938,4938,ses4939,usd4939,2025-11-22,Mobile,Opera,Android,Referral,UK,Singapore,Pricing,Services,Yes,Returning Visitor,No,75,57,19,11,6089
4939,4939,ses4940,usd4940,2025-01-13,Mobile,Edge,MacOS,Email marketing,Canada,Chennai,Pricing,Contact,Yes,Returning Visitor,No,35,15,18,49,9558
4940,4940,ses4941,usd4941,2025-02-26,Desktop,Firefox,Android,Organic search,Germany,Bangalore,Services,Contact,Yes,Returning Visitor,Yes,89,59,12,38,6777
4941,4941,ses4942,usd4942,2025-09-16,Desktop,Edge,Android,Social media,US,Sydney,Products,Services,No,Returning Visitor,Yes,3,14,23,23,5684
4942,4942,ses4943,usd4943,2025-04-03,Mobile,Safari,Linux,Email marketing,Australia,Mumbai,Contact,Products,Yes,New Visitor,No,17,9,22,3,344
4943,4943,ses4944,usd4944,2025-01-23,Mobile,Opera,Android,Referral,Australia,Bangalore,Pricing,Home,Yes,Returning Visitor,Yes,82,10,5,2,4307
4944,4944,ses4945,usd4945,2025-09-01,Desktop,Edge,MacOS,Organic search,UK,Delhi,Services,Blog,No,Returning Visitor,No,46,57,24,10,4039
4945,4945,ses4946,usd4946,2025-04-13,Mobile,Edge,iOS,Email marketing,Australia,Bangalore,Home,Blog,Yes,New Visitor,Yes,50,24,7,27,2279
4946,4946,ses4947,usd4947,2025-05-19,Desktop,Edge,Windows,Social media,UK,Mumbai,Products,Pricing,No,New Visitor,Yes,74,19,2,24,2117
4947,4947,ses4948,usd4948,2025-11-25,Mobile,Edge,Windows,Direct,Canada,Mumbai,Home,Home,Yes,Returning Visitor,Yes,71,14,7,35,5234
4948,4948,ses4949,usd4949,2025-12-28,Mobile,Opera,MacOS,Referral,UK,New York,Login,Blog,No,New Visitor,Yes,70,43,22,1,7337
4949,4949,ses4950,usd4950,2025-01-02,Desktop,Edge,MacOS,Email marketing,Germany,Delhi,Home,Pricing,Yes,New Visitor,Yes,79,7,18,46,3992
4950,4950,ses4951,usd4951,2025-03-06,Tablet,Chrome,MacOS,Organic search,India,Delhi,Pricing,Blog,No,Returning Visitor,Yes,59,48,12,40,55
4951,4951,ses4952,usd4952,2025-10-25,Tablet,Firefox,MacOS,Referral,India,Sydney,Blog,Services,No,Returning Visitor,No,47,15,1,43,4073
4952,4952,ses4953,usd4953,2025-02-22,Tablet,Safari,Linux,Organic search,Singapore,Bangalore,Contact,Services,No,New Visitor,No,38,58,3,3,3926
4953,4953,ses4954,usd4954,2025-09-18,Desktop,Safari,iOS,Paid search,Germany,Chennai,Pricing,Blog,No,New Visitor,Yes,10,41,1,35,889
4954,4954,ses4955,usd4955,2025-10-12,Desktop,Firefox,Linux,Email marketing,India,Mumbai,Login,Blog,No,New Visitor,Yes,34,56,8,11,984
4955,4955,ses4956,usd4956,2025-06-22,Tablet,Chrome,Linux,Organic search,Germany,Mumbai,Contact,Pricing,Yes,Returning Visitor,Yes,64,44,14,11,7266
4956,4956,ses4957,usd4957,2025-03-19,Mobile,Opera,MacOS,Social media,Australia,Hyderabad,Services,Contact,Yes,New Visitor,No,85,32,20,35,5131
4957,4957,ses4958,usd4958,2025-03-31,Desktop,Safari,MacOS,Social media,Singapore,Singapore,Login,Home,Yes,Returning Visitor,No,91,48,21,22,8848
4958,4958,ses4959,usd4959,2025-02-27,Desktop,Edge,Linux,Referral,US,Bangalore,Services,Blog,No,Returning Visitor,No,72,12,16,33,2484
4959,4959,ses4960,usd4960,2025-11-24,Desktop,Safari,Windows,Email marketing,UK,Hyderabad,Services,Pricing,Yes,Returning Visitor,No,78,34,9,21,2440
4960,4960,ses4961,usd4961,2025-11-05,Mobile,Firefox,iOS,Direct,Singapore,Sydney,Blog,Home,No,Returning Visitor,Yes,86,20,24,39,8932
4961,4961,ses4962,usd4962,2025-11-04,Desktop,Firefox,Android,Paid search,India,London,Services,Pricing,No,New Visitor,Yes,23,35,21,42,3124
4962,4962,ses4963,usd4963,2025-02-26,Desktop,Safari,iOS,Organic search,India,Singapore,About us,Products,Yes,Returning Visitor,No,71,17,6,11,1029
4963,4963,ses4964,usd4964,2025-03-22,Desktop,Chrome,Windows,Direct,India,Bangalore,Home,Products,No,New Visitor,Yes,4,30,24,41,5844
4964,4964,ses4965,usd4965,2025-03-14,Tablet,Safari,MacOS,Paid search,Germany,New York,Login,Services,No,New Visitor,Yes,13,3,2,18,1885
4965,4965,ses4966,usd4966,2025-06-11,Desktop,Chrome,Android,Referral,Germany,London,Pricing,Home,Yes,Returning Visitor,No,52,3,6,18,7435
4966,4966,ses4967,usd4967,2025-02-03,Desktop,Opera,Android,Social media,UK,Chennai,About us,Contact,No,New Visitor,No,59,41,2,42,933
4967,4967,ses4968,usd4968,2025-09-03,Tablet,Chrome,MacOS,Social media,India,New York,Pricing,Contact,No,Returning Visitor,Yes,45,22,3,9,3518
4968,4968,ses4969,usd4969,2025-12-07,Mobile,Firefox,Linux,Referral,UK,New York,Login,Services,Yes,Returning Visitor,No,16,38,22,25,9028
4969,4969,ses4970,usd4970,2025-07-25,Desktop,Firefox,Android,Direct,US,Hyderabad,Home,Services,Yes,New Visitor,Yes,3,14,18,46,9300
4970,4970,ses4971,usd4971,2025-08-07,Desktop,Chrome,Android,Direct,Singapore,Mumbai,Pricing,Home,Yes,New Visitor,Yes,97,55,9,22,3112
4971,4971,ses4972,usd4972,2025-11-12,Tablet,Firefox,iOS,Organic search,Singapore,Delhi,Home,Contact,No,Returning Visitor,Yes,37,1,18,6,2229
4972,4972,ses4973,usd4973,2025-05-13,Mobile,Chrome,Android,Referral,UK,Hyderabad,About us,Home,Yes,New Visitor,Yes,83,37,16,40,1409
4973,4973,ses4974,usd4974,2025-09-21,Mobile,Chrome,Linux,Organic search,UK,Chennai,Home,Home,Yes,Returning Visitor,No,8,41,14,16,5552
4974,4974,ses4975,usd4975,2025-02-03,Tablet,Safari,MacOS,Direct,Singapore,Singapore,Blog,Products,Yes,New Visitor,No,23,40,20,46,8078
4975,4975,ses4976,usd4976,2025-03-05,Mobile,Chrome,iOS,Referral,India,London,Products,Contact,No,Returning Visitor,Yes,37,29,16,11,5148
4976,4976,ses4977,usd4977,2025-05-27,Mobile,Safari,Linux,Organic search,Germany,Mumbai,Services,Contact,Yes,Returning Visitor,Yes,86,14,2,20,2552
4977,4977,ses4978,usd4978,2025-04-02,Tablet,Opera,iOS,Email marketing,Germany,Sydney,Services,Contact,No,New Visitor,Yes,38,18,8,41,2109
4978,4978,ses4979,usd4979,2025-07-10,Tablet,Chrome,MacOS,Social media,India,New York,Blog,Contact,No,New Visitor,Yes,89,26,5,40,1414
4979,4979,ses4980,usd4980,2025-08-30,Desktop,Edge,iOS,Email marketing,India,Delhi,Blog,Home,Yes,Returning Visitor,Yes,2,29,6,40,5948
4980,4980,ses4981,usd4981,2025-08-17,Desktop,Opera,MacOS,Referral,Canada,New York,About us,Products,Yes,Returning Visitor,No,83,21,21,1,7990
4981,4981,ses4982,usd4982,2025-08-16,Mobile,Opera,Linux,Organic search,Canada,Mumbai,Products,Home,Yes,New Visitor,No,4,54,11,34,131
4982,4982,ses4983,usd4983,2025-06-03,Desktop,Firefox,Linux,Social media,Germany,Mumbai,Home,Pricing,No,New Visitor,Yes,95,16,8,9,20
4983,4983,ses4984,usd4984,2025-07-30,Tablet,Chrome,Windows,Paid search,Germany,New York,Pricing,Home,No,New Visitor,Yes,34,12,23,42,6296
4984,4984,ses4985,usd4985,2025-02-14,Mobile,Safari,Linux,Social media,US,Delhi,Services,Pricing,No,Returning Visitor,No,26,12,22,22,5667
4985,4985,ses4986,usd4986,2025-06-01,Mobile,Firefox,Linux,Direct,US,New York,Home,Blog,No,New Visitor,Yes,49,7,21,47,6333
4986,4986,ses4987,usd4987,2025-08-30,Desktop,Chrome,Linux,Paid search,India,London,Login,Home,No,Returning Visitor,Yes,4,42,2,38,8417
4987,4987,ses4988,usd4988,2025-12-05,Desktop,Firefox,Linux,Email marketing,UK,Delhi,Blog,Blog,Yes,New Visitor,Yes,84,6,1,33,5263
4988,4988,ses4989,usd4989,2025-09-14,Tablet,Chrome,Android,Referral,UK,London,Services,Pricing,Yes,Returning Visitor,No,83,26,8,37,1880
4989,4989,ses4990,usd4990,2025-05-22,Desktop,Edge,Android,Direct,US,New York,Pricing,Home,Yes,Returning Visitor,No,54,27,14,21,7805
4990,4990,ses4991,usd4991,2025-08-18,Tablet,Firefox,Android,Referral,US,Singapore,Home,Contact,No,Returning Visitor,Yes,24,9,11,15,346
4991,4991,ses4992,usd4992,2025-03-17,Tablet,Opera,Linux,Direct,India,Delhi,Pricing,Services,Yes,Returning Visitor,Yes,71,6,19,44,9441
4992,4992,ses4993,usd4993,2025-05-05,Mobile,Safari,MacOS,Referral,US,Bangalore,Pricing,Contact,Yes,New Visitor,No,79,54,21,1,4122
4993,4993,ses4994,usd4994,2025-11-19,Mobile,Chrome,iOS,Organic search,Germany,Chennai,Contact,Products,No,New Visitor,No,89,26,5,27,5844
4994,4994,ses4995,usd4995,2025-03-01,Mobile,Opera,Android,Referral,UK,London,Home,Contact,No,New Visitor,Yes,79,37,11,32,348
4995,4995,ses4996,usd4996,2025-08-20,Desktop,Opera,Android,Email marketing,Germany,New York,Services,Blog,No,Returning Visitor,Yes,65,17,3,48,4706
4996,4996,ses4997,usd4997,2025-04-13,Tablet,Edge,Android,Social media,Canada,New York,Products,Services,No,New Visitor,Yes,40,55,3,48,46
4997,4997,ses4998,usd4998,2025-07-11,Desktop,Opera,MacOS,Direct,Singapore,Singapore,Pricing,Pricing,No,New Visitor,No,71,2,23,27,5799
4998,4998,ses4999,usd4999,2025-04-23,Desktop,Edge,Windows,Organic search,Australia,Singapore,Contact,Blog,Yes,New Visitor,No,64,58,9,32,9152
4999,4999,ses5000,usd5000,2025-01-19,Desktop,Firefox,iOS,Social media,UK,London,Home,Pricing,Yes,New Visitor,No,27,3,1,35,8860
